[23Mar2025 15:21:19.346] [main/INFO] [cpw.mods.modlauncher.Launcher/MODLAUNCHER]: ModLauncher running: args [--launchTarget, forgeserver, --fml.forgeVersion, 47.3.7, --fml.mcVersion, 1.20.1, --fml.forgeGroup, net.minecraftforge, --fml.mcpVersion, 20230612.114412, nogui]
[23Mar2025 15:21:19.350] [main/INFO] [cpw.mods.modlauncher.Launcher/MODLAUNCHER]: ModLauncher 10.0.9+10.0.9+main.dcd20f30 starting: java version 17.0.14 by Ubuntu; OS Linux arch amd64 version 6.8.0-1021-azure
[23Mar2025 15:21:19.373] [main/DEBUG] [cpw.mods.modlauncher.LaunchServiceHandler/MODLAUNCHER]: Found launch services [fmlclientdev,forgeclient,minecraft,forgegametestserverdev,fmlserveruserdev,fmlclient,fmldatauserdev,forgeserverdev,forgeserveruserdev,forgeclientdev,forgeclientuserdev,forgeserver,forgedatadev,fmlserver,fmlclientuserdev,fmlserverdev,forgedatauserdev,testharness,forgegametestserveruserdev]
[23Mar2025 15:21:19.385] [main/DEBUG] [cpw.mods.modlauncher.NameMappingServiceHandler/MODLAUNCHER]: Found naming services : [srgtomcp]
[23Mar2025 15:21:19.400] [main/DEBUG] [cpw.mods.modlauncher.LaunchPluginHandler/MODLAUNCHER]: Found launch plugins: [mixin,eventbus,slf4jfixer,object_holder_definalize,runtime_enum_extender,capability_token_subclass,accesstransformer,runtimedistcleaner]
[23Mar2025 15:21:19.411] [main/DEBUG] [cpw.mods.modlauncher.TransformationServicesHandler/MODLAUNCHER]: Discovering transformation services
[23Mar2025 15:21:19.415] [main/DEBUG] [net.minecraftforge.fml.loading.FMLPaths/CORE]: Path GAMEDIR is /workspaces/insano/servidor_minecraft
[23Mar2025 15:21:19.415] [main/DEBUG] [net.minecraftforge.fml.loading.FMLPaths/CORE]: Path MODSDIR is /workspaces/insano/servidor_minecraft/mods
[23Mar2025 15:21:19.416] [main/DEBUG] [net.minecraftforge.fml.loading.FMLPaths/CORE]: Path CONFIGDIR is /workspaces/insano/servidor_minecraft/config
[23Mar2025 15:21:19.416] [main/DEBUG] [net.minecraftforge.fml.loading.FMLPaths/CORE]: Path FMLCONFIG is /workspaces/insano/servidor_minecraft/config/fml.toml
[23Mar2025 15:21:21.116] [main/DEBUG] [cpw.mods.modlauncher.TransformationServicesHandler/MODLAUNCHER]: Found additional transformation services from discovery services: 
[23Mar2025 15:21:21.123] [main/INFO] [net.minecraftforge.fml.loading.ImmediateWindowHandler/]: ImmediateWindowProvider not loading because launch target is forgeserver
[23Mar2025 15:21:21.132] [main/DEBUG] [cpw.mods.modlauncher.TransformationServicesHandler/MODLAUNCHER]: Found transformer services : [mixin,fml]
[23Mar2025 15:21:21.132] [main/DEBUG] [cpw.mods.modlauncher.TransformationServicesHandler/MODLAUNCHER]: Transformation services loading
[23Mar2025 15:21:21.133] [main/DEBUG] [cpw.mods.modlauncher.TransformationServiceDecorator/MODLAUNCHER]: Loading service mixin
[23Mar2025 15:21:21.133] [main/DEBUG] [cpw.mods.modlauncher.TransformationServiceDecorator/MODLAUNCHER]: Loaded service mixin
[23Mar2025 15:21:21.134] [main/DEBUG] [cpw.mods.modlauncher.TransformationServiceDecorator/MODLAUNCHER]: Loading service fml
[23Mar2025 15:21:21.134] [main/DEBUG] [net.minecraftforge.fml.loading.LauncherVersion/CORE]: Found FMLLauncher version 1.0
[23Mar2025 15:21:21.135] [main/DEBUG] [net.minecraftforge.fml.loading.FMLLoader/CORE]: FML 1.0 loading
[23Mar2025 15:21:21.135] [main/DEBUG] [net.minecraftforge.fml.loading.FMLLoader/CORE]: FML found ModLauncher version : 10.0.9+10.0.9+main.dcd20f30
[23Mar2025 15:21:21.135] [main/DEBUG] [net.minecraftforge.fml.loading.FMLLoader/CORE]: FML found AccessTransformer version : 8.0.4+66+master.c09db6d7
[23Mar2025 15:21:21.136] [main/DEBUG] [net.minecraftforge.fml.loading.FMLLoader/CORE]: FML found EventBus version : 6.0.5+6.0.5+master.eb8e549b
[23Mar2025 15:21:21.136] [main/DEBUG] [net.minecraftforge.fml.loading.FMLLoader/CORE]: Found Runtime Dist Cleaner
[23Mar2025 15:21:21.138] [main/DEBUG] [net.minecraftforge.fml.loading.FMLLoader/CORE]: FML found CoreMod version : 5.1.6
[23Mar2025 15:21:21.138] [main/DEBUG] [net.minecraftforge.fml.loading.FMLLoader/CORE]: Found ForgeSPI package implementation version 7.0.1+7.0.1+master.d2b38bf6
[23Mar2025 15:21:21.138] [main/DEBUG] [net.minecraftforge.fml.loading.FMLLoader/CORE]: Found ForgeSPI package specification 5
[23Mar2025 15:21:21.138] [main/DEBUG] [cpw.mods.modlauncher.TransformationServiceDecorator/MODLAUNCHER]: Loaded service fml
[23Mar2025 15:21:21.139] [main/DEBUG] [cpw.mods.modlauncher.TransformationServicesHandler/MODLAUNCHER]: Configuring option handling for services
[23Mar2025 15:21:21.147] [main/DEBUG] [cpw.mods.modlauncher.TransformationServicesHandler/MODLAUNCHER]: Transformation services initializing
[23Mar2025 15:21:21.148] [main/DEBUG] [cpw.mods.modlauncher.TransformationServiceDecorator/MODLAUNCHER]: Initializing transformation service mixin
[23Mar2025 15:21:21.165] [main/DEBUG] [mixin/]: MixinService [ModLauncher] was successfully booted in cpw.mods.cl.ModuleClassLoader@7a3d45bd
[23Mar2025 15:21:21.191] [main/INFO] [mixin/]: SpongePowered MIXIN Subsystem Version=0.8.5 Source=union:/workspaces/insano/servidor_minecraft/libraries/org/spongepowered/mixin/0.8.5/mixin-0.8.5.jar%2365!/ Service=ModLauncher Env=SERVER
[23Mar2025 15:21:21.196] [main/DEBUG] [mixin/]: Initialising Mixin Platform Manager
[23Mar2025 15:21:21.196] [main/DEBUG] [mixin/]: Adding mixin platform agents for container ModLauncher Root Container(ModLauncher:4f56a0a2)
[23Mar2025 15:21:21.197] [main/DEBUG] [mixin/]: Instancing new MixinPlatformAgentMinecraftForge for ModLauncher Root Container(ModLauncher:4f56a0a2)
[23Mar2025 15:21:21.197] [main/DEBUG] [mixin/]: MixinPlatformAgentMinecraftForge rejected container ModLauncher Root Container(ModLauncher:4f56a0a2)
[23Mar2025 15:21:21.198] [main/DEBUG] [mixin/]: Instancing new MixinPlatformAgentDefault for ModLauncher Root Container(ModLauncher:4f56a0a2)
[23Mar2025 15:21:21.199] [main/DEBUG] [mixin/]: MixinPlatformAgentDefault accepted container ModLauncher Root Container(ModLauncher:4f56a0a2)
[23Mar2025 15:21:21.202] [main/DEBUG] [cpw.mods.modlauncher.TransformationServiceDecorator/MODLAUNCHER]: Initialized transformation service mixin
[23Mar2025 15:21:21.202] [main/DEBUG] [cpw.mods.modlauncher.TransformationServiceDecorator/MODLAUNCHER]: Initializing transformation service fml
[23Mar2025 15:21:21.202] [main/DEBUG] [net.minecraftforge.fml.loading.FMLServiceProvider/CORE]: Setting up basic FML game directories
[23Mar2025 15:21:21.203] [main/DEBUG] [net.minecraftforge.fml.loading.FMLPaths/CORE]: Path GAMEDIR is /workspaces/insano/servidor_minecraft
[23Mar2025 15:21:21.203] [main/DEBUG] [net.minecraftforge.fml.loading.FMLPaths/CORE]: Path MODSDIR is /workspaces/insano/servidor_minecraft/mods
[23Mar2025 15:21:21.203] [main/DEBUG] [net.minecraftforge.fml.loading.FMLPaths/CORE]: Path CONFIGDIR is /workspaces/insano/servidor_minecraft/config
[23Mar2025 15:21:21.203] [main/DEBUG] [net.minecraftforge.fml.loading.FMLPaths/CORE]: Path FMLCONFIG is /workspaces/insano/servidor_minecraft/config/fml.toml
[23Mar2025 15:21:21.203] [main/DEBUG] [net.minecraftforge.fml.loading.FMLServiceProvider/CORE]: Loading configuration
[23Mar2025 15:21:21.207] [main/DEBUG] [net.minecraftforge.fml.loading.FMLServiceProvider/CORE]: Preparing ModFile
[23Mar2025 15:21:21.211] [main/DEBUG] [net.minecraftforge.fml.loading.FMLServiceProvider/CORE]: Preparing launch handler
[23Mar2025 15:21:21.211] [main/DEBUG] [net.minecraftforge.fml.loading.FMLLoader/CORE]: Using forgeserver as launch service
[23Mar2025 15:21:21.224] [main/DEBUG] [net.minecraftforge.fml.loading.FMLLoader/CORE]: Received command line version data  : VersionInfo[forgeVersion=47.3.7, mcVersion=1.20.1, mcpVersion=20230612.114412, forgeGroup=net.minecraftforge]
[23Mar2025 15:21:21.226] [main/DEBUG] [cpw.mods.modlauncher.TransformationServiceDecorator/MODLAUNCHER]: Initialized transformation service fml
[23Mar2025 15:21:21.226] [main/DEBUG] [cpw.mods.modlauncher.NameMappingServiceHandler/MODLAUNCHER]: Current naming domain is 'srg'
[23Mar2025 15:21:21.227] [main/DEBUG] [cpw.mods.modlauncher.NameMappingServiceHandler/MODLAUNCHER]: Identified name mapping providers {}
[23Mar2025 15:21:21.227] [main/DEBUG] [cpw.mods.modlauncher.TransformationServicesHandler/MODLAUNCHER]: Transformation services begin scanning
[23Mar2025 15:21:21.227] [main/DEBUG] [cpw.mods.modlauncher.TransformationServiceDecorator/MODLAUNCHER]: Beginning scan trigger - transformation service mixin
[23Mar2025 15:21:21.228] [main/DEBUG] [cpw.mods.modlauncher.TransformationServiceDecorator/MODLAUNCHER]: End scan trigger - transformation service mixin
[23Mar2025 15:21:21.228] [main/DEBUG] [cpw.mods.modlauncher.TransformationServiceDecorator/MODLAUNCHER]: Beginning scan trigger - transformation service fml
[23Mar2025 15:21:21.228] [main/DEBUG] [net.minecraftforge.fml.loading.FMLServiceProvider/CORE]: Initiating mod scan
[23Mar2025 15:21:21.236] [main/DEBUG] [net.minecraftforge.fml.loading.moddiscovery.ModListHandler/CORE]: Found mod coordinates from lists: []
[23Mar2025 15:21:21.239] [main/DEBUG] [net.minecraftforge.fml.loading.moddiscovery.ModDiscoverer/CORE]: Found Mod Locators : (mods folder:null),(maven libs:null),(exploded directory:null),(minecraft:null),(userdev classpath:null)
[23Mar2025 15:21:21.239] [main/DEBUG] [net.minecraftforge.fml.loading.moddiscovery.ModDiscoverer/CORE]: Found Dependency Locators : (JarInJar:null)
[23Mar2025 15:21:21.250] [main/DEBUG] [net.minecraftforge.fml.loading.moddiscovery.ModFileParser/LOADING]: Considering mod file candidate /workspaces/insano/servidor_minecraft/mods/[1.20.1] SecurityCraft v1.9.12.jar
[23Mar2025 15:21:21.290] [main/DEBUG] [net.minecraftforge.fml.loading.moddiscovery.ModFileInfo/LOADING]: Found valid mod file [1.20.1] SecurityCraft v1.9.12.jar with {securitycraft} mods - versions {1.9.12}
[23Mar2025 15:21:21.293] [main/DEBUG] [net.minecraftforge.fml.loading.moddiscovery.ModFileParser/LOADING]: Considering mod file candidate /workspaces/insano/servidor_minecraft/mods/[forge]ctov-3.4.12.jar
[23Mar2025 15:21:21.295] [main/DEBUG] [net.minecraftforge.fml.loading.moddiscovery.ModFileInfo/LOADING]: Found valid mod file [forge]ctov-3.4.12.jar with {ctov} mods - versions {3.4.12}
[23Mar2025 15:21:21.296] [main/DEBUG] [net.minecraftforge.fml.loading.moddiscovery.ModFileParser/LOADING]: Considering mod file candidate /workspaces/insano/servidor_minecraft/mods/Ad-Astra-Giselle-Addon-forge-1.20.1-6.18.jar
[23Mar2025 15:21:21.298] [main/DEBUG] [net.minecraftforge.fml.loading.moddiscovery.ModFileInfo/LOADING]: Found valid mod file Ad-Astra-Giselle-Addon-forge-1.20.1-6.18.jar with {ad_astra_giselle_addon} mods - versions {6.18}
[23Mar2025 15:21:21.300] [main/DEBUG] [net.minecraftforge.fml.loading.moddiscovery.ModFileParser/LOADING]: Considering mod file candidate /workspaces/insano/servidor_minecraft/mods/ad_astra-forge-1.20.1-1.15.20.jar
[23Mar2025 15:21:21.301] [main/DEBUG] [net.minecraftforge.fml.loading.moddiscovery.ModFileInfo/LOADING]: Found valid mod file ad_astra-forge-1.20.1-1.15.20.jar with {ad_astra} mods - versions {1.15.20}
[23Mar2025 15:21:21.305] [main/DEBUG] [net.minecraftforge.fml.loading.moddiscovery.ModFileParser/LOADING]: Considering mod file candidate /workspaces/insano/servidor_minecraft/mods/alexscaves-2.0.2.jar
[23Mar2025 15:21:21.307] [main/DEBUG] [net.minecraftforge.fml.loading.moddiscovery.ModFileInfo/LOADING]: Found valid mod file alexscaves-2.0.2.jar with {alexscaves} mods - versions {2.0.2}
[23Mar2025 15:21:21.310] [main/DEBUG] [net.minecraftforge.fml.loading.moddiscovery.ModFileParser/LOADING]: Considering mod file candidate /workspaces/insano/servidor_minecraft/mods/alexsmobs-1.22.9.jar
[23Mar2025 15:21:21.311] [main/DEBUG] [net.minecraftforge.fml.loading.moddiscovery.ModFileInfo/LOADING]: Found valid mod file alexsmobs-1.22.9.jar with {alexsmobs} mods - versions {1.22.9}
[23Mar2025 15:21:21.312] [main/DEBUG] [net.minecraftforge.fml.loading.moddiscovery.ModFileParser/LOADING]: Considering mod file candidate /workspaces/insano/servidor_minecraft/mods/aquamirae-6.API15.jar
[23Mar2025 15:21:21.314] [main/DEBUG] [net.minecraftforge.fml.loading.moddiscovery.ModFileInfo/LOADING]: Found valid mod file aquamirae-6.API15.jar with {aquamirae} mods - versions {6.API15}
[23Mar2025 15:21:21.315] [main/DEBUG] [net.minecraftforge.fml.loading.moddiscovery.ModFileParser/LOADING]: Considering mod file candidate /workspaces/insano/servidor_minecraft/mods/architectury-9.2.14-forge.jar
[23Mar2025 15:21:21.316] [main/DEBUG] [net.minecraftforge.fml.loading.moddiscovery.ModFileInfo/LOADING]: Found valid mod file architectury-9.2.14-forge.jar with {architectury} mods - versions {9.2.14}
[23Mar2025 15:21:21.316] [main/DEBUG] [net.minecraftforge.fml.loading.moddiscovery.ModFileParser/LOADING]: Considering mod file candidate /workspaces/insano/servidor_minecraft/mods/artifacts-forge-9.5.13.jar
[23Mar2025 15:21:21.318] [main/DEBUG] [net.minecraftforge.fml.loading.moddiscovery.ModFileInfo/LOADING]: Found valid mod file artifacts-forge-9.5.13.jar with {artifacts} mods - versions {9.5.13}
[23Mar2025 15:21:21.319] [main/DEBUG] [net.minecraftforge.fml.loading.moddiscovery.ModFileParser/LOADING]: Considering mod file candidate /workspaces/insano/servidor_minecraft/mods/balm-forge-1.20.1-7.3.18-all.jar
[23Mar2025 15:21:21.320] [main/DEBUG] [net.minecraftforge.fml.loading.moddiscovery.ModFileInfo/LOADING]: Found valid mod file balm-forge-1.20.1-7.3.18-all.jar with {balm} mods - versions {7.3.18}
[23Mar2025 15:21:21.323] [main/DEBUG] [net.minecraftforge.fml.loading.moddiscovery.ModFileParser/LOADING]: Considering mod file candidate /workspaces/insano/servidor_minecraft/mods/BiomesOPlenty-1.20.1-18.0.0.592.jar
[23Mar2025 15:21:21.324] [main/DEBUG] [net.minecraftforge.fml.loading.moddiscovery.ModFileInfo/LOADING]: Found valid mod file BiomesOPlenty-1.20.1-18.0.0.592.jar with {biomesoplenty} mods - versions {18.0.0.592}
[23Mar2025 15:21:21.327] [main/DEBUG] [net.minecraftforge.fml.loading.moddiscovery.ModFileParser/LOADING]: Considering mod file candidate /workspaces/insano/servidor_minecraft/mods/born_in_chaos_[Forge]1.20.1_1.6.3.jar
[23Mar2025 15:21:21.328] [main/DEBUG] [net.minecraftforge.fml.loading.moddiscovery.ModFileInfo/LOADING]: Found valid mod file born_in_chaos_[Forge]1.20.1_1.6.3.jar with {born_in_chaos_v1} mods - versions {1.6.3}
[23Mar2025 15:21:21.328] [main/DEBUG] [net.minecraftforge.fml.loading.moddiscovery.ModFileParser/LOADING]: Considering mod file candidate /workspaces/insano/servidor_minecraft/mods/botarium-forge-1.20.1-2.3.4.jar
[23Mar2025 15:21:21.329] [main/DEBUG] [net.minecraftforge.fml.loading.moddiscovery.ModFileInfo/LOADING]: Found valid mod file botarium-forge-1.20.1-2.3.4.jar with {botarium} mods - versions {2.3.4}
[23Mar2025 15:21:21.330] [main/DEBUG] [net.minecraftforge.fml.loading.moddiscovery.ModFileParser/LOADING]: Considering mod file candidate /workspaces/insano/servidor_minecraft/mods/cannibal-1.0.5-1.20.1.jar
[23Mar2025 15:21:21.331] [main/DEBUG] [net.minecraftforge.fml.loading.moddiscovery.ModFileInfo/LOADING]: Found valid mod file cannibal-1.0.5-1.20.1.jar with {cannibal} mods - versions {1.0.5-1.20.1}
[23Mar2025 15:21:21.331] [main/DEBUG] [net.minecraftforge.fml.loading.moddiscovery.ModFileParser/LOADING]: Considering mod file candidate /workspaces/insano/servidor_minecraft/mods/carryon-forge-1.20.1-2.1.2.7.jar
[23Mar2025 15:21:21.332] [main/DEBUG] [net.minecraftforge.fml.loading.moddiscovery.ModFileInfo/LOADING]: Found valid mod file carryon-forge-1.20.1-2.1.2.7.jar with {carryon} mods - versions {2.1.2.7}
[23Mar2025 15:21:21.334] [main/DEBUG] [net.minecraftforge.fml.loading.moddiscovery.ModFileParser/LOADING]: Considering mod file candidate /workspaces/insano/servidor_minecraft/mods/citadel-2.6.1-1.20.1.jar
[23Mar2025 15:21:21.335] [main/DEBUG] [net.minecraftforge.fml.loading.moddiscovery.ModFileInfo/LOADING]: Found valid mod file citadel-2.6.1-1.20.1.jar with {citadel} mods - versions {2.6.1}
[23Mar2025 15:21:21.336] [main/DEBUG] [net.minecraftforge.fml.loading.moddiscovery.ModFileParser/LOADING]: Considering mod file candidate /workspaces/insano/servidor_minecraft/mods/cloth-config-11.1.136-forge.jar
[23Mar2025 15:21:21.337] [main/DEBUG] [net.minecraftforge.fml.loading.moddiscovery.ModFileInfo/LOADING]: Found valid mod file cloth-config-11.1.136-forge.jar with {cloth_config} mods - versions {11.1.136}
[23Mar2025 15:21:21.337] [main/DEBUG] [net.minecraftforge.fml.loading.moddiscovery.ModFileParser/LOADING]: Considering mod file candidate /workspaces/insano/servidor_minecraft/mods/Clumps-forge-1.20.1-12.0.0.4.jar
[23Mar2025 15:21:21.338] [main/DEBUG] [net.minecraftforge.fml.loading.moddiscovery.ModFileInfo/LOADING]: Found valid mod file Clumps-forge-1.20.1-12.0.0.4.jar with {clumps} mods - versions {12.0.0.4}
[23Mar2025 15:21:21.338] [main/DEBUG] [net.minecraftforge.fml.loading.moddiscovery.ModFileParser/LOADING]: Considering mod file candidate /workspaces/insano/servidor_minecraft/mods/common-networking-forge-1.0.5-1.20.1.jar
[23Mar2025 15:21:21.339] [main/DEBUG] [net.minecraftforge.fml.loading.moddiscovery.ModFileInfo/LOADING]: Found valid mod file common-networking-forge-1.0.5-1.20.1.jar with {commonnetworking} mods - versions {1.0.5-1.20.1}
[23Mar2025 15:21:21.339] [main/DEBUG] [net.minecraftforge.fml.loading.moddiscovery.ModFileParser/LOADING]: Considering mod file candidate /workspaces/insano/servidor_minecraft/mods/coroutil-forge-1.20.1-1.3.7.jar
[23Mar2025 15:21:21.340] [main/DEBUG] [net.minecraftforge.fml.loading.moddiscovery.ModFileInfo/LOADING]: Found valid mod file coroutil-forge-1.20.1-1.3.7.jar with {coroutil} mods - versions {1.20.1-1.3.7}
[23Mar2025 15:21:21.347] [main/DEBUG] [net.minecraftforge.fml.loading.moddiscovery.ModFileParser/LOADING]: Considering mod file candidate /workspaces/insano/servidor_minecraft/mods/create-1.20.1-6.0.2.jar
[23Mar2025 15:21:21.349] [main/DEBUG] [net.minecraftforge.fml.loading.moddiscovery.ModFileInfo/LOADING]: Found valid mod file create-1.20.1-6.0.2.jar with {create} mods - versions {6.0.2}
[23Mar2025 15:21:21.349] [main/DEBUG] [net.minecraftforge.fml.loading.moddiscovery.ModFileParser/LOADING]: Considering mod file candidate /workspaces/insano/servidor_minecraft/mods/create_jetpack-forge-4.4.0.jar
[23Mar2025 15:21:21.350] [main/DEBUG] [net.minecraftforge.fml.loading.moddiscovery.ModFileInfo/LOADING]: Found valid mod file create_jetpack-forge-4.4.0.jar with {create_jetpack} mods - versions {4.4.0}
[23Mar2025 15:21:21.351] [main/DEBUG] [net.minecraftforge.fml.loading.moddiscovery.ModFileParser/LOADING]: Considering mod file candidate /workspaces/insano/servidor_minecraft/mods/CreativeCore_FORGE_v2.12.31_mc1.20.1.jar
[23Mar2025 15:21:21.352] [main/DEBUG] [net.minecraftforge.fml.loading.moddiscovery.ModFileInfo/LOADING]: Found valid mod file CreativeCore_FORGE_v2.12.31_mc1.20.1.jar with {creativecore} mods - versions {2.12.31}
[23Mar2025 15:21:21.352] [main/DEBUG] [net.minecraftforge.fml.loading.moddiscovery.ModFileParser/LOADING]: Considering mod file candidate /workspaces/insano/servidor_minecraft/mods/cristellib-1.1.6-forge.jar
[23Mar2025 15:21:21.353] [main/DEBUG] [net.minecraftforge.fml.loading.moddiscovery.ModFileInfo/LOADING]: Found valid mod file cristellib-1.1.6-forge.jar with {cristellib} mods - versions {1.1.6}
[23Mar2025 15:21:21.353] [main/DEBUG] [net.minecraftforge.fml.loading.moddiscovery.ModFileParser/LOADING]: Considering mod file candidate /workspaces/insano/servidor_minecraft/mods/curios-forge-5.12.1+1.20.1.jar
[23Mar2025 15:21:21.354] [main/DEBUG] [net.minecraftforge.fml.loading.moddiscovery.ModFileInfo/LOADING]: Found valid mod file curios-forge-5.12.1+1.20.1.jar with {curios} mods - versions {5.12.1+1.20.1}
[23Mar2025 15:21:21.355] [main/DEBUG] [net.minecraftforge.fml.loading.moddiscovery.ModFileParser/LOADING]: Considering mod file candidate /workspaces/insano/servidor_minecraft/mods/customvillagertrades-forge-20.25.0.jar
[23Mar2025 15:21:21.355] [main/DEBUG] [net.minecraftforge.fml.loading.moddiscovery.ModFileInfo/LOADING]: Found valid mod file customvillagertrades-forge-20.25.0.jar with {customvillagertrades} mods - versions {20.25.0}
[23Mar2025 15:21:21.357] [main/DEBUG] [net.minecraftforge.fml.loading.moddiscovery.ModFileParser/LOADING]: Considering mod file candidate /workspaces/insano/servidor_minecraft/mods/deeperdarker-forge-1.20.1-1.3.3.jar
[23Mar2025 15:21:21.358] [main/DEBUG] [net.minecraftforge.fml.loading.moddiscovery.ModFileInfo/LOADING]: Found valid mod file deeperdarker-forge-1.20.1-1.3.3.jar with {deeperdarker} mods - versions {1.3.3}
[23Mar2025 15:21:21.358] [main/DEBUG] [net.minecraftforge.fml.loading.moddiscovery.ModFileParser/LOADING]: Considering mod file candidate /workspaces/insano/servidor_minecraft/mods/elevatorid-1.20.1-lex-1.9.jar
[23Mar2025 15:21:21.359] [main/DEBUG] [net.minecraftforge.fml.loading.moddiscovery.ModFileInfo/LOADING]: Found valid mod file elevatorid-1.20.1-lex-1.9.jar with {elevatorid} mods - versions {1.20.1-lex-1.9}
[23Mar2025 15:21:21.360] [main/DEBUG] [net.minecraftforge.fml.loading.moddiscovery.ModFileParser/LOADING]: Considering mod file candidate /workspaces/insano/servidor_minecraft/mods/emotecraft-for-MC1.20.1-2.2.7-b.build.50-forge.jar
[23Mar2025 15:21:21.360] [main/DEBUG] [net.minecraftforge.fml.loading.moddiscovery.ModFileInfo/LOADING]: Found valid mod file emotecraft-for-MC1.20.1-2.2.7-b.build.50-forge.jar with {emotecraft} mods - versions {2.2.7-b.build.50}
[23Mar2025 15:21:21.361] [main/DEBUG] [net.minecraftforge.fml.loading.moddiscovery.ModFileParser/LOADING]: Considering mod file candidate /workspaces/insano/servidor_minecraft/mods/faded_conquest_2-1.1.0-forge-1.20.1.jar
[23Mar2025 15:21:21.362] [main/DEBUG] [net.minecraftforge.fml.loading.moddiscovery.ModFileInfo/LOADING]: Found valid mod file faded_conquest_2-1.1.0-forge-1.20.1.jar with {faded_conquest_2} mods - versions {1.2.0}
[23Mar2025 15:21:21.364] [main/DEBUG] [net.minecraftforge.fml.loading.moddiscovery.ModFileParser/LOADING]: Considering mod file candidate /workspaces/insano/servidor_minecraft/mods/FarmersDelight-1.20.1-1.2.7.jar
[23Mar2025 15:21:21.365] [main/DEBUG] [net.minecraftforge.fml.loading.moddiscovery.ModFileInfo/LOADING]: Found valid mod file FarmersDelight-1.20.1-1.2.7.jar with {farmersdelight} mods - versions {1.20.1-1.2.7}
[23Mar2025 15:21:21.369] [main/DEBUG] [net.minecraftforge.fml.loading.moddiscovery.ModFileParser/LOADING]: Considering mod file candidate /workspaces/insano/servidor_minecraft/mods/framework-forge-1.20.1-0.7.12.jar
[23Mar2025 15:21:21.370] [main/DEBUG] [net.minecraftforge.fml.loading.moddiscovery.ModFileInfo/LOADING]: Found valid mod file framework-forge-1.20.1-0.7.12.jar with {framework} mods - versions {0.7.12}
[23Mar2025 15:21:21.372] [main/DEBUG] [net.minecraftforge.fml.loading.moddiscovery.ModFileParser/LOADING]: Considering mod file candidate /workspaces/insano/servidor_minecraft/mods/From-The-Fog-1.20-v1.9.2-Forge-Fabric.jar
[23Mar2025 15:21:21.373] [main/DEBUG] [net.minecraftforge.fml.loading.moddiscovery.ModFileInfo/LOADING]: Found valid mod file From-The-Fog-1.20-v1.9.2-Forge-Fabric.jar with {watching} mods - versions {1.9.2}
[23Mar2025 15:21:21.374] [main/DEBUG] [net.minecraftforge.fml.loading.moddiscovery.ModFileParser/LOADING]: Considering mod file candidate /workspaces/insano/servidor_minecraft/mods/geckolib-forge-1.20.1-4.7.jar
[23Mar2025 15:21:21.374] [main/DEBUG] [net.minecraftforge.fml.loading.moddiscovery.ModFileInfo/LOADING]: Found valid mod file geckolib-forge-1.20.1-4.7.jar with {geckolib} mods - versions {4.7}
[23Mar2025 15:21:21.377] [main/DEBUG] [net.minecraftforge.fml.loading.moddiscovery.ModFileParser/LOADING]: Considering mod file candidate /workspaces/insano/servidor_minecraft/mods/goblintraders-forge-1.20.1-1.9.3.jar
[23Mar2025 15:21:21.378] [main/DEBUG] [net.minecraftforge.fml.loading.moddiscovery.ModFileInfo/LOADING]: Found valid mod file goblintraders-forge-1.20.1-1.9.3.jar with {goblintraders} mods - versions {1.9.3}
[23Mar2025 15:21:21.379] [main/DEBUG] [net.minecraftforge.fml.loading.moddiscovery.ModFileParser/LOADING]: Considering mod file candidate /workspaces/insano/servidor_minecraft/mods/guardvillagers-1.20.1-1.6.10.jar
[23Mar2025 15:21:21.380] [main/DEBUG] [net.minecraftforge.fml.loading.moddiscovery.ModFileInfo/LOADING]: Found valid mod file guardvillagers-1.20.1-1.6.10.jar with {guardvillagers} mods - versions {1.20.1-1.6.10}
[23Mar2025 15:21:21.381] [main/DEBUG] [net.minecraftforge.fml.loading.moddiscovery.ModFileParser/LOADING]: Considering mod file candidate /workspaces/insano/servidor_minecraft/mods/illageandspillagerespillaged-1.2.8.jar
[23Mar2025 15:21:21.382] [main/DEBUG] [net.minecraftforge.fml.loading.moddiscovery.ModFileInfo/LOADING]: Found valid mod file illageandspillagerespillaged-1.2.8.jar with {illageandspillage} mods - versions {1.2.8}
[23Mar2025 15:21:21.383] [main/DEBUG] [net.minecraftforge.fml.loading.moddiscovery.ModFileParser/LOADING]: Considering mod file candidate /workspaces/insano/servidor_minecraft/mods/indestructible_blocks-1.0.3+1.20.1.jar
[23Mar2025 15:21:21.383] [main/DEBUG] [net.minecraftforge.fml.loading.moddiscovery.ModFileInfo/LOADING]: Found valid mod file indestructible_blocks-1.0.3+1.20.1.jar with {indestructible_blocks} mods - versions {1.0.3}
[23Mar2025 15:21:21.390] [main/DEBUG] [net.minecraftforge.fml.loading.moddiscovery.ModFileParser/LOADING]: Considering mod file candidate /workspaces/insano/servidor_minecraft/mods/integrated_api-1.5.2+1.20.1-forge.jar
[23Mar2025 15:21:21.391] [main/DEBUG] [net.minecraftforge.fml.loading.moddiscovery.ModFileInfo/LOADING]: Found valid mod file integrated_api-1.5.2+1.20.1-forge.jar with {integrated_api} mods - versions {1.5.2+1.20.1-forge}
[23Mar2025 15:21:21.391] [main/DEBUG] [net.minecraftforge.fml.loading.moddiscovery.ModFileParser/LOADING]: Considering mod file candidate /workspaces/insano/servidor_minecraft/mods/integrated_cataclysm_forge-1.0.4+1.20.1.jar
[23Mar2025 15:21:21.392] [main/DEBUG] [net.minecraftforge.fml.loading.moddiscovery.ModFileInfo/LOADING]: Found valid mod file integrated_cataclysm_forge-1.0.4+1.20.1.jar with {integrated_cataclysm} mods - versions {1.0.4+1.20.1}
[23Mar2025 15:21:21.393] [main/DEBUG] [net.minecraftforge.fml.loading.moddiscovery.ModFileParser/LOADING]: Considering mod file candidate /workspaces/insano/servidor_minecraft/mods/Jade-1.20.1-Forge-11.12.3.jar
[23Mar2025 15:21:21.393] [main/DEBUG] [net.minecraftforge.fml.loading.moddiscovery.ModFileInfo/LOADING]: Found valid mod file Jade-1.20.1-Forge-11.12.3.jar with {jade} mods - versions {11.12.3+forge}
[23Mar2025 15:21:21.395] [main/DEBUG] [net.minecraftforge.fml.loading.moddiscovery.ModFileParser/LOADING]: Considering mod file candidate /workspaces/insano/servidor_minecraft/mods/jei-1.20.1-forge-15.19.5.99.jar
[23Mar2025 15:21:21.395] [main/DEBUG] [net.minecraftforge.fml.loading.moddiscovery.ModFileInfo/LOADING]: Found valid mod file jei-1.20.1-forge-15.19.5.99.jar with {jei} mods - versions {15.19.5.99}
[23Mar2025 15:21:21.396] [main/DEBUG] [net.minecraftforge.fml.loading.moddiscovery.ModFileParser/LOADING]: Considering mod file candidate /workspaces/insano/servidor_minecraft/mods/knightlib-forge-1.20.1-1.2.0.jar
[23Mar2025 15:21:21.397] [main/DEBUG] [net.minecraftforge.fml.loading.moddiscovery.ModFileInfo/LOADING]: Found valid mod file knightlib-forge-1.20.1-1.2.0.jar with {knightlib} mods - versions {1.2.0}
[23Mar2025 15:21:21.398] [main/DEBUG] [net.minecraftforge.fml.loading.moddiscovery.ModFileParser/LOADING]: Considering mod file candidate /workspaces/insano/servidor_minecraft/mods/knightquest-forge-1.20.1-1.8.4.jar
[23Mar2025 15:21:21.399] [main/DEBUG] [net.minecraftforge.fml.loading.moddiscovery.ModFileInfo/LOADING]: Found valid mod file knightquest-forge-1.20.1-1.8.4.jar with {knightquest} mods - versions {1.8.4}
[23Mar2025 15:21:21.427] [main/DEBUG] [net.minecraftforge.fml.loading.moddiscovery.ModFileParser/LOADING]: Considering mod file candidate /workspaces/insano/servidor_minecraft/mods/L_Enders_Cataclysm-2.58- 1.20.1.jar
[23Mar2025 15:21:21.428] [main/DEBUG] [net.minecraftforge.fml.loading.moddiscovery.ModFileInfo/LOADING]: Found valid mod file L_Enders_Cataclysm-2.58- 1.20.1.jar with {cataclysm} mods - versions {2.58}
[23Mar2025 15:21:21.428] [main/DEBUG] [net.minecraftforge.fml.loading.moddiscovery.ModFileParser/LOADING]: Considering mod file candidate /workspaces/insano/servidor_minecraft/mods/lionfishapi-2.4-Fix.jar
[23Mar2025 15:21:21.429] [main/DEBUG] [net.minecraftforge.fml.loading.moddiscovery.ModFileInfo/LOADING]: Found valid mod file lionfishapi-2.4-Fix.jar with {lionfishapi} mods - versions {2.4-Fix}
[23Mar2025 15:21:21.429] [main/DEBUG] [net.minecraftforge.fml.loading.moddiscovery.ModFileParser/LOADING]: Considering mod file candidate /workspaces/insano/servidor_minecraft/mods/lithostitched-forge-1.20.1-1.4.4.jar
[23Mar2025 15:21:21.430] [main/DEBUG] [net.minecraftforge.fml.loading.moddiscovery.ModFileInfo/LOADING]: Found valid mod file lithostitched-forge-1.20.1-1.4.4.jar with {lithostitched} mods - versions {1.4}
[23Mar2025 15:21:21.430] [main/DEBUG] [net.minecraftforge.fml.loading.moddiscovery.ModFileParser/LOADING]: Considering mod file candidate /workspaces/insano/servidor_minecraft/mods/lootr-forge-1.20-0.7.35.90.jar
[23Mar2025 15:21:21.431] [main/DEBUG] [net.minecraftforge.fml.loading.moddiscovery.ModFileInfo/LOADING]: Found valid mod file lootr-forge-1.20-0.7.35.90.jar with {lootr} mods - versions {0.7.35.90}
[23Mar2025 15:21:21.432] [main/DEBUG] [net.minecraftforge.fml.loading.moddiscovery.ModFileParser/LOADING]: Considering mod file candidate /workspaces/insano/servidor_minecraft/mods/moonlight-1.20-2.13.71-forge.jar
[23Mar2025 15:21:21.433] [main/DEBUG] [net.minecraftforge.fml.loading.moddiscovery.ModFileInfo/LOADING]: Found valid mod file moonlight-1.20-2.13.71-forge.jar with {moonlight} mods - versions {1.20-2.13.71}
[23Mar2025 15:21:21.434] [main/DEBUG] [net.minecraftforge.fml.loading.moddiscovery.ModFileParser/LOADING]: Considering mod file candidate /workspaces/insano/servidor_minecraft/mods/mowziesmobs-1.7.1.jar
[23Mar2025 15:21:21.434] [main/DEBUG] [net.minecraftforge.fml.loading.moddiscovery.ModFileInfo/LOADING]: Found valid mod file mowziesmobs-1.7.1.jar with {mowziesmobs} mods - versions {1.7.1}
[23Mar2025 15:21:21.435] [main/DEBUG] [net.minecraftforge.fml.loading.moddiscovery.ModFileParser/LOADING]: Considering mod file candidate /workspaces/insano/servidor_minecraft/mods/NaturesCompass-1.20.1-1.11.2-forge.jar
[23Mar2025 15:21:21.435] [main/DEBUG] [net.minecraftforge.fml.loading.moddiscovery.ModFileInfo/LOADING]: Found valid mod file NaturesCompass-1.20.1-1.11.2-forge.jar with {naturescompass} mods - versions {1.20.1-1.11.2-forge}
[23Mar2025 15:21:21.436] [main/DEBUG] [net.minecraftforge.fml.loading.moddiscovery.ModFileParser/LOADING]: Considering mod file candidate /workspaces/insano/servidor_minecraft/mods/obscure_api-15.jar
[23Mar2025 15:21:21.436] [main/DEBUG] [net.minecraftforge.fml.loading.moddiscovery.ModFileInfo/LOADING]: Found valid mod file obscure_api-15.jar with {obscure_api} mods - versions {15}
[23Mar2025 15:21:21.437] [main/DEBUG] [net.minecraftforge.fml.loading.moddiscovery.ModFileParser/LOADING]: Considering mod file candidate /workspaces/insano/servidor_minecraft/mods/omni_card-1.20.1-1.3.2.jar
[23Mar2025 15:21:21.438] [main/DEBUG] [net.minecraftforge.fml.loading.moddiscovery.ModFileInfo/LOADING]: Found valid mod file omni_card-1.20.1-1.3.2.jar with {omni_card} mods - versions {1.3.2}
[23Mar2025 15:21:21.439] [main/DEBUG] [net.minecraftforge.fml.loading.moddiscovery.ModFileParser/LOADING]: Considering mod file candidate /workspaces/insano/servidor_minecraft/mods/Paraglider-forge-20.1.3.jar
[23Mar2025 15:21:21.439] [main/DEBUG] [net.minecraftforge.fml.loading.moddiscovery.ModFileInfo/LOADING]: Found valid mod file Paraglider-forge-20.1.3.jar with {paraglider} mods - versions {20.1.3}
[23Mar2025 15:21:21.440] [main/DEBUG] [net.minecraftforge.fml.loading.moddiscovery.ModFileParser/LOADING]: Considering mod file candidate /workspaces/insano/servidor_minecraft/mods/player-animation-lib-forge-1.0.2-rc1+1.20.jar
[23Mar2025 15:21:21.440] [main/DEBUG] [net.minecraftforge.fml.loading.moddiscovery.ModFileInfo/LOADING]: Found valid mod file player-animation-lib-forge-1.0.2-rc1+1.20.jar with {playeranimator} mods - versions {1.0.2-rc1+1.20}
[23Mar2025 15:21:21.441] [main/DEBUG] [net.minecraftforge.fml.loading.moddiscovery.ModFileParser/LOADING]: Considering mod file candidate /workspaces/insano/servidor_minecraft/mods/PlayerRevive_FORGE_v2.0.31_mc1.20.1.jar
[23Mar2025 15:21:21.441] [main/DEBUG] [net.minecraftforge.fml.loading.moddiscovery.ModFileInfo/LOADING]: Found valid mod file PlayerRevive_FORGE_v2.0.31_mc1.20.1.jar with {playerrevive} mods - versions {2.0.31}
[23Mar2025 15:21:21.442] [main/DEBUG] [net.minecraftforge.fml.loading.moddiscovery.ModFileParser/LOADING]: Considering mod file candidate /workspaces/insano/servidor_minecraft/mods/polymorph-forge-0.49.8+1.20.1.jar
[23Mar2025 15:21:21.442] [main/DEBUG] [net.minecraftforge.fml.loading.moddiscovery.ModFileInfo/LOADING]: Found valid mod file polymorph-forge-0.49.8+1.20.1.jar with {polymorph} mods - versions {0.49.8+1.20.1}
[23Mar2025 15:21:21.443] [main/DEBUG] [net.minecraftforge.fml.loading.moddiscovery.ModFileParser/LOADING]: Considering mod file candidate /workspaces/insano/servidor_minecraft/mods/portablemobs-1.2.0-forge-mc1.20.jar
[23Mar2025 15:21:21.444] [main/DEBUG] [net.minecraftforge.fml.loading.moddiscovery.ModFileInfo/LOADING]: Found valid mod file portablemobs-1.2.0-forge-mc1.20.jar with {portablemobs} mods - versions {1.2.0}
[23Mar2025 15:21:21.444] [main/DEBUG] [net.minecraftforge.fml.loading.moddiscovery.ModFileParser/LOADING]: Considering mod file candidate /workspaces/insano/servidor_minecraft/mods/portalgun-1.20.1-1.3.5.jar
[23Mar2025 15:21:21.445] [main/DEBUG] [net.minecraftforge.fml.loading.moddiscovery.ModFileInfo/LOADING]: Found valid mod file portalgun-1.20.1-1.3.5.jar with {ricksportalgun} mods - versions {1.3.5}
[23Mar2025 15:21:21.450] [main/DEBUG] [net.minecraftforge.fml.loading.moddiscovery.ModFileParser/LOADING]: Considering mod file candidate /workspaces/insano/servidor_minecraft/mods/Quark-4.0-460.jar
[23Mar2025 15:21:21.452] [main/DEBUG] [net.minecraftforge.fml.loading.moddiscovery.ModFileInfo/LOADING]: Found valid mod file Quark-4.0-460.jar with {quark} mods - versions {4.0-460}
[23Mar2025 15:21:21.452] [main/DEBUG] [net.minecraftforge.fml.loading.moddiscovery.ModFileParser/LOADING]: Considering mod file candidate /workspaces/insano/servidor_minecraft/mods/resourcefulconfig-forge-1.20.1-2.1.3.jar
[23Mar2025 15:21:21.453] [main/DEBUG] [net.minecraftforge.fml.loading.moddiscovery.ModFileInfo/LOADING]: Found valid mod file resourcefulconfig-forge-1.20.1-2.1.3.jar with {resourcefulconfig} mods - versions {2.1.3}
[23Mar2025 15:21:21.454] [main/DEBUG] [net.minecraftforge.fml.loading.moddiscovery.ModFileParser/LOADING]: Considering mod file candidate /workspaces/insano/servidor_minecraft/mods/resourcefullib-forge-1.20.1-2.1.29.jar
[23Mar2025 15:21:21.454] [main/DEBUG] [net.minecraftforge.fml.loading.moddiscovery.ModFileInfo/LOADING]: Found valid mod file resourcefullib-forge-1.20.1-2.1.29.jar with {resourcefullib} mods - versions {2.1.29}
[23Mar2025 15:21:21.454] [main/DEBUG] [net.minecraftforge.fml.loading.moddiscovery.ModFileParser/LOADING]: Considering mod file candidate /workspaces/insano/servidor_minecraft/mods/revive_hardcore_players-1.1-1.20.1.jar
[23Mar2025 15:21:21.455] [main/DEBUG] [net.minecraftforge.fml.loading.moddiscovery.ModFileInfo/LOADING]: Found valid mod file revive_hardcore_players-1.1-1.20.1.jar with {revive_hardcore_players} mods - versions {1.1}
[23Mar2025 15:21:21.456] [main/DEBUG] [net.minecraftforge.fml.loading.moddiscovery.ModFileParser/LOADING]: Considering mod file candidate /workspaces/insano/servidor_minecraft/mods/Ribbits-1.20.1-Forge-3.0.4.jar
[23Mar2025 15:21:21.456] [main/DEBUG] [net.minecraftforge.fml.loading.moddiscovery.ModFileInfo/LOADING]: Found valid mod file Ribbits-1.20.1-Forge-3.0.4.jar with {ribbits} mods - versions {1.20.1-Forge-3.0.4}
[23Mar2025 15:21:21.457] [main/DEBUG] [net.minecraftforge.fml.loading.moddiscovery.ModFileParser/LOADING]: Considering mod file candidate /workspaces/insano/servidor_minecraft/mods/rootoffear-1.20.1-1.0.10.jar
[23Mar2025 15:21:21.458] [main/DEBUG] [net.minecraftforge.fml.loading.moddiscovery.ModFileInfo/LOADING]: Found valid mod file rootoffear-1.20.1-1.0.10.jar with {rootoffear} mods - versions {1.0.10}
[23Mar2025 15:21:21.459] [main/DEBUG] [net.minecraftforge.fml.loading.moddiscovery.ModFileParser/LOADING]: Considering mod file candidate /workspaces/insano/servidor_minecraft/mods/sophisticatedbackpacks-1.20.1-3.23.6.1210.jar
[23Mar2025 15:21:21.460] [main/DEBUG] [net.minecraftforge.fml.loading.moddiscovery.ModFileInfo/LOADING]: Found valid mod file sophisticatedbackpacks-1.20.1-3.23.6.1210.jar with {sophisticatedbackpacks} mods - versions {3.23.6.1210}
[23Mar2025 15:21:21.461] [main/DEBUG] [net.minecraftforge.fml.loading.moddiscovery.ModFileParser/LOADING]: Considering mod file candidate /workspaces/insano/servidor_minecraft/mods/sophisticatedcore-1.20.1-1.2.22.901.jar
[23Mar2025 15:21:21.461] [main/DEBUG] [net.minecraftforge.fml.loading.moddiscovery.ModFileInfo/LOADING]: Found valid mod file sophisticatedcore-1.20.1-1.2.22.901.jar with {sophisticatedcore} mods - versions {1.2.22.901}
[23Mar2025 15:21:21.462] [main/DEBUG] [net.minecraftforge.fml.loading.moddiscovery.ModFileParser/LOADING]: Considering mod file candidate /workspaces/insano/servidor_minecraft/mods/supermartijn642corelib-1.1.18-forge-mc1.20.1.jar
[23Mar2025 15:21:21.462] [main/DEBUG] [net.minecraftforge.fml.loading.moddiscovery.ModFileInfo/LOADING]: Found valid mod file supermartijn642corelib-1.1.18-forge-mc1.20.1.jar with {supermartijn642corelib} mods - versions {1.1.18}
[23Mar2025 15:21:21.466] [main/DEBUG] [net.minecraftforge.fml.loading.moddiscovery.ModFileParser/LOADING]: Considering mod file candidate /workspaces/insano/servidor_minecraft/mods/supplementaries-1.20-3.1.20.jar
[23Mar2025 15:21:21.467] [main/DEBUG] [net.minecraftforge.fml.loading.moddiscovery.ModFileInfo/LOADING]: Found valid mod file supplementaries-1.20-3.1.20.jar with {supplementaries} mods - versions {1.20-3.1.20}
[23Mar2025 15:21:21.468] [main/DEBUG] [net.minecraftforge.fml.loading.moddiscovery.ModFileParser/LOADING]: Considering mod file candidate /workspaces/insano/servidor_minecraft/mods/tameablebeasts-6.2.jar
[23Mar2025 15:21:21.469] [main/DEBUG] [net.minecraftforge.fml.loading.moddiscovery.ModFileInfo/LOADING]: Found valid mod file tameablebeasts-6.2.jar with {tameablebeasts} mods - versions {6.2}
[23Mar2025 15:21:21.469] [main/DEBUG] [net.minecraftforge.fml.loading.moddiscovery.ModFileParser/LOADING]: Considering mod file candidate /workspaces/insano/servidor_minecraft/mods/TerraBlender-forge-1.20.1-3.0.1.7.jar
[23Mar2025 15:21:21.470] [main/DEBUG] [net.minecraftforge.fml.loading.moddiscovery.ModFileInfo/LOADING]: Found valid mod file TerraBlender-forge-1.20.1-3.0.1.7.jar with {terrablender} mods - versions {3.0.1.7}
[23Mar2025 15:21:21.471] [main/DEBUG] [net.minecraftforge.fml.loading.moddiscovery.ModFileParser/LOADING]: Considering mod file candidate /workspaces/insano/servidor_minecraft/mods/The_Graveyard_3.1_(FORGE)_for_1.20.1.jar
[23Mar2025 15:21:21.472] [main/DEBUG] [net.minecraftforge.fml.loading.moddiscovery.ModFileInfo/LOADING]: Found valid mod file The_Graveyard_3.1_(FORGE)_for_1.20.1.jar with {graveyard} mods - versions {3.1}
[23Mar2025 15:21:21.474] [main/DEBUG] [net.minecraftforge.fml.loading.moddiscovery.ModFileParser/LOADING]: Considering mod file candidate /workspaces/insano/servidor_minecraft/mods/THEUNDEADREVAMPED_1.5d_1.20.1.jar
[23Mar2025 15:21:21.474] [main/DEBUG] [net.minecraftforge.fml.loading.moddiscovery.ModFileInfo/LOADING]: Found valid mod file THEUNDEADREVAMPED_1.5d_1.20.1.jar with {undead_revamp2} mods - versions {1.0.0}
[23Mar2025 15:21:21.475] [main/DEBUG] [net.minecraftforge.fml.loading.moddiscovery.ModFileParser/LOADING]: Considering mod file candidate /workspaces/insano/servidor_minecraft/mods/tombstone-1.20.1-8.9.2.jar
[23Mar2025 15:21:21.476] [main/DEBUG] [net.minecraftforge.fml.loading.moddiscovery.ModFileInfo/LOADING]: Found valid mod file tombstone-1.20.1-8.9.2.jar with {tombstone} mods - versions {8.9.2}
[23Mar2025 15:21:21.477] [main/DEBUG] [net.minecraftforge.fml.loading.moddiscovery.ModFileParser/LOADING]: Considering mod file candidate /workspaces/insano/servidor_minecraft/mods/Towns-and-Towers-1.12-Fabric+Forge.jar
[23Mar2025 15:21:21.479] [main/DEBUG] [net.minecraftforge.fml.loading.moddiscovery.ModFileInfo/LOADING]: Found valid mod file Towns-and-Towers-1.12-Fabric+Forge.jar with {t_and_t} mods - versions {0.0NONE}
[23Mar2025 15:21:21.479] [main/DEBUG] [net.minecraftforge.fml.loading.moddiscovery.ModFileParser/LOADING]: Considering mod file candidate /workspaces/insano/servidor_minecraft/mods/trashslot-forge-1.20-15.1.1.jar
[23Mar2025 15:21:21.480] [main/DEBUG] [net.minecraftforge.fml.loading.moddiscovery.ModFileInfo/LOADING]: Found valid mod file trashslot-forge-1.20-15.1.1.jar with {trashslot} mods - versions {15.1.1}
[23Mar2025 15:21:21.480] [main/DEBUG] [net.minecraftforge.fml.loading.moddiscovery.ModFileParser/LOADING]: Considering mod file candidate /workspaces/insano/servidor_minecraft/mods/TreeChop-1.20.1-forge-0.19.0-fixed.jar
[23Mar2025 15:21:21.481] [main/DEBUG] [net.minecraftforge.fml.loading.moddiscovery.ModFileInfo/LOADING]: Found valid mod file TreeChop-1.20.1-forge-0.19.0-fixed.jar with {treechop} mods - versions {0.19.0}
[23Mar2025 15:21:21.481] [main/DEBUG] [net.minecraftforge.fml.loading.moddiscovery.ModFileParser/LOADING]: Considering mod file candidate /workspaces/insano/servidor_minecraft/mods/tru.e-ending-v1.1.0c.jar
[23Mar2025 15:21:21.482] [main/DEBUG] [net.minecraftforge.fml.loading.moddiscovery.ModFileInfo/LOADING]: Found valid mod file tru.e-ending-v1.1.0c.jar with {mr_limesplatus_ending} mods - versions {1-v1.1.0c}
[23Mar2025 15:21:21.487] [main/DEBUG] [net.minecraftforge.fml.loading.moddiscovery.ModFileParser/LOADING]: Considering mod file candidate /workspaces/insano/servidor_minecraft/mods/twilightforest-1.20.1-4.3.2508-universal.jar
[23Mar2025 15:21:21.488] [main/DEBUG] [net.minecraftforge.fml.loading.moddiscovery.ModFileInfo/LOADING]: Found valid mod file twilightforest-1.20.1-4.3.2508-universal.jar with {twilightforest} mods - versions {4.3.2508}
[23Mar2025 15:21:21.489] [main/DEBUG] [net.minecraftforge.fml.loading.moddiscovery.ModFileParser/LOADING]: Considering mod file candidate /workspaces/insano/servidor_minecraft/mods/Villainous Horde Manager-forge-1.20.1-0.6.1.1.jar
[23Mar2025 15:21:21.489] [main/DEBUG] [net.minecraftforge.fml.loading.moddiscovery.ModFileInfo/LOADING]: Found valid mod file Villainous Horde Manager-forge-1.20.1-0.6.1.1.jar with {villainoushordemanager} mods - versions {0.6.1.1}
[23Mar2025 15:21:21.490] [main/DEBUG] [net.minecraftforge.fml.loading.moddiscovery.ModFileParser/LOADING]: Considering mod file candidate /workspaces/insano/servidor_minecraft/mods/watut-forge-1.20.1-1.1.3.jar
[23Mar2025 15:21:21.490] [main/DEBUG] [net.minecraftforge.fml.loading.moddiscovery.ModFileInfo/LOADING]: Found valid mod file watut-forge-1.20.1-1.1.3.jar with {watut} mods - versions {1.20.1-1.1.3}
[23Mar2025 15:21:21.491] [main/DEBUG] [net.minecraftforge.fml.loading.moddiscovery.ModFileParser/LOADING]: Considering mod file candidate /workspaces/insano/servidor_minecraft/mods/waystones-forge-1.20.1-14.1.11.jar
[23Mar2025 15:21:21.492] [main/DEBUG] [net.minecraftforge.fml.loading.moddiscovery.ModFileInfo/LOADING]: Found valid mod file waystones-forge-1.20.1-14.1.11.jar with {waystones} mods - versions {14.1.11}
[23Mar2025 15:21:21.494] [main/DEBUG] [net.minecraftforge.fml.loading.moddiscovery.ModFileParser/LOADING]: Considering mod file candidate /workspaces/insano/servidor_minecraft/mods/witherstormmod-1.20.1-4.2.1-all.jar
[23Mar2025 15:21:21.494] [main/DEBUG] [net.minecraftforge.fml.loading.moddiscovery.ModFileInfo/LOADING]: Found valid mod file witherstormmod-1.20.1-4.2.1-all.jar with {witherstormmod} mods - versions {4.2.1}
[23Mar2025 15:21:21.495] [main/DEBUG] [net.minecraftforge.fml.loading.moddiscovery.ModFileParser/LOADING]: Considering mod file candidate /workspaces/insano/servidor_minecraft/mods/YungsApi-1.20-Forge-4.0.6.jar
[23Mar2025 15:21:21.496] [main/DEBUG] [net.minecraftforge.fml.loading.moddiscovery.ModFileInfo/LOADING]: Found valid mod file YungsApi-1.20-Forge-4.0.6.jar with {yungsapi} mods - versions {1.20-Forge-4.0.6}
[23Mar2025 15:21:21.496] [main/DEBUG] [net.minecraftforge.fml.loading.moddiscovery.ModFileParser/LOADING]: Considering mod file candidate /workspaces/insano/servidor_minecraft/mods/YungsBetterDesertTemples-1.20-Forge-3.0.3.jar
[23Mar2025 15:21:21.497] [main/DEBUG] [net.minecraftforge.fml.loading.moddiscovery.ModFileInfo/LOADING]: Found valid mod file YungsBetterDesertTemples-1.20-Forge-3.0.3.jar with {betterdeserttemples} mods - versions {1.20-Forge-3.0.3}
[23Mar2025 15:21:21.497] [main/DEBUG] [net.minecraftforge.fml.loading.moddiscovery.ModFileParser/LOADING]: Considering mod file candidate /workspaces/insano/servidor_minecraft/mods/YungsBetterJungleTemples-1.20-Forge-2.0.5.jar
[23Mar2025 15:21:21.498] [main/DEBUG] [net.minecraftforge.fml.loading.moddiscovery.ModFileInfo/LOADING]: Found valid mod file YungsBetterJungleTemples-1.20-Forge-2.0.5.jar with {betterjungletemples} mods - versions {1.20-Forge-2.0.5}
[23Mar2025 15:21:21.498] [main/DEBUG] [net.minecraftforge.fml.loading.moddiscovery.ModFileParser/LOADING]: Considering mod file candidate /workspaces/insano/servidor_minecraft/mods/YungsBetterMineshafts-1.20-Forge-4.0.4.jar
[23Mar2025 15:21:21.499] [main/DEBUG] [net.minecraftforge.fml.loading.moddiscovery.ModFileInfo/LOADING]: Found valid mod file YungsBetterMineshafts-1.20-Forge-4.0.4.jar with {bettermineshafts} mods - versions {1.20-Forge-4.0.4}
[23Mar2025 15:21:21.500] [main/DEBUG] [net.minecraftforge.fml.loading.moddiscovery.ModFileParser/LOADING]: Considering mod file candidate /workspaces/insano/servidor_minecraft/mods/YungsBetterNetherFortresses-1.20-Forge-2.0.6.jar
[23Mar2025 15:21:21.500] [main/DEBUG] [net.minecraftforge.fml.loading.moddiscovery.ModFileInfo/LOADING]: Found valid mod file YungsBetterNetherFortresses-1.20-Forge-2.0.6.jar with {betterfortresses} mods - versions {1.20-Forge-2.0.6}
[23Mar2025 15:21:21.501] [main/DEBUG] [net.minecraftforge.fml.loading.moddiscovery.ModFileParser/LOADING]: Considering mod file candidate /workspaces/insano/servidor_minecraft/mods/YungsBetterStrongholds-1.20-Forge-4.0.3.jar
[23Mar2025 15:21:21.501] [main/DEBUG] [net.minecraftforge.fml.loading.moddiscovery.ModFileInfo/LOADING]: Found valid mod file YungsBetterStrongholds-1.20-Forge-4.0.3.jar with {betterstrongholds} mods - versions {1.20-Forge-4.0.3}
[23Mar2025 15:21:21.502] [main/DEBUG] [net.minecraftforge.fml.loading.moddiscovery.ModFileParser/LOADING]: Considering mod file candidate /workspaces/insano/servidor_minecraft/mods/Zeta-1.0-24.jar
[23Mar2025 15:21:21.503] [main/DEBUG] [net.minecraftforge.fml.loading.moddiscovery.ModFileInfo/LOADING]: Found valid mod file Zeta-1.0-24.jar with {zeta} mods - versions {1.0-24}
[23Mar2025 15:21:21.624] [main/DEBUG] [net.minecraftforge.fml.loading.moddiscovery.ModFileInfo/LOADING]: Found valid mod file server-1.20.1-20230612.114412-srg.jar with {minecraft} mods - versions {1.20.1}
[23Mar2025 15:21:21.627] [main/DEBUG] [net.minecraftforge.fml.loading.moddiscovery.ModFileParser/LOADING]: Considering mod file candidate /workspaces/insano/servidor_minecraft/libraries/net/minecraftforge/fmlcore/1.20.1-47.3.7/fmlcore-1.20.1-47.3.7.jar
[23Mar2025 15:21:21.628] [main/WARN] [net.minecraftforge.fml.loading.moddiscovery.ModFileParser/LOADING]: Mod file /workspaces/insano/servidor_minecraft/libraries/net/minecraftforge/fmlcore/1.20.1-47.3.7/fmlcore-1.20.1-47.3.7.jar is missing mods.toml file
[23Mar2025 15:21:21.629] [main/DEBUG] [net.minecraftforge.fml.loading.moddiscovery.ModFileParser/LOADING]: Considering mod file candidate /workspaces/insano/servidor_minecraft/libraries/net/minecraftforge/javafmllanguage/1.20.1-47.3.7/javafmllanguage-1.20.1-47.3.7.jar
[23Mar2025 15:21:21.629] [main/WARN] [net.minecraftforge.fml.loading.moddiscovery.ModFileParser/LOADING]: Mod file /workspaces/insano/servidor_minecraft/libraries/net/minecraftforge/javafmllanguage/1.20.1-47.3.7/javafmllanguage-1.20.1-47.3.7.jar is missing mods.toml file
[23Mar2025 15:21:21.630] [main/DEBUG] [net.minecraftforge.fml.loading.moddiscovery.ModFileParser/LOADING]: Considering mod file candidate /workspaces/insano/servidor_minecraft/libraries/net/minecraftforge/lowcodelanguage/1.20.1-47.3.7/lowcodelanguage-1.20.1-47.3.7.jar
[23Mar2025 15:21:21.630] [main/WARN] [net.minecraftforge.fml.loading.moddiscovery.ModFileParser/LOADING]: Mod file /workspaces/insano/servidor_minecraft/libraries/net/minecraftforge/lowcodelanguage/1.20.1-47.3.7/lowcodelanguage-1.20.1-47.3.7.jar is missing mods.toml file
[23Mar2025 15:21:21.631] [main/DEBUG] [net.minecraftforge.fml.loading.moddiscovery.ModFileParser/LOADING]: Considering mod file candidate /workspaces/insano/servidor_minecraft/libraries/net/minecraftforge/mclanguage/1.20.1-47.3.7/mclanguage-1.20.1-47.3.7.jar
[23Mar2025 15:21:21.631] [main/WARN] [net.minecraftforge.fml.loading.moddiscovery.ModFileParser/LOADING]: Mod file /workspaces/insano/servidor_minecraft/libraries/net/minecraftforge/mclanguage/1.20.1-47.3.7/mclanguage-1.20.1-47.3.7.jar is missing mods.toml file
[23Mar2025 15:21:21.674] [main/DEBUG] [net.minecraftforge.fml.loading.moddiscovery.ModFileParser/LOADING]: Considering mod file candidate /workspaces/insano/servidor_minecraft/libraries/net/minecraftforge/forge/1.20.1-47.3.7/forge-1.20.1-47.3.7-universal.jar
[23Mar2025 15:21:21.675] [main/DEBUG] [net.minecraftforge.fml.loading.moddiscovery.ModFileInfo/LOADING]: Found valid mod file forge-1.20.1-47.3.7-universal.jar with {forge} mods - versions {47.3.7}
[23Mar2025 15:21:21.687] [main/DEBUG] [net.minecraftforge.fml.loading.moddiscovery.AbstractJarFileDependencyLocator/]: Failed to load resource META-INF/jarjar/metadata.json from indestructible_blocks-1.0.3+1.20.1.jar, it does not contain dependency information.
[23Mar2025 15:21:21.687] [main/DEBUG] [net.minecraftforge.fml.loading.moddiscovery.AbstractJarFileDependencyLocator/]: Failed to load resource META-INF/jarjar/metadata.json from TreeChop-1.20.1-forge-0.19.0-fixed.jar, it does not contain dependency information.
[23Mar2025 15:21:21.688] [main/DEBUG] [net.minecraftforge.fml.loading.moddiscovery.AbstractJarFileDependencyLocator/]: Failed to load resource META-INF/jarjar/metadata.json from mowziesmobs-1.7.1.jar, it does not contain dependency information.
[23Mar2025 15:21:21.688] [main/DEBUG] [net.minecraftforge.fml.loading.moddiscovery.AbstractJarFileDependencyLocator/]: Failed to load resource META-INF/jarjar/metadata.json from tameablebeasts-6.2.jar, it does not contain dependency information.
[23Mar2025 15:21:21.688] [main/DEBUG] [net.minecraftforge.fml.loading.moddiscovery.AbstractJarFileDependencyLocator/]: Failed to load resource META-INF/jarjar/metadata.json from trashslot-forge-1.20-15.1.1.jar, it does not contain dependency information.
[23Mar2025 15:21:21.688] [main/DEBUG] [net.minecraftforge.fml.loading.moddiscovery.AbstractJarFileDependencyLocator/]: Failed to load resource META-INF/jarjar/metadata.json from alexsmobs-1.22.9.jar, it does not contain dependency information.
[23Mar2025 15:21:21.688] [main/DEBUG] [net.minecraftforge.fml.loading.moddiscovery.AbstractJarFileDependencyLocator/]: Failed to load resource META-INF/jarjar/metadata.json from player-animation-lib-forge-1.0.2-rc1+1.20.jar, it does not contain dependency information.
[23Mar2025 15:21:21.688] [main/DEBUG] [net.minecraftforge.fml.loading.moddiscovery.AbstractJarFileDependencyLocator/]: Failed to load resource META-INF/jarjar/metadata.json from botarium-forge-1.20.1-2.3.4.jar, it does not contain dependency information.
[23Mar2025 15:21:21.688] [main/DEBUG] [net.minecraftforge.fml.loading.moddiscovery.AbstractJarFileDependencyLocator/]: Failed to load resource META-INF/jarjar/metadata.json from jei-1.20.1-forge-15.19.5.99.jar, it does not contain dependency information.
[23Mar2025 15:21:21.689] [main/DEBUG] [net.minecraftforge.fml.loading.moddiscovery.AbstractJarFileDependencyLocator/]: Failed to load resource META-INF/jarjar/metadata.json from lithostitched-forge-1.20.1-1.4.4.jar, it does not contain dependency information.
[23Mar2025 15:21:21.689] [main/DEBUG] [net.minecraftforge.fml.loading.moddiscovery.AbstractJarFileDependencyLocator/]: Failed to load resource META-INF/jarjar/metadata.json from The_Graveyard_3.1_(FORGE)_for_1.20.1.jar, it does not contain dependency information.
[23Mar2025 15:21:21.689] [main/DEBUG] [net.minecraftforge.fml.loading.moddiscovery.AbstractJarFileDependencyLocator/]: Failed to load resource META-INF/jarjar/metadata.json from common-networking-forge-1.0.5-1.20.1.jar, it does not contain dependency information.
[23Mar2025 15:21:21.689] [main/DEBUG] [net.minecraftforge.fml.loading.moddiscovery.AbstractJarFileDependencyLocator/]: Failed to load resource META-INF/jarjar/metadata.json from goblintraders-forge-1.20.1-1.9.3.jar, it does not contain dependency information.
[23Mar2025 15:21:21.689] [main/DEBUG] [net.minecraftforge.fml.loading.moddiscovery.AbstractJarFileDependencyLocator/]: Failed to load resource META-INF/jarjar/metadata.json from obscure_api-15.jar, it does not contain dependency information.
[23Mar2025 15:21:21.689] [main/DEBUG] [net.minecraftforge.fml.loading.moddiscovery.AbstractJarFileDependencyLocator/]: Failed to load resource META-INF/jarjar/metadata.json from sophisticatedcore-1.20.1-1.2.22.901.jar, it does not contain dependency information.
[23Mar2025 15:21:21.689] [main/DEBUG] [net.minecraftforge.fml.loading.moddiscovery.AbstractJarFileDependencyLocator/]: Failed to load resource META-INF/jarjar/metadata.json from Ad-Astra-Giselle-Addon-forge-1.20.1-6.18.jar, it does not contain dependency information.
[23Mar2025 15:21:21.690] [main/DEBUG] [net.minecraftforge.fml.loading.moddiscovery.AbstractJarFileDependencyLocator/]: Failed to load resource META-INF/jarjar/metadata.json from waystones-forge-1.20.1-14.1.11.jar, it does not contain dependency information.
[23Mar2025 15:21:21.690] [main/DEBUG] [net.minecraftforge.fml.loading.moddiscovery.AbstractJarFileDependencyLocator/]: Failed to load resource META-INF/jarjar/metadata.json from Clumps-forge-1.20.1-12.0.0.4.jar, it does not contain dependency information.
[23Mar2025 15:21:21.690] [main/DEBUG] [net.minecraftforge.fml.loading.moddiscovery.AbstractJarFileDependencyLocator/]: Failed to load resource META-INF/jarjar/metadata.json from citadel-2.6.1-1.20.1.jar, it does not contain dependency information.
[23Mar2025 15:21:21.690] [main/DEBUG] [net.minecraftforge.fml.loading.moddiscovery.AbstractJarFileDependencyLocator/]: Failed to load resource META-INF/jarjar/metadata.json from NaturesCompass-1.20.1-1.11.2-forge.jar, it does not contain dependency information.
[23Mar2025 15:21:21.690] [main/DEBUG] [net.minecraftforge.fml.loading.moddiscovery.AbstractJarFileDependencyLocator/]: Failed to load resource META-INF/jarjar/metadata.json from customvillagertrades-forge-20.25.0.jar, it does not contain dependency information.
[23Mar2025 15:21:21.691] [main/DEBUG] [net.minecraftforge.fml.loading.moddiscovery.AbstractJarFileDependencyLocator/]: Failed to load resource META-INF/jarjar/metadata.json from YungsApi-1.20-Forge-4.0.6.jar, it does not contain dependency information.
[23Mar2025 15:21:21.691] [main/DEBUG] [net.minecraftforge.fml.loading.moddiscovery.AbstractJarFileDependencyLocator/]: Failed to load resource META-INF/jarjar/metadata.json from knightlib-forge-1.20.1-1.2.0.jar, it does not contain dependency information.
[23Mar2025 15:21:21.691] [main/DEBUG] [net.minecraftforge.fml.loading.moddiscovery.AbstractJarFileDependencyLocator/]: Failed to load resource META-INF/jarjar/metadata.json from sophisticatedbackpacks-1.20.1-3.23.6.1210.jar, it does not contain dependency information.
[23Mar2025 15:21:21.691] [main/DEBUG] [net.minecraftforge.fml.loading.moddiscovery.AbstractJarFileDependencyLocator/]: Failed to load resource META-INF/jarjar/metadata.json from guardvillagers-1.20.1-1.6.10.jar, it does not contain dependency information.
[23Mar2025 15:21:21.691] [main/DEBUG] [net.minecraftforge.fml.loading.moddiscovery.AbstractJarFileDependencyLocator/]: Failed to load resource META-INF/jarjar/metadata.json from YungsBetterDesertTemples-1.20-Forge-3.0.3.jar, it does not contain dependency information.
[23Mar2025 15:21:21.691] [main/DEBUG] [net.minecraftforge.fml.loading.moddiscovery.AbstractJarFileDependencyLocator/]: Failed to load resource META-INF/jarjar/metadata.json from watut-forge-1.20.1-1.1.3.jar, it does not contain dependency information.
[23Mar2025 15:21:21.691] [main/DEBUG] [net.minecraftforge.fml.loading.moddiscovery.AbstractJarFileDependencyLocator/]: Failed to load resource META-INF/jarjar/metadata.json from faded_conquest_2-1.1.0-forge-1.20.1.jar, it does not contain dependency information.
[23Mar2025 15:21:21.692] [main/DEBUG] [net.minecraftforge.fml.loading.moddiscovery.AbstractJarFileDependencyLocator/]: Failed to load resource META-INF/jarjar/metadata.json from YungsBetterNetherFortresses-1.20-Forge-2.0.6.jar, it does not contain dependency information.
[23Mar2025 15:21:21.692] [main/DEBUG] [net.minecraftforge.fml.loading.moddiscovery.AbstractJarFileDependencyLocator/]: Failed to load resource META-INF/jarjar/metadata.json from Paraglider-forge-20.1.3.jar, it does not contain dependency information.
[23Mar2025 15:21:21.692] [main/DEBUG] [net.minecraftforge.fml.loading.moddiscovery.AbstractJarFileDependencyLocator/]: Failed to load resource META-INF/jarjar/metadata.json from cloth-config-11.1.136-forge.jar, it does not contain dependency information.
[23Mar2025 15:21:21.692] [main/DEBUG] [net.minecraftforge.fml.loading.moddiscovery.AbstractJarFileDependencyLocator/]: Failed to load resource META-INF/jarjar/metadata.json from forge-1.20.1-47.3.7-universal.jar, it does not contain dependency information.
[23Mar2025 15:21:21.692] [main/DEBUG] [net.minecraftforge.fml.loading.moddiscovery.AbstractJarFileDependencyLocator/]: Failed to load resource META-INF/jarjar/metadata.json from [forge]ctov-3.4.12.jar, it does not contain dependency information.
[23Mar2025 15:21:21.692] [main/DEBUG] [net.minecraftforge.fml.loading.moddiscovery.AbstractJarFileDependencyLocator/]: Failed to load resource META-INF/jarjar/metadata.json from twilightforest-1.20.1-4.3.2508-universal.jar, it does not contain dependency information.
[23Mar2025 15:21:21.692] [main/DEBUG] [net.minecraftforge.fml.loading.moddiscovery.AbstractJarFileDependencyLocator/]: Failed to load resource META-INF/jarjar/metadata.json from THEUNDEADREVAMPED_1.5d_1.20.1.jar, it does not contain dependency information.
[23Mar2025 15:21:21.692] [main/DEBUG] [net.minecraftforge.fml.loading.moddiscovery.AbstractJarFileDependencyLocator/]: Failed to load resource META-INF/jarjar/metadata.json from emotecraft-for-MC1.20.1-2.2.7-b.build.50-forge.jar, it does not contain dependency information.
[23Mar2025 15:21:21.692] [main/DEBUG] [net.minecraftforge.fml.loading.moddiscovery.AbstractJarFileDependencyLocator/]: Failed to load resource META-INF/jarjar/metadata.json from portalgun-1.20.1-1.3.5.jar, it does not contain dependency information.
[23Mar2025 15:21:21.693] [main/DEBUG] [net.minecraftforge.fml.loading.moddiscovery.AbstractJarFileDependencyLocator/]: Failed to load resource META-INF/jarjar/metadata.json from server-1.20.1-20230612.114412-srg.jar, it does not contain dependency information.
[23Mar2025 15:21:21.693] [main/DEBUG] [net.minecraftforge.fml.loading.moddiscovery.AbstractJarFileDependencyLocator/]: Failed to load resource META-INF/jarjar/metadata.json from FarmersDelight-1.20.1-1.2.7.jar, it does not contain dependency information.
[23Mar2025 15:21:21.693] [main/DEBUG] [net.minecraftforge.fml.loading.moddiscovery.AbstractJarFileDependencyLocator/]: Failed to load resource META-INF/jarjar/metadata.json from alexscaves-2.0.2.jar, it does not contain dependency information.
[23Mar2025 15:21:21.693] [main/DEBUG] [net.minecraftforge.fml.loading.moddiscovery.AbstractJarFileDependencyLocator/]: Failed to load resource META-INF/jarjar/metadata.json from TerraBlender-forge-1.20.1-3.0.1.7.jar, it does not contain dependency information.
[23Mar2025 15:21:21.693] [main/DEBUG] [net.minecraftforge.fml.loading.moddiscovery.AbstractJarFileDependencyLocator/]: Failed to load resource META-INF/jarjar/metadata.json from BiomesOPlenty-1.20.1-18.0.0.592.jar, it does not contain dependency information.
[23Mar2025 15:21:21.694] [main/DEBUG] [net.minecraftforge.fml.loading.moddiscovery.AbstractJarFileDependencyLocator/]: Failed to load resource META-INF/jarjar/metadata.json from Jade-1.20.1-Forge-11.12.3.jar, it does not contain dependency information.
[23Mar2025 15:21:21.694] [main/DEBUG] [net.minecraftforge.fml.loading.moddiscovery.AbstractJarFileDependencyLocator/]: Failed to load resource META-INF/jarjar/metadata.json from integrated_cataclysm_forge-1.0.4+1.20.1.jar, it does not contain dependency information.
[23Mar2025 15:21:21.694] [main/DEBUG] [net.minecraftforge.fml.loading.moddiscovery.AbstractJarFileDependencyLocator/]: Failed to load resource META-INF/jarjar/metadata.json from knightquest-forge-1.20.1-1.8.4.jar, it does not contain dependency information.
[23Mar2025 15:21:21.694] [main/DEBUG] [net.minecraftforge.fml.loading.moddiscovery.AbstractJarFileDependencyLocator/]: Failed to load resource META-INF/jarjar/metadata.json from CreativeCore_FORGE_v2.12.31_mc1.20.1.jar, it does not contain dependency information.
[23Mar2025 15:21:21.694] [main/DEBUG] [net.minecraftforge.fml.loading.moddiscovery.AbstractJarFileDependencyLocator/]: Failed to load resource META-INF/jarjar/metadata.json from From-The-Fog-1.20-v1.9.2-Forge-Fabric.jar, it does not contain dependency information.
[23Mar2025 15:21:21.694] [main/DEBUG] [net.minecraftforge.fml.loading.moddiscovery.AbstractJarFileDependencyLocator/]: Failed to load resource META-INF/jarjar/metadata.json from revive_hardcore_players-1.1-1.20.1.jar, it does not contain dependency information.
[23Mar2025 15:21:21.694] [main/DEBUG] [net.minecraftforge.fml.loading.moddiscovery.AbstractJarFileDependencyLocator/]: Failed to load resource META-INF/jarjar/metadata.json from supermartijn642corelib-1.1.18-forge-mc1.20.1.jar, it does not contain dependency information.
[23Mar2025 15:21:21.695] [main/DEBUG] [net.minecraftforge.fml.loading.moddiscovery.AbstractJarFileDependencyLocator/]: Failed to load resource META-INF/jarjar/metadata.json from resourcefulconfig-forge-1.20.1-2.1.3.jar, it does not contain dependency information.
[23Mar2025 15:21:21.695] [main/DEBUG] [net.minecraftforge.fml.loading.moddiscovery.AbstractJarFileDependencyLocator/]: Failed to load resource META-INF/jarjar/metadata.json from born_in_chaos_[Forge]1.20.1_1.6.3.jar, it does not contain dependency information.
[23Mar2025 15:21:21.695] [main/DEBUG] [net.minecraftforge.fml.loading.moddiscovery.AbstractJarFileDependencyLocator/]: Failed to load resource META-INF/jarjar/metadata.json from lionfishapi-2.4-Fix.jar, it does not contain dependency information.
[23Mar2025 15:21:21.695] [main/DEBUG] [net.minecraftforge.fml.loading.moddiscovery.AbstractJarFileDependencyLocator/]: Failed to load resource META-INF/jarjar/metadata.json from portablemobs-1.2.0-forge-mc1.20.jar, it does not contain dependency information.
[23Mar2025 15:21:21.695] [main/DEBUG] [net.minecraftforge.fml.loading.moddiscovery.AbstractJarFileDependencyLocator/]: Failed to load resource META-INF/jarjar/metadata.json from Ribbits-1.20.1-Forge-3.0.4.jar, it does not contain dependency information.
[23Mar2025 15:21:21.695] [main/DEBUG] [net.minecraftforge.fml.loading.moddiscovery.AbstractJarFileDependencyLocator/]: Failed to load resource META-INF/jarjar/metadata.json from L_Enders_Cataclysm-2.58- 1.20.1.jar, it does not contain dependency information.
[23Mar2025 15:21:21.695] [main/DEBUG] [net.minecraftforge.fml.loading.moddiscovery.AbstractJarFileDependencyLocator/]: Failed to load resource META-INF/jarjar/metadata.json from curios-forge-5.12.1+1.20.1.jar, it does not contain dependency information.
[23Mar2025 15:21:21.696] [main/DEBUG] [net.minecraftforge.fml.loading.moddiscovery.AbstractJarFileDependencyLocator/]: Failed to load resource META-INF/jarjar/metadata.json from [1.20.1] SecurityCraft v1.9.12.jar, it does not contain dependency information.
[23Mar2025 15:21:21.696] [main/DEBUG] [net.minecraftforge.fml.loading.moddiscovery.AbstractJarFileDependencyLocator/]: Failed to load resource META-INF/jarjar/metadata.json from elevatorid-1.20.1-lex-1.9.jar, it does not contain dependency information.
[23Mar2025 15:21:21.696] [main/DEBUG] [net.minecraftforge.fml.loading.moddiscovery.AbstractJarFileDependencyLocator/]: Failed to load resource META-INF/jarjar/metadata.json from YungsBetterStrongholds-1.20-Forge-4.0.3.jar, it does not contain dependency information.
[23Mar2025 15:21:21.696] [main/DEBUG] [net.minecraftforge.fml.loading.moddiscovery.AbstractJarFileDependencyLocator/]: Failed to load resource META-INF/jarjar/metadata.json from tombstone-1.20.1-8.9.2.jar, it does not contain dependency information.
[23Mar2025 15:21:21.697] [main/DEBUG] [net.minecraftforge.fml.loading.moddiscovery.AbstractJarFileDependencyLocator/]: Failed to load resource META-INF/jarjar/metadata.json from cannibal-1.0.5-1.20.1.jar, it does not contain dependency information.
[23Mar2025 15:21:21.697] [main/DEBUG] [net.minecraftforge.fml.loading.moddiscovery.AbstractJarFileDependencyLocator/]: Failed to load resource META-INF/jarjar/metadata.json from coroutil-forge-1.20.1-1.3.7.jar, it does not contain dependency information.
[23Mar2025 15:21:21.697] [main/DEBUG] [net.minecraftforge.fml.loading.moddiscovery.AbstractJarFileDependencyLocator/]: Failed to load resource META-INF/jarjar/metadata.json from deeperdarker-forge-1.20.1-1.3.3.jar, it does not contain dependency information.
[23Mar2025 15:21:21.697] [main/DEBUG] [net.minecraftforge.fml.loading.moddiscovery.AbstractJarFileDependencyLocator/]: Failed to load resource META-INF/jarjar/metadata.json from architectury-9.2.14-forge.jar, it does not contain dependency information.
[23Mar2025 15:21:21.697] [main/DEBUG] [net.minecraftforge.fml.loading.moddiscovery.AbstractJarFileDependencyLocator/]: Failed to load resource META-INF/jarjar/metadata.json from tru.e-ending-v1.1.0c.jar, it does not contain dependency information.
[23Mar2025 15:21:21.697] [main/DEBUG] [net.minecraftforge.fml.loading.moddiscovery.AbstractJarFileDependencyLocator/]: Failed to load resource META-INF/jarjar/metadata.json from lootr-forge-1.20-0.7.35.90.jar, it does not contain dependency information.
[23Mar2025 15:21:21.697] [main/DEBUG] [net.minecraftforge.fml.loading.moddiscovery.AbstractJarFileDependencyLocator/]: Failed to load resource META-INF/jarjar/metadata.json from Villainous Horde Manager-forge-1.20.1-0.6.1.1.jar, it does not contain dependency information.
[23Mar2025 15:21:21.697] [main/DEBUG] [net.minecraftforge.fml.loading.moddiscovery.AbstractJarFileDependencyLocator/]: Failed to load resource META-INF/jarjar/metadata.json from framework-forge-1.20.1-0.7.12.jar, it does not contain dependency information.
[23Mar2025 15:21:21.698] [main/DEBUG] [net.minecraftforge.fml.loading.moddiscovery.AbstractJarFileDependencyLocator/]: Failed to load resource META-INF/jarjar/metadata.json from illageandspillagerespillaged-1.2.8.jar, it does not contain dependency information.
[23Mar2025 15:21:21.698] [main/DEBUG] [net.minecraftforge.fml.loading.moddiscovery.AbstractJarFileDependencyLocator/]: Failed to load resource META-INF/jarjar/metadata.json from Towns-and-Towers-1.12-Fabric+Forge.jar, it does not contain dependency information.
[23Mar2025 15:21:21.698] [main/DEBUG] [net.minecraftforge.fml.loading.moddiscovery.AbstractJarFileDependencyLocator/]: Failed to load resource META-INF/jarjar/metadata.json from YungsBetterMineshafts-1.20-Forge-4.0.4.jar, it does not contain dependency information.
[23Mar2025 15:21:21.698] [main/DEBUG] [net.minecraftforge.fml.loading.moddiscovery.AbstractJarFileDependencyLocator/]: Failed to load resource META-INF/jarjar/metadata.json from omni_card-1.20.1-1.3.2.jar, it does not contain dependency information.
[23Mar2025 15:21:21.698] [main/DEBUG] [net.minecraftforge.fml.loading.moddiscovery.AbstractJarFileDependencyLocator/]: Failed to load resource META-INF/jarjar/metadata.json from PlayerRevive_FORGE_v2.0.31_mc1.20.1.jar, it does not contain dependency information.
[23Mar2025 15:21:21.698] [main/DEBUG] [net.minecraftforge.fml.loading.moddiscovery.AbstractJarFileDependencyLocator/]: Failed to load resource META-INF/jarjar/metadata.json from aquamirae-6.API15.jar, it does not contain dependency information.
[23Mar2025 15:21:21.698] [main/DEBUG] [net.minecraftforge.fml.loading.moddiscovery.AbstractJarFileDependencyLocator/]: Failed to load resource META-INF/jarjar/metadata.json from YungsBetterJungleTemples-1.20-Forge-2.0.5.jar, it does not contain dependency information.
[23Mar2025 15:21:21.698] [main/DEBUG] [net.minecraftforge.fml.loading.moddiscovery.AbstractJarFileDependencyLocator/]: Failed to load resource META-INF/jarjar/metadata.json from mclanguage-1.20.1-47.3.7.jar, it does not contain dependency information.
[23Mar2025 15:21:21.698] [main/DEBUG] [net.minecraftforge.fml.loading.moddiscovery.AbstractJarFileDependencyLocator/]: Failed to load resource META-INF/jarjar/metadata.json from javafmllanguage-1.20.1-47.3.7.jar, it does not contain dependency information.
[23Mar2025 15:21:21.699] [main/DEBUG] [net.minecraftforge.fml.loading.moddiscovery.AbstractJarFileDependencyLocator/]: Failed to load resource META-INF/jarjar/metadata.json from fmlcore-1.20.1-47.3.7.jar, it does not contain dependency information.
[23Mar2025 15:21:21.699] [main/DEBUG] [net.minecraftforge.fml.loading.moddiscovery.AbstractJarFileDependencyLocator/]: Failed to load resource META-INF/jarjar/metadata.json from lowcodelanguage-1.20.1-47.3.7.jar, it does not contain dependency information.
[23Mar2025 15:21:21.746] [main/DEBUG] [net.minecraftforge.fml.loading.moddiscovery.ModFileParser/LOADING]: Considering mod file candidate 
[23Mar2025 15:21:21.747] [main/DEBUG] [net.minecraftforge.fml.loading.moddiscovery.ModFileInfo/LOADING]: Found valid mod file spectrelib-forge-0.13.17+1.20.1.jar with {spectrelib} mods - versions {0.13.17+1.20.1}
[23Mar2025 15:21:21.754] [main/DEBUG] [net.minecraftforge.fml.loading.moddiscovery.ModFileParser/LOADING]: Considering mod file candidate 
[23Mar2025 15:21:21.755] [main/DEBUG] [net.minecraftforge.fml.loading.moddiscovery.ModFileInfo/LOADING]: Found valid mod file mixinextras-forge-0.3.2.jar with {mixinextras} mods - versions {0.3.2}
[23Mar2025 15:21:21.757] [main/DEBUG] [net.minecraftforge.fml.loading.moddiscovery.ModFileParser/LOADING]: Considering mod file candidate 
[23Mar2025 15:21:21.757] [main/DEBUG] [net.minecraftforge.fml.loading.moddiscovery.ModFileInfo/LOADING]: Found valid mod file expandability-forge-9.0.4.jar with {expandability} mods - versions {9.0.4}
[23Mar2025 15:21:21.759] [main/DEBUG] [net.minecraftforge.fml.loading.moddiscovery.ModFileParser/LOADING]: Considering mod file candidate 
[23Mar2025 15:21:21.759] [main/DEBUG] [net.minecraftforge.fml.loading.moddiscovery.ModFileInfo/LOADING]: Found valid mod file mixinextras-forge-0.3.5.jar with {mixinextras} mods - versions {0.3.5}
[23Mar2025 15:21:21.761] [main/DEBUG] [net.minecraftforge.fml.loading.moddiscovery.ModFileParser/LOADING]: Considering mod file candidate 
[23Mar2025 15:21:21.761] [main/DEBUG] [net.minecraftforge.fml.loading.moddiscovery.ModFileInfo/LOADING]: Found valid mod file kuma-api-forge-20.1.9-SNAPSHOT.jar with {kuma_api} mods - versions {20.1.9-SNAPSHOT}
[23Mar2025 15:21:21.767] [main/DEBUG] [net.minecraftforge.fml.loading.moddiscovery.ModFileParser/LOADING]: Considering mod file candidate 
[23Mar2025 15:21:21.768] [main/DEBUG] [net.minecraftforge.fml.loading.moddiscovery.ModFileInfo/LOADING]: Found valid mod file mixinextras-forge-0.3.2.jar with {mixinextras} mods - versions {0.3.2}
[23Mar2025 15:21:21.771] [main/DEBUG] [net.minecraftforge.fml.loading.moddiscovery.ModFileParser/LOADING]: Considering mod file candidate 
[23Mar2025 15:21:21.772] [main/DEBUG] [net.minecraftforge.fml.loading.moddiscovery.ModFileInfo/LOADING]: Found valid mod file flightlib-forge-2.1.0.jar with {flightlib} mods - versions {2.1.0}
[23Mar2025 15:21:21.776] [main/DEBUG] [net.minecraftforge.fml.loading.moddiscovery.ModFileParser/LOADING]: Considering mod file candidate 
[23Mar2025 15:21:21.776] [main/DEBUG] [net.minecraftforge.fml.loading.moddiscovery.ModFileInfo/LOADING]: Found valid mod file crackerslib-forge-1.20.1-0.4.1.jar with {crackerslib} mods - versions {1.20.1-0.4.1}
[23Mar2025 15:21:21.787] [main/DEBUG] [net.minecraftforge.fml.loading.moddiscovery.ModFileParser/LOADING]: Considering mod file candidate 
[23Mar2025 15:21:21.788] [main/DEBUG] [net.minecraftforge.fml.loading.moddiscovery.ModFileInfo/LOADING]: Found valid mod file kffmod-4.11.0.jar with {kotlinforforge} mods - versions {4.11.0}
[23Mar2025 15:21:21.791] [main/DEBUG] [net.minecraftforge.fml.loading.moddiscovery.ModFileParser/LOADING]: Considering mod file candidate 
[23Mar2025 15:21:21.792] [main/DEBUG] [net.minecraftforge.fml.loading.moddiscovery.ModFileInfo/LOADING]: Found valid mod file mixinextras-forge-0.3.6.jar with {mixinextras} mods - versions {0.3.6}
[23Mar2025 15:21:21.794] [main/DEBUG] [net.minecraftforge.fml.loading.moddiscovery.ModFileParser/LOADING]: Considering mod file candidate 
[23Mar2025 15:21:21.795] [main/DEBUG] [net.minecraftforge.fml.loading.moddiscovery.ModFileInfo/LOADING]: Found valid mod file mixinextras-forge-0.2.0-beta.7.jar with {mixinextras} mods - versions {0.2.0-beta.7}
[23Mar2025 15:21:21.797] [main/DEBUG] [net.minecraftforge.fml.loading.moddiscovery.ModFileParser/LOADING]: Considering mod file candidate 
[23Mar2025 15:21:21.797] [main/DEBUG] [net.minecraftforge.fml.loading.moddiscovery.ModFileInfo/LOADING]: Found valid mod file mixinextras-forge-0.4.1.jar with {mixinextras} mods - versions {0.4.1}
[23Mar2025 15:21:21.801] [main/DEBUG] [net.minecraftforge.fml.loading.moddiscovery.ModFileParser/LOADING]: Considering mod file candidate 
[23Mar2025 15:21:21.801] [main/DEBUG] [net.minecraftforge.fml.loading.moddiscovery.ModFileInfo/LOADING]: Found valid mod file mixinextras-forge-0.2.0-beta.6.jar with {mixinextras} mods - versions {0.2.0-beta.6}
[23Mar2025 15:21:21.820] [main/DEBUG] [net.minecraftforge.fml.loading.moddiscovery.ModFileParser/LOADING]: Considering mod file candidate 
[23Mar2025 15:21:21.821] [main/DEBUG] [net.minecraftforge.fml.loading.moddiscovery.ModFileInfo/LOADING]: Found valid mod file flywheel-forge-1.20.1-1.0.1.jar with {flywheel} mods - versions {1.0.1}
[23Mar2025 15:21:21.823] [main/DEBUG] [net.minecraftforge.fml.loading.moddiscovery.ModFileParser/LOADING]: Considering mod file candidate 
[23Mar2025 15:21:21.823] [main/DEBUG] [net.minecraftforge.fml.loading.moddiscovery.ModFileInfo/LOADING]: Found valid mod file mixinextras-forge-0.4.1.jar with {mixinextras} mods - versions {0.4.1}
[23Mar2025 15:21:21.850] [main/DEBUG] [net.minecraftforge.fml.loading.moddiscovery.ModFileParser/LOADING]: Considering mod file candidate 
[23Mar2025 15:21:21.851] [main/DEBUG] [net.minecraftforge.fml.loading.moddiscovery.ModFileInfo/LOADING]: Found valid mod file Ponder-Forge-1.20.1-1.0.51.jar with {ponder} mods - versions {1.0.51}
[23Mar2025 15:21:21.854] [main/DEBUG] [net.minecraftforge.fml.loading.moddiscovery.ModFileParser/LOADING]: Considering mod file candidate 
[23Mar2025 15:21:21.854] [main/DEBUG] [net.minecraftforge.fml.loading.moddiscovery.ModFileInfo/LOADING]: Found valid mod file mixinextras-forge-0.3.6.jar with {mixinextras} mods - versions {0.3.6}
[23Mar2025 15:21:21.855] [main/DEBUG] [net.minecraftforge.fml.loading.moddiscovery.ModFileParser/LOADING]: Considering mod file candidate 
[23Mar2025 15:21:21.856] [main/DEBUG] [net.minecraftforge.fml.loading.moddiscovery.ModFileInfo/LOADING]: Found valid mod file mixinsquared-forge-0.1.1.jar with {mixinsquared} mods - versions {0.1.1}
[23Mar2025 15:21:21.861] [main/DEBUG] [net.minecraftforge.fml.loading.moddiscovery.AbstractJarFileDependencyLocator/]: Failed to load resource META-INF/jarjar/metadata.json from spectrelib-forge-0.13.17+1.20.1.jar, it does not contain dependency information.
[23Mar2025 15:21:21.861] [main/DEBUG] [net.minecraftforge.fml.loading.moddiscovery.AbstractJarFileDependencyLocator/]: Failed to load resource META-INF/jarjar/metadata.json from mclib-20.jar, it does not contain dependency information.
[23Mar2025 15:21:21.873] [main/DEBUG] [net.minecraftforge.fml.loading.moddiscovery.AbstractJarFileDependencyLocator/]: Failed to load resource META-INF/jarjar/metadata.json from kuma-api-forge-20.1.9-SNAPSHOT.jar, it does not contain dependency information.
[23Mar2025 15:21:21.873] [main/DEBUG] [net.minecraftforge.fml.loading.moddiscovery.AbstractJarFileDependencyLocator/]: Failed to load resource META-INF/jarjar/metadata.json from jlayer-1.0.1.jar, it does not contain dependency information.
[23Mar2025 15:21:21.878] [main/DEBUG] [net.minecraftforge.fml.loading.moddiscovery.AbstractJarFileDependencyLocator/]: Failed to load resource META-INF/jarjar/metadata.json from flightlib-forge-2.1.0.jar, it does not contain dependency information.
[23Mar2025 15:21:21.878] [main/DEBUG] [net.minecraftforge.fml.loading.moddiscovery.AbstractJarFileDependencyLocator/]: Failed to load resource META-INF/jarjar/metadata.json from crackerslib-forge-1.20.1-0.4.1.jar, it does not contain dependency information.
[23Mar2025 15:21:21.878] [main/DEBUG] [net.minecraftforge.fml.loading.moddiscovery.AbstractJarFileDependencyLocator/]: Failed to load resource META-INF/jarjar/metadata.json from jankson-1.2.3.jar, it does not contain dependency information.
[23Mar2025 15:21:21.878] [main/DEBUG] [net.minecraftforge.fml.loading.moddiscovery.AbstractJarFileDependencyLocator/]: Failed to load resource META-INF/jarjar/metadata.json from kfflang-4.11.0.jar, it does not contain dependency information.
[23Mar2025 15:21:21.878] [main/DEBUG] [net.minecraftforge.fml.loading.moddiscovery.AbstractJarFileDependencyLocator/]: Failed to load resource META-INF/jarjar/metadata.json from kfflib-4.11.0.jar, it does not contain dependency information.
[23Mar2025 15:21:21.879] [main/DEBUG] [net.minecraftforge.fml.loading.moddiscovery.AbstractJarFileDependencyLocator/]: Failed to load resource META-INF/jarjar/metadata.json from kffmod-4.11.0.jar, it does not contain dependency information.
[23Mar2025 15:21:21.893] [main/DEBUG] [net.minecraftforge.fml.loading.moddiscovery.AbstractJarFileDependencyLocator/]: Failed to load resource META-INF/jarjar/metadata.json from Registrate-MC1.20-1.3.3.jar, it does not contain dependency information.
[23Mar2025 15:21:21.893] [main/DEBUG] [net.minecraftforge.fml.loading.moddiscovery.AbstractJarFileDependencyLocator/]: Failed to load resource META-INF/jarjar/metadata.json from flywheel-forge-1.20.1-1.0.1.jar, it does not contain dependency information.
[23Mar2025 15:21:21.898] [main/DEBUG] [net.minecraftforge.fml.loading.moddiscovery.AbstractJarFileDependencyLocator/]: Failed to load resource META-INF/jarjar/metadata.json from Ponder-Forge-1.20.1-1.0.51.jar, it does not contain dependency information.
[23Mar2025 15:21:21.904] [main/DEBUG] [net.minecraftforge.fml.loading.moddiscovery.AbstractJarFileDependencyLocator/]: Failed to load resource META-INF/jarjar/metadata.json from yabn-1.0.3.jar, it does not contain dependency information.
[23Mar2025 15:21:21.904] [main/DEBUG] [net.minecraftforge.fml.loading.moddiscovery.AbstractJarFileDependencyLocator/]: Failed to load resource META-INF/jarjar/metadata.json from bytecodecs-1.0.2.jar, it does not contain dependency information.
[23Mar2025 15:21:21.904] [main/DEBUG] [net.minecraftforge.fml.loading.moddiscovery.AbstractJarFileDependencyLocator/]: Failed to load resource META-INF/jarjar/metadata.json from MixinExtras-0.3.2.jar, it does not contain dependency information.
[23Mar2025 15:21:21.905] [main/DEBUG] [net.minecraftforge.fml.loading.moddiscovery.AbstractJarFileDependencyLocator/]: Failed to load resource META-INF/jarjar/metadata.json from MixinExtras-0.1.1.jar, it does not contain dependency information.
[23Mar2025 15:21:21.905] [main/DEBUG] [net.minecraftforge.fml.loading.moddiscovery.AbstractJarFileDependencyLocator/]: Failed to load resource META-INF/jarjar/metadata.json from MixinExtras-0.3.5.jar, it does not contain dependency information.
[23Mar2025 15:21:21.905] [main/DEBUG] [net.minecraftforge.fml.loading.moddiscovery.AbstractJarFileDependencyLocator/]: Failed to load resource META-INF/jarjar/metadata.json from MixinExtras-0.3.2.jar, it does not contain dependency information.
[23Mar2025 15:21:21.905] [main/DEBUG] [net.minecraftforge.fml.loading.moddiscovery.AbstractJarFileDependencyLocator/]: Failed to load resource META-INF/jarjar/metadata.json from MixinExtras-0.3.6.jar, it does not contain dependency information.
[23Mar2025 15:21:21.905] [main/DEBUG] [net.minecraftforge.fml.loading.moddiscovery.AbstractJarFileDependencyLocator/]: Failed to load resource META-INF/jarjar/metadata.json from MixinExtras-0.2.0-beta.7.jar, it does not contain dependency information.
[23Mar2025 15:21:21.905] [main/DEBUG] [net.minecraftforge.fml.loading.moddiscovery.AbstractJarFileDependencyLocator/]: Failed to load resource META-INF/jarjar/metadata.json from MixinExtras-0.4.1.jar, it does not contain dependency information.
[23Mar2025 15:21:21.905] [main/DEBUG] [net.minecraftforge.fml.loading.moddiscovery.AbstractJarFileDependencyLocator/]: Failed to load resource META-INF/jarjar/metadata.json from MixinExtras-0.2.0-beta.6.jar, it does not contain dependency information.
[23Mar2025 15:21:21.905] [main/DEBUG] [net.minecraftforge.fml.loading.moddiscovery.AbstractJarFileDependencyLocator/]: Failed to load resource META-INF/jarjar/metadata.json from MixinExtras-0.4.1.jar, it does not contain dependency information.
[23Mar2025 15:21:21.905] [main/DEBUG] [net.minecraftforge.fml.loading.moddiscovery.AbstractJarFileDependencyLocator/]: Failed to load resource META-INF/jarjar/metadata.json from MixinExtras-0.3.6.jar, it does not contain dependency information.
[23Mar2025 15:21:21.906] [main/DEBUG] [net.minecraftforge.fml.loading.moddiscovery.AbstractJarFileDependencyLocator/]: Failed to load resource META-INF/jarjar/metadata.json from MixinSquared-0.1.1.jar, it does not contain dependency information.
[23Mar2025 15:21:21.939] [main/DEBUG] [net.minecraftforge.fml.loading.moddiscovery.ModFileParser/LOADING]: Considering mod file candidate 
[23Mar2025 15:21:21.940] [main/DEBUG] [net.minecraftforge.fml.loading.moddiscovery.ModFileInfo/LOADING]: Found valid mod file flywheel-forge-1.20.1-1.0.1.jar with {flywheel} mods - versions {1.0.1}
[23Mar2025 15:21:21.944] [main/DEBUG] [net.minecraftforge.fml.loading.moddiscovery.ModFileParser/LOADING]: Considering mod file candidate 
[23Mar2025 15:21:21.945] [main/DEBUG] [net.minecraftforge.fml.loading.moddiscovery.ModFileInfo/LOADING]: Found valid mod file mixinextras-forge-0.4.1.jar with {mixinextras} mods - versions {0.4.1}
[23Mar2025 15:21:21.946] [main/DEBUG] [net.minecraftforge.fml.loading.moddiscovery.ModFileParser/LOADING]: Considering mod file candidate 
[23Mar2025 15:21:21.946] [main/DEBUG] [net.minecraftforge.fml.loading.moddiscovery.ModFileInfo/LOADING]: Found valid mod file kuma-api-forge-20.1.9-SNAPSHOT.jar with {kuma_api} mods - versions {20.1.9-SNAPSHOT}
[23Mar2025 15:21:21.947] [main/DEBUG] [net.minecraftforge.fml.loading.moddiscovery.ModFileParser/LOADING]: Considering mod file candidate 
[23Mar2025 15:21:21.948] [main/DEBUG] [net.minecraftforge.fml.loading.moddiscovery.ModFileInfo/LOADING]: Found valid mod file kffmod-4.11.0.jar with {kotlinforforge} mods - versions {4.11.0}
[23Mar2025 15:21:21.955] [main/DEBUG] [net.minecraftforge.fml.loading.moddiscovery.ModFileParser/LOADING]: Considering mod file candidate 
[23Mar2025 15:21:21.956] [main/DEBUG] [net.minecraftforge.fml.loading.moddiscovery.ModFileInfo/LOADING]: Found valid mod file Ponder-Forge-1.20.1-1.0.51.jar with {ponder} mods - versions {1.0.51}
[23Mar2025 15:21:21.961] [main/DEBUG] [net.minecraftforge.fml.loading.moddiscovery.ModFileParser/LOADING]: Considering mod file candidate 
[23Mar2025 15:21:21.962] [main/DEBUG] [net.minecraftforge.fml.loading.moddiscovery.ModFileInfo/LOADING]: Found valid mod file mixinextras-forge-0.2.0-beta.7.jar with {mixinextras} mods - versions {0.2.0-beta.7}
[23Mar2025 15:21:21.963] [main/DEBUG] [net.minecraftforge.fml.loading.moddiscovery.ModFileParser/LOADING]: Considering mod file candidate 
[23Mar2025 15:21:21.963] [main/DEBUG] [net.minecraftforge.fml.loading.moddiscovery.ModFileInfo/LOADING]: Found valid mod file mixinsquared-forge-0.1.1.jar with {mixinsquared} mods - versions {0.1.1}
[23Mar2025 15:21:21.970] [main/DEBUG] [net.minecraftforge.fml.loading.moddiscovery.ModFileParser/LOADING]: Considering mod file candidate 
[23Mar2025 15:21:21.971] [main/DEBUG] [net.minecraftforge.fml.loading.moddiscovery.ModFileInfo/LOADING]: Found valid mod file spectrelib-forge-0.13.17+1.20.1.jar with {spectrelib} mods - versions {0.13.17+1.20.1}
[23Mar2025 15:21:21.974] [main/DEBUG] [net.minecraftforge.fml.loading.moddiscovery.ModFileParser/LOADING]: Considering mod file candidate 
[23Mar2025 15:21:21.974] [main/DEBUG] [net.minecraftforge.fml.loading.moddiscovery.ModFileInfo/LOADING]: Found valid mod file expandability-forge-9.0.4.jar with {expandability} mods - versions {9.0.4}
[23Mar2025 15:21:21.977] [main/DEBUG] [net.minecraftforge.fml.loading.moddiscovery.ModFileParser/LOADING]: Considering mod file candidate 
[23Mar2025 15:21:21.977] [main/DEBUG] [net.minecraftforge.fml.loading.moddiscovery.ModFileInfo/LOADING]: Found valid mod file flightlib-forge-2.1.0.jar with {flightlib} mods - versions {2.1.0}
[23Mar2025 15:21:21.980] [main/DEBUG] [net.minecraftforge.fml.loading.moddiscovery.ModFileParser/LOADING]: Considering mod file candidate 
[23Mar2025 15:21:21.981] [main/DEBUG] [net.minecraftforge.fml.loading.moddiscovery.ModFileInfo/LOADING]: Found valid mod file crackerslib-forge-1.20.1-0.4.1.jar with {crackerslib} mods - versions {1.20.1-0.4.1}
[23Mar2025 15:21:21.981] [main/WARN] [net.minecraftforge.jarjar.selection.JarSelector/]: Attempted to select two dependency jars from JarJar which have the same identification: Mod File:  and Mod File: . Using Mod File: 
[23Mar2025 15:21:21.984] [main/INFO] [net.minecraftforge.fml.loading.moddiscovery.JarInJarDependencyLocator/]: Found 20 dependencies adding them to mods collection
[23Mar2025 15:21:21.989] [main/DEBUG] [net.minecraftforge.fml.loading.moddiscovery.ModFileParser/LOADING]: Considering mod file candidate /workspaces/insano/servidor_minecraft/mods/indestructible_blocks-1.0.3+1.20.1.jar
[23Mar2025 15:21:21.989] [main/DEBUG] [net.minecraftforge.fml.loading.moddiscovery.ModFileInfo/LOADING]: Found valid mod file indestructible_blocks-1.0.3+1.20.1.jar with {indestructible_blocks} mods - versions {1.0.3}
[23Mar2025 15:21:21.992] [main/DEBUG] [net.minecraftforge.fml.loading.moddiscovery.ModFile/LOADING]: Loading mod file /workspaces/insano/servidor_minecraft/mods/indestructible_blocks-1.0.3+1.20.1.jar with languages [LanguageSpec[languageName=javafml, acceptedVersions=[47,)]]
[23Mar2025 15:21:21.993] [main/DEBUG] [net.minecraftforge.fml.loading.moddiscovery.ModFileParser/LOADING]: Considering mod file candidate /workspaces/insano/servidor_minecraft/mods/TreeChop-1.20.1-forge-0.19.0-fixed.jar
[23Mar2025 15:21:21.993] [main/DEBUG] [net.minecraftforge.fml.loading.moddiscovery.ModFileInfo/LOADING]: Found valid mod file TreeChop-1.20.1-forge-0.19.0-fixed.jar with {treechop} mods - versions {0.19.0}
[23Mar2025 15:21:21.993] [main/DEBUG] [net.minecraftforge.fml.loading.moddiscovery.ModFile/LOADING]: Loading mod file /workspaces/insano/servidor_minecraft/mods/TreeChop-1.20.1-forge-0.19.0-fixed.jar with languages [LanguageSpec[languageName=javafml, acceptedVersions=[32,)]]
[23Mar2025 15:21:21.994] [main/DEBUG] [net.minecraftforge.fml.loading.moddiscovery.ModFileParser/LOADING]: Considering mod file candidate 
[23Mar2025 15:21:21.994] [main/DEBUG] [net.minecraftforge.fml.loading.moddiscovery.ModFileInfo/LOADING]: Found valid mod file kuma-api-forge-20.1.9-SNAPSHOT.jar with {kuma_api} mods - versions {20.1.9-SNAPSHOT}
[23Mar2025 15:21:21.994] [main/DEBUG] [net.minecraftforge.fml.loading.moddiscovery.ModFile/LOADING]: Loading mod file  with languages [LanguageSpec[languageName=javafml, acceptedVersions=[47,)]]
[23Mar2025 15:21:21.994] [main/DEBUG] [net.minecraftforge.fml.loading.moddiscovery.ModFileParser/LOADING]: Considering mod file candidate /workspaces/insano/servidor_minecraft/mods/alexsmobs-1.22.9.jar
[23Mar2025 15:21:21.995] [main/DEBUG] [net.minecraftforge.fml.loading.moddiscovery.ModFileInfo/LOADING]: Found valid mod file alexsmobs-1.22.9.jar with {alexsmobs} mods - versions {1.22.9}
[23Mar2025 15:21:21.995] [main/DEBUG] [net.minecraftforge.fml.loading.moddiscovery.ModFile/LOADING]: Loading mod file /workspaces/insano/servidor_minecraft/mods/alexsmobs-1.22.9.jar with languages [LanguageSpec[languageName=javafml, acceptedVersions=[46,)]]
[23Mar2025 15:21:21.995] [main/DEBUG] [net.minecraftforge.fml.loading.moddiscovery.ModFileParser/LOADING]: Considering mod file candidate /workspaces/insano/servidor_minecraft/mods/geckolib-forge-1.20.1-4.7.jar
[23Mar2025 15:21:21.996] [main/DEBUG] [net.minecraftforge.fml.loading.moddiscovery.ModFileInfo/LOADING]: Found valid mod file geckolib-forge-1.20.1-4.7.jar with {geckolib} mods - versions {4.7}
[23Mar2025 15:21:21.996] [main/DEBUG] [net.minecraftforge.fml.loading.moddiscovery.ModFile/LOADING]: Loading mod file /workspaces/insano/servidor_minecraft/mods/geckolib-forge-1.20.1-4.7.jar with languages [LanguageSpec[languageName=javafml, acceptedVersions=[47,)]]
[23Mar2025 15:21:21.996] [main/DEBUG] [net.minecraftforge.fml.loading.moddiscovery.ModFileParser/LOADING]: Considering mod file candidate 
[23Mar2025 15:21:21.997] [main/DEBUG] [net.minecraftforge.fml.loading.moddiscovery.ModFileInfo/LOADING]: Found valid mod file Ponder-Forge-1.20.1-1.0.51.jar with {ponder} mods - versions {1.0.51}
[23Mar2025 15:21:21.997] [main/DEBUG] [net.minecraftforge.fml.loading.moddiscovery.ModFile/LOADING]: Loading mod file  with languages [LanguageSpec[languageName=javafml, acceptedVersions=[47,)]]
[23Mar2025 15:21:21.997] [main/DEBUG] [net.minecraftforge.fml.loading.moddiscovery.ModFileParser/LOADING]: Considering mod file candidate /workspaces/insano/servidor_minecraft/mods/botarium-forge-1.20.1-2.3.4.jar
[23Mar2025 15:21:21.998] [main/DEBUG] [net.minecraftforge.fml.loading.moddiscovery.ModFileInfo/LOADING]: Found valid mod file botarium-forge-1.20.1-2.3.4.jar with {botarium} mods - versions {2.3.4}
[23Mar2025 15:21:21.998] [main/DEBUG] [net.minecraftforge.fml.loading.moddiscovery.ModFile/LOADING]: Loading mod file /workspaces/insano/servidor_minecraft/mods/botarium-forge-1.20.1-2.3.4.jar with languages [LanguageSpec[languageName=javafml, acceptedVersions=[47,)]]
[23Mar2025 15:21:21.998] [main/DEBUG] [net.minecraftforge.fml.loading.moddiscovery.ModFileParser/LOADING]: Considering mod file candidate /workspaces/insano/servidor_minecraft/mods/player-animation-lib-forge-1.0.2-rc1+1.20.jar
[23Mar2025 15:21:21.999] [main/DEBUG] [net.minecraftforge.fml.loading.moddiscovery.ModFileInfo/LOADING]: Found valid mod file player-animation-lib-forge-1.0.2-rc1+1.20.jar with {playeranimator} mods - versions {1.0.2-rc1+1.20}
[23Mar2025 15:21:21.999] [main/DEBUG] [net.minecraftforge.fml.loading.moddiscovery.ModFile/LOADING]: Loading mod file /workspaces/insano/servidor_minecraft/mods/player-animation-lib-forge-1.0.2-rc1+1.20.jar with languages [LanguageSpec[languageName=javafml, acceptedVersions=[46.0.0,)]]
[23Mar2025 15:21:21.999] [main/DEBUG] [net.minecraftforge.fml.loading.moddiscovery.ModFileParser/LOADING]: Considering mod file candidate /workspaces/insano/servidor_minecraft/mods/sophisticatedcore-1.20.1-1.2.22.901.jar
[23Mar2025 15:21:22.000] [main/DEBUG] [net.minecraftforge.fml.loading.moddiscovery.ModFileInfo/LOADING]: Found valid mod file sophisticatedcore-1.20.1-1.2.22.901.jar with {sophisticatedcore} mods - versions {1.2.22.901}
[23Mar2025 15:21:22.000] [main/DEBUG] [net.minecraftforge.fml.loading.moddiscovery.ModFile/LOADING]: Loading mod file /workspaces/insano/servidor_minecraft/mods/sophisticatedcore-1.20.1-1.2.22.901.jar with languages [LanguageSpec[languageName=javafml, acceptedVersions=[47,)]]
[23Mar2025 15:21:22.000] [main/DEBUG] [net.minecraftforge.fml.loading.moddiscovery.ModFileParser/LOADING]: Considering mod file candidate /workspaces/insano/servidor_minecraft/mods/Ad-Astra-Giselle-Addon-forge-1.20.1-6.18.jar
[23Mar2025 15:21:22.001] [main/DEBUG] [net.minecraftforge.fml.loading.moddiscovery.ModFileInfo/LOADING]: Found valid mod file Ad-Astra-Giselle-Addon-forge-1.20.1-6.18.jar with {ad_astra_giselle_addon} mods - versions {6.18}
[23Mar2025 15:21:22.001] [main/DEBUG] [net.minecraftforge.fml.loading.moddiscovery.ModFile/LOADING]: Loading mod file /workspaces/insano/servidor_minecraft/mods/Ad-Astra-Giselle-Addon-forge-1.20.1-6.18.jar with languages [LanguageSpec[languageName=javafml, acceptedVersions=[47,)]]
[23Mar2025 15:21:22.001] [main/DEBUG] [net.minecraftforge.fml.loading.moddiscovery.ModFileParser/LOADING]: Considering mod file candidate /workspaces/insano/servidor_minecraft/mods/create_jetpack-forge-4.4.0.jar
[23Mar2025 15:21:22.002] [main/DEBUG] [net.minecraftforge.fml.loading.moddiscovery.ModFileInfo/LOADING]: Found valid mod file create_jetpack-forge-4.4.0.jar with {create_jetpack} mods - versions {4.4.0}
[23Mar2025 15:21:22.002] [main/DEBUG] [net.minecraftforge.fml.loading.moddiscovery.ModFile/LOADING]: Loading mod file /workspaces/insano/servidor_minecraft/mods/create_jetpack-forge-4.4.0.jar with languages [LanguageSpec[languageName=javafml, acceptedVersions=[47,)]]
[23Mar2025 15:21:22.002] [main/DEBUG] [net.minecraftforge.fml.loading.moddiscovery.ModFileParser/LOADING]: Considering mod file candidate /workspaces/insano/servidor_minecraft/mods/citadel-2.6.1-1.20.1.jar
[23Mar2025 15:21:22.002] [main/DEBUG] [net.minecraftforge.fml.loading.moddiscovery.ModFileInfo/LOADING]: Found valid mod file citadel-2.6.1-1.20.1.jar with {citadel} mods - versions {2.6.1}
[23Mar2025 15:21:22.003] [main/DEBUG] [net.minecraftforge.fml.loading.moddiscovery.ModFile/LOADING]: Loading mod file /workspaces/insano/servidor_minecraft/mods/citadel-2.6.1-1.20.1.jar with languages [LanguageSpec[languageName=javafml, acceptedVersions=[47,)]]
[23Mar2025 15:21:22.003] [main/DEBUG] [net.minecraftforge.fml.loading.moddiscovery.ModFileParser/LOADING]: Considering mod file candidate /workspaces/insano/servidor_minecraft/mods/customvillagertrades-forge-20.25.0.jar
[23Mar2025 15:21:22.004] [main/DEBUG] [net.minecraftforge.fml.loading.moddiscovery.ModFileInfo/LOADING]: Found valid mod file customvillagertrades-forge-20.25.0.jar with {customvillagertrades} mods - versions {20.25.0}
[23Mar2025 15:21:22.004] [main/DEBUG] [net.minecraftforge.fml.loading.moddiscovery.ModFile/LOADING]: Loading mod file /workspaces/insano/servidor_minecraft/mods/customvillagertrades-forge-20.25.0.jar with languages [LanguageSpec[languageName=javafml, acceptedVersions=[47,)]]
[23Mar2025 15:21:22.004] [main/DEBUG] [net.minecraftforge.fml.loading.moddiscovery.ModFileParser/LOADING]: Considering mod file candidate /workspaces/insano/servidor_minecraft/mods/YungsApi-1.20-Forge-4.0.6.jar
[23Mar2025 15:21:22.004] [main/DEBUG] [net.minecraftforge.fml.loading.moddiscovery.ModFileInfo/LOADING]: Found valid mod file YungsApi-1.20-Forge-4.0.6.jar with {yungsapi} mods - versions {1.20-Forge-4.0.6}
[23Mar2025 15:21:22.005] [main/DEBUG] [net.minecraftforge.fml.loading.moddiscovery.ModFile/LOADING]: Loading mod file /workspaces/insano/servidor_minecraft/mods/YungsApi-1.20-Forge-4.0.6.jar with languages [LanguageSpec[languageName=javafml, acceptedVersions=[46,)]]
[23Mar2025 15:21:22.005] [main/DEBUG] [net.minecraftforge.fml.loading.moddiscovery.ModFileParser/LOADING]: Considering mod file candidate /workspaces/insano/servidor_minecraft/mods/guardvillagers-1.20.1-1.6.10.jar
[23Mar2025 15:21:22.005] [main/DEBUG] [net.minecraftforge.fml.loading.moddiscovery.ModFileInfo/LOADING]: Found valid mod file guardvillagers-1.20.1-1.6.10.jar with {guardvillagers} mods - versions {1.20.1-1.6.10}
[23Mar2025 15:21:22.006] [main/DEBUG] [net.minecraftforge.fml.loading.moddiscovery.ModFile/LOADING]: Loading mod file /workspaces/insano/servidor_minecraft/mods/guardvillagers-1.20.1-1.6.10.jar with languages [LanguageSpec[languageName=javafml, acceptedVersions=[46,)]]
[23Mar2025 15:21:22.006] [main/DEBUG] [net.minecraftforge.fml.loading.moddiscovery.ModFileParser/LOADING]: Considering mod file candidate /workspaces/insano/servidor_minecraft/mods/sophisticatedbackpacks-1.20.1-3.23.6.1210.jar
[23Mar2025 15:21:22.007] [main/DEBUG] [net.minecraftforge.fml.loading.moddiscovery.ModFileInfo/LOADING]: Found valid mod file sophisticatedbackpacks-1.20.1-3.23.6.1210.jar with {sophisticatedbackpacks} mods - versions {3.23.6.1210}
[23Mar2025 15:21:22.007] [main/DEBUG] [net.minecraftforge.fml.loading.moddiscovery.ModFile/LOADING]: Loading mod file /workspaces/insano/servidor_minecraft/mods/sophisticatedbackpacks-1.20.1-3.23.6.1210.jar with languages [LanguageSpec[languageName=javafml, acceptedVersions=[47,)]]
[23Mar2025 15:21:22.007] [main/DEBUG] [net.minecraftforge.fml.loading.moddiscovery.ModFileParser/LOADING]: Considering mod file candidate /workspaces/insano/servidor_minecraft/mods/balm-forge-1.20.1-7.3.18-all.jar
[23Mar2025 15:21:22.007] [main/DEBUG] [net.minecraftforge.fml.loading.moddiscovery.ModFileInfo/LOADING]: Found valid mod file balm-forge-1.20.1-7.3.18-all.jar with {balm} mods - versions {7.3.18}
[23Mar2025 15:21:22.008] [main/DEBUG] [net.minecraftforge.fml.loading.moddiscovery.ModFile/LOADING]: Loading mod file /workspaces/insano/servidor_minecraft/mods/balm-forge-1.20.1-7.3.18-all.jar with languages [LanguageSpec[languageName=javafml, acceptedVersions=[46,)]]
[23Mar2025 15:21:22.008] [main/DEBUG] [net.minecraftforge.fml.loading.moddiscovery.ModFileParser/LOADING]: Considering mod file candidate /workspaces/insano/servidor_minecraft/mods/carryon-forge-1.20.1-2.1.2.7.jar
[23Mar2025 15:21:22.009] [main/DEBUG] [net.minecraftforge.fml.loading.moddiscovery.ModFileInfo/LOADING]: Found valid mod file carryon-forge-1.20.1-2.1.2.7.jar with {carryon} mods - versions {2.1.2.7}
[23Mar2025 15:21:22.009] [main/DEBUG] [net.minecraftforge.fml.loading.moddiscovery.ModFile/LOADING]: Loading mod file /workspaces/insano/servidor_minecraft/mods/carryon-forge-1.20.1-2.1.2.7.jar with languages [LanguageSpec[languageName=javafml, acceptedVersions=[46,)]]
[23Mar2025 15:21:22.010] [main/DEBUG] [net.minecraftforge.fml.loading.moddiscovery.ModFileParser/LOADING]: Considering mod file candidate /workspaces/insano/servidor_minecraft/mods/faded_conquest_2-1.1.0-forge-1.20.1.jar
[23Mar2025 15:21:22.010] [main/DEBUG] [net.minecraftforge.fml.loading.moddiscovery.ModFileInfo/LOADING]: Found valid mod file faded_conquest_2-1.1.0-forge-1.20.1.jar with {faded_conquest_2} mods - versions {1.2.0}
[23Mar2025 15:21:22.010] [main/DEBUG] [net.minecraftforge.fml.loading.moddiscovery.ModFile/LOADING]: Loading mod file /workspaces/insano/servidor_minecraft/mods/faded_conquest_2-1.1.0-forge-1.20.1.jar with languages [LanguageSpec[languageName=javafml, acceptedVersions=[47,)]]
[23Mar2025 15:21:22.011] [main/DEBUG] [net.minecraftforge.fml.loading.moddiscovery.ModFileParser/LOADING]: Considering mod file candidate /workspaces/insano/servidor_minecraft/mods/cloth-config-11.1.136-forge.jar
[23Mar2025 15:21:22.011] [main/DEBUG] [net.minecraftforge.fml.loading.moddiscovery.ModFileInfo/LOADING]: Found valid mod file cloth-config-11.1.136-forge.jar with {cloth_config} mods - versions {11.1.136}
[23Mar2025 15:21:22.011] [main/DEBUG] [net.minecraftforge.fml.loading.moddiscovery.ModFile/LOADING]: Loading mod file /workspaces/insano/servidor_minecraft/mods/cloth-config-11.1.136-forge.jar with languages [LanguageSpec[languageName=javafml, acceptedVersions=[34,)]]
[23Mar2025 15:21:22.011] [main/DEBUG] [net.minecraftforge.fml.loading.moddiscovery.ModFileParser/LOADING]: Considering mod file candidate /workspaces/insano/servidor_minecraft/mods/Paraglider-forge-20.1.3.jar
[23Mar2025 15:21:22.012] [main/DEBUG] [net.minecraftforge.fml.loading.moddiscovery.ModFileInfo/LOADING]: Found valid mod file Paraglider-forge-20.1.3.jar with {paraglider} mods - versions {20.1.3}
[23Mar2025 15:21:22.012] [main/DEBUG] [net.minecraftforge.fml.loading.moddiscovery.ModFile/LOADING]: Loading mod file /workspaces/insano/servidor_minecraft/mods/Paraglider-forge-20.1.3.jar with languages [LanguageSpec[languageName=javafml, acceptedVersions=[47,)]]
[23Mar2025 15:21:22.012] [main/DEBUG] [net.minecraftforge.fml.loading.moddiscovery.ModFileParser/LOADING]: Considering mod file candidate /workspaces/insano/servidor_minecraft/mods/YungsBetterNetherFortresses-1.20-Forge-2.0.6.jar
[23Mar2025 15:21:22.012] [main/DEBUG] [net.minecraftforge.fml.loading.moddiscovery.ModFileInfo/LOADING]: Found valid mod file YungsBetterNetherFortresses-1.20-Forge-2.0.6.jar with {betterfortresses} mods - versions {1.20-Forge-2.0.6}
[23Mar2025 15:21:22.012] [main/DEBUG] [net.minecraftforge.fml.loading.moddiscovery.ModFile/LOADING]: Loading mod file /workspaces/insano/servidor_minecraft/mods/YungsBetterNetherFortresses-1.20-Forge-2.0.6.jar with languages [LanguageSpec[languageName=javafml, acceptedVersions=[46,)]]
[23Mar2025 15:21:22.012] [main/DEBUG] [net.minecraftforge.fml.loading.moddiscovery.ModFileParser/LOADING]: Considering mod file candidate /workspaces/insano/servidor_minecraft/mods/[forge]ctov-3.4.12.jar
[23Mar2025 15:21:22.013] [main/DEBUG] [net.minecraftforge.fml.loading.moddiscovery.ModFileInfo/LOADING]: Found valid mod file [forge]ctov-3.4.12.jar with {ctov} mods - versions {3.4.12}
[23Mar2025 15:21:22.013] [main/DEBUG] [net.minecraftforge.fml.loading.moddiscovery.ModFile/LOADING]: Loading mod file /workspaces/insano/servidor_minecraft/mods/[forge]ctov-3.4.12.jar with languages [LanguageSpec[languageName=javafml, acceptedVersions=[47,)]]
[23Mar2025 15:21:22.013] [main/DEBUG] [net.minecraftforge.fml.loading.moddiscovery.ModFileParser/LOADING]: Considering mod file candidate /workspaces/insano/servidor_minecraft/mods/supplementaries-1.20-3.1.20.jar
[23Mar2025 15:21:22.014] [main/DEBUG] [net.minecraftforge.fml.loading.moddiscovery.ModFileInfo/LOADING]: Found valid mod file supplementaries-1.20-3.1.20.jar with {supplementaries} mods - versions {1.20-3.1.20}
[23Mar2025 15:21:22.014] [main/DEBUG] [net.minecraftforge.fml.loading.moddiscovery.ModFile/LOADING]: Loading mod file /workspaces/insano/servidor_minecraft/mods/supplementaries-1.20-3.1.20.jar with languages [LanguageSpec[languageName=javafml, acceptedVersions=[4,)]]
[23Mar2025 15:21:22.014] [main/DEBUG] [net.minecraftforge.fml.loading.moddiscovery.ModFileParser/LOADING]: Considering mod file candidate /workspaces/insano/servidor_minecraft/mods/twilightforest-1.20.1-4.3.2508-universal.jar
[23Mar2025 15:21:22.014] [main/DEBUG] [net.minecraftforge.fml.loading.moddiscovery.ModFileInfo/LOADING]: Found valid mod file twilightforest-1.20.1-4.3.2508-universal.jar with {twilightforest} mods - versions {4.3.2508}
[23Mar2025 15:21:22.015] [main/DEBUG] [net.minecraftforge.fml.loading.moddiscovery.ModFile/LOADING]: Loading mod file /workspaces/insano/servidor_minecraft/mods/twilightforest-1.20.1-4.3.2508-universal.jar with languages [LanguageSpec[languageName=javafml, acceptedVersions=[47,)]]
[23Mar2025 15:21:22.016] [main/DEBUG] [net.minecraftforge.fml.loading.moddiscovery.ModFileParser/LOADING]: Found coremod seed with Javascript path META-INF/asm/seed.js
[23Mar2025 15:21:22.017] [main/DEBUG] [net.minecraftforge.fml.loading.moddiscovery.ModFileParser/LOADING]: Found coremod maprendercontext with Javascript path META-INF/asm/maprendercontext.js
[23Mar2025 15:21:22.017] [main/DEBUG] [net.minecraftforge.fml.loading.moddiscovery.ModFileParser/LOADING]: Found coremod music with Javascript path META-INF/asm/music.js
[23Mar2025 15:21:22.017] [main/DEBUG] [net.minecraftforge.fml.loading.moddiscovery.ModFileParser/LOADING]: Found coremod multipart with Javascript path META-INF/asm/multipart.js
[23Mar2025 15:21:22.017] [main/DEBUG] [net.minecraftforge.fml.loading.moddiscovery.ModFileParser/LOADING]: Found coremod foliage with Javascript path META-INF/asm/foliage.js
[23Mar2025 15:21:22.017] [main/DEBUG] [net.minecraftforge.fml.loading.moddiscovery.ModFileParser/LOADING]: Found coremod mount with Javascript path META-INF/asm/mount.js
[23Mar2025 15:21:22.017] [main/DEBUG] [net.minecraftforge.fml.loading.moddiscovery.ModFileParser/LOADING]: Found coremod book with Javascript path META-INF/asm/book.js
[23Mar2025 15:21:22.017] [main/DEBUG] [net.minecraftforge.fml.loading.moddiscovery.ModFileParser/LOADING]: Found coremod conquered with Javascript path META-INF/asm/conquered.js
[23Mar2025 15:21:22.017] [main/DEBUG] [net.minecraftforge.fml.loading.moddiscovery.ModFileParser/LOADING]: Found coremod reach with Javascript path META-INF/asm/reach.js
[23Mar2025 15:21:22.017] [main/DEBUG] [net.minecraftforge.fml.loading.moddiscovery.ModFileParser/LOADING]: Found coremod shroom with Javascript path META-INF/asm/shroom.js
[23Mar2025 15:21:22.017] [main/DEBUG] [net.minecraftforge.fml.loading.moddiscovery.ModFileParser/LOADING]: Found coremod cloud with Javascript path META-INF/asm/cloud.js
[23Mar2025 15:21:22.017] [main/DEBUG] [net.minecraftforge.fml.loading.moddiscovery.ModFileParser/LOADING]: Found coremod lead with Javascript path META-INF/asm/lead.js
[23Mar2025 15:21:22.017] [main/DEBUG] [net.minecraftforge.fml.loading.moddiscovery.ModFile/LOADING]: Found coremod META-INF/asm/seed.js
[23Mar2025 15:21:22.017] [main/DEBUG] [net.minecraftforge.fml.loading.moddiscovery.ModFile/LOADING]: Found coremod META-INF/asm/maprendercontext.js
[23Mar2025 15:21:22.017] [main/DEBUG] [net.minecraftforge.fml.loading.moddiscovery.ModFile/LOADING]: Found coremod META-INF/asm/music.js
[23Mar2025 15:21:22.017] [main/DEBUG] [net.minecraftforge.fml.loading.moddiscovery.ModFile/LOADING]: Found coremod META-INF/asm/multipart.js
[23Mar2025 15:21:22.017] [main/DEBUG] [net.minecraftforge.fml.loading.moddiscovery.ModFile/LOADING]: Found coremod META-INF/asm/foliage.js
[23Mar2025 15:21:22.017] [main/DEBUG] [net.minecraftforge.fml.loading.moddiscovery.ModFile/LOADING]: Found coremod META-INF/asm/mount.js
[23Mar2025 15:21:22.017] [main/DEBUG] [net.minecraftforge.fml.loading.moddiscovery.ModFile/LOADING]: Found coremod META-INF/asm/book.js
[23Mar2025 15:21:22.018] [main/DEBUG] [net.minecraftforge.fml.loading.moddiscovery.ModFile/LOADING]: Found coremod META-INF/asm/conquered.js
[23Mar2025 15:21:22.018] [main/DEBUG] [net.minecraftforge.fml.loading.moddiscovery.ModFile/LOADING]: Found coremod META-INF/asm/reach.js
[23Mar2025 15:21:22.018] [main/DEBUG] [net.minecraftforge.fml.loading.moddiscovery.ModFile/LOADING]: Found coremod META-INF/asm/shroom.js
[23Mar2025 15:21:22.018] [main/DEBUG] [net.minecraftforge.fml.loading.moddiscovery.ModFile/LOADING]: Found coremod META-INF/asm/cloud.js
[23Mar2025 15:21:22.018] [main/DEBUG] [net.minecraftforge.fml.loading.moddiscovery.ModFile/LOADING]: Found coremod META-INF/asm/lead.js
[23Mar2025 15:21:22.018] [main/DEBUG] [net.minecraftforge.fml.loading.moddiscovery.ModFileParser/LOADING]: Considering mod file candidate /workspaces/insano/servidor_minecraft/mods/portalgun-1.20.1-1.3.5.jar
[23Mar2025 15:21:22.018] [main/DEBUG] [net.minecraftforge.fml.loading.moddiscovery.ModFileInfo/LOADING]: Found valid mod file portalgun-1.20.1-1.3.5.jar with {ricksportalgun} mods - versions {1.3.5}
[23Mar2025 15:21:22.018] [main/DEBUG] [net.minecraftforge.fml.loading.moddiscovery.ModFile/LOADING]: Loading mod file /workspaces/insano/servidor_minecraft/mods/portalgun-1.20.1-1.3.5.jar with languages [LanguageSpec[languageName=javafml, acceptedVersions=[47,)]]
[23Mar2025 15:21:22.018] [main/DEBUG] [net.minecraftforge.fml.loading.moddiscovery.ModFileParser/LOADING]: Considering mod file candidate /workspaces/insano/servidor_minecraft/mods/FarmersDelight-1.20.1-1.2.7.jar
[23Mar2025 15:21:22.019] [main/DEBUG] [net.minecraftforge.fml.loading.moddiscovery.ModFileInfo/LOADING]: Found valid mod file FarmersDelight-1.20.1-1.2.7.jar with {farmersdelight} mods - versions {1.20.1-1.2.7}
[23Mar2025 15:21:22.019] [main/DEBUG] [net.minecraftforge.fml.loading.moddiscovery.ModFile/LOADING]: Loading mod file /workspaces/insano/servidor_minecraft/mods/FarmersDelight-1.20.1-1.2.7.jar with languages [LanguageSpec[languageName=javafml, acceptedVersions=[46,)]]
[23Mar2025 15:21:22.019] [main/DEBUG] [net.minecraftforge.fml.loading.moddiscovery.ModFileParser/LOADING]: Considering mod file candidate /workspaces/insano/servidor_minecraft/mods/BiomesOPlenty-1.20.1-18.0.0.592.jar
[23Mar2025 15:21:22.019] [main/DEBUG] [net.minecraftforge.fml.loading.moddiscovery.ModFileInfo/LOADING]: Found valid mod file BiomesOPlenty-1.20.1-18.0.0.592.jar with {biomesoplenty} mods - versions {18.0.0.592}
[23Mar2025 15:21:22.020] [main/DEBUG] [net.minecraftforge.fml.loading.moddiscovery.ModFile/LOADING]: Loading mod file /workspaces/insano/servidor_minecraft/mods/BiomesOPlenty-1.20.1-18.0.0.592.jar with languages [LanguageSpec[languageName=javafml, acceptedVersions=[45,)]]
[23Mar2025 15:21:22.020] [main/DEBUG] [net.minecraftforge.fml.loading.moddiscovery.ModFileParser/LOADING]: Considering mod file candidate /workspaces/insano/servidor_minecraft/mods/integrated_cataclysm_forge-1.0.4+1.20.1.jar
[23Mar2025 15:21:22.020] [main/DEBUG] [net.minecraftforge.fml.loading.moddiscovery.ModFileInfo/LOADING]: Found valid mod file integrated_cataclysm_forge-1.0.4+1.20.1.jar with {integrated_cataclysm} mods - versions {1.0.4+1.20.1}
[23Mar2025 15:21:22.020] [main/DEBUG] [net.minecraftforge.fml.loading.moddiscovery.ModFile/LOADING]: Loading mod file /workspaces/insano/servidor_minecraft/mods/integrated_cataclysm_forge-1.0.4+1.20.1.jar with languages [LanguageSpec[languageName=javafml, acceptedVersions=[38,)]]
[23Mar2025 15:21:22.020] [main/DEBUG] [net.minecraftforge.fml.loading.moddiscovery.ModFileParser/LOADING]: Considering mod file candidate /workspaces/insano/servidor_minecraft/mods/supermartijn642corelib-1.1.18-forge-mc1.20.1.jar
[23Mar2025 15:21:22.021] [main/DEBUG] [net.minecraftforge.fml.loading.moddiscovery.ModFileInfo/LOADING]: Found valid mod file supermartijn642corelib-1.1.18-forge-mc1.20.1.jar with {supermartijn642corelib} mods - versions {1.1.18}
[23Mar2025 15:21:22.021] [main/DEBUG] [net.minecraftforge.fml.loading.moddiscovery.ModFile/LOADING]: Loading mod file /workspaces/insano/servidor_minecraft/mods/supermartijn642corelib-1.1.18-forge-mc1.20.1.jar with languages [LanguageSpec[languageName=javafml, acceptedVersions=[46,)]]
[23Mar2025 15:21:22.021] [main/DEBUG] [net.minecraftforge.fml.loading.moddiscovery.ModFileParser/LOADING]: Considering mod file candidate /workspaces/insano/servidor_minecraft/mods/born_in_chaos_[Forge]1.20.1_1.6.3.jar
[23Mar2025 15:21:22.021] [main/DEBUG] [net.minecraftforge.fml.loading.moddiscovery.ModFileInfo/LOADING]: Found valid mod file born_in_chaos_[Forge]1.20.1_1.6.3.jar with {born_in_chaos_v1} mods - versions {1.6.3}
[23Mar2025 15:21:22.021] [main/DEBUG] [net.minecraftforge.fml.loading.moddiscovery.ModFile/LOADING]: Loading mod file /workspaces/insano/servidor_minecraft/mods/born_in_chaos_[Forge]1.20.1_1.6.3.jar with languages [LanguageSpec[languageName=javafml, acceptedVersions=[47,)]]
[23Mar2025 15:21:22.021] [main/DEBUG] [net.minecraftforge.fml.loading.moddiscovery.ModFileParser/LOADING]: Considering mod file candidate /workspaces/insano/servidor_minecraft/mods/resourcefulconfig-forge-1.20.1-2.1.3.jar
[23Mar2025 15:21:22.022] [main/DEBUG] [net.minecraftforge.fml.loading.moddiscovery.ModFileInfo/LOADING]: Found valid mod file resourcefulconfig-forge-1.20.1-2.1.3.jar with {resourcefulconfig} mods - versions {2.1.3}
[23Mar2025 15:21:22.022] [main/DEBUG] [net.minecraftforge.fml.loading.moddiscovery.ModFile/LOADING]: Loading mod file /workspaces/insano/servidor_minecraft/mods/resourcefulconfig-forge-1.20.1-2.1.3.jar with languages [LanguageSpec[languageName=javafml, acceptedVersions=[46,)]]
[23Mar2025 15:21:22.022] [main/DEBUG] [net.minecraftforge.fml.loading.moddiscovery.ModFileParser/LOADING]: Considering mod file candidate /workspaces/insano/servidor_minecraft/mods/lionfishapi-2.4-Fix.jar
[23Mar2025 15:21:22.022] [main/DEBUG] [net.minecraftforge.fml.loading.moddiscovery.ModFileInfo/LOADING]: Found valid mod file lionfishapi-2.4-Fix.jar with {lionfishapi} mods - versions {2.4-Fix}
[23Mar2025 15:21:22.023] [main/DEBUG] [net.minecraftforge.fml.loading.moddiscovery.ModFile/LOADING]: Loading mod file /workspaces/insano/servidor_minecraft/mods/lionfishapi-2.4-Fix.jar with languages [LanguageSpec[languageName=javafml, acceptedVersions=[47,)]]
[23Mar2025 15:21:22.023] [main/DEBUG] [net.minecraftforge.fml.loading.moddiscovery.ModFileParser/LOADING]: Considering mod file candidate /workspaces/insano/servidor_minecraft/mods/portablemobs-1.2.0-forge-mc1.20.jar
[23Mar2025 15:21:22.023] [main/DEBUG] [net.minecraftforge.fml.loading.moddiscovery.ModFileInfo/LOADING]: Found valid mod file portablemobs-1.2.0-forge-mc1.20.jar with {portablemobs} mods - versions {1.2.0}
[23Mar2025 15:21:22.023] [main/DEBUG] [net.minecraftforge.fml.loading.moddiscovery.ModFile/LOADING]: Loading mod file /workspaces/insano/servidor_minecraft/mods/portablemobs-1.2.0-forge-mc1.20.jar with languages [LanguageSpec[languageName=javafml, acceptedVersions=[46,)]]
[23Mar2025 15:21:22.023] [main/DEBUG] [net.minecraftforge.fml.loading.moddiscovery.ModFileParser/LOADING]: Considering mod file candidate /workspaces/insano/servidor_minecraft/mods/curios-forge-5.12.1+1.20.1.jar
[23Mar2025 15:21:22.024] [main/DEBUG] [net.minecraftforge.fml.loading.moddiscovery.ModFileInfo/LOADING]: Found valid mod file curios-forge-5.12.1+1.20.1.jar with {curios} mods - versions {5.12.1+1.20.1}
[23Mar2025 15:21:22.024] [main/DEBUG] [net.minecraftforge.fml.loading.moddiscovery.ModFile/LOADING]: Loading mod file /workspaces/insano/servidor_minecraft/mods/curios-forge-5.12.1+1.20.1.jar with languages [LanguageSpec[languageName=javafml, acceptedVersions=[41,)]]
[23Mar2025 15:21:22.024] [main/DEBUG] [net.minecraftforge.fml.loading.moddiscovery.ModFileParser/LOADING]: Considering mod file candidate /workspaces/insano/servidor_minecraft/mods/L_Enders_Cataclysm-2.58- 1.20.1.jar
[23Mar2025 15:21:22.024] [main/DEBUG] [net.minecraftforge.fml.loading.moddiscovery.ModFileInfo/LOADING]: Found valid mod file L_Enders_Cataclysm-2.58- 1.20.1.jar with {cataclysm} mods - versions {2.58}
[23Mar2025 15:21:22.024] [main/DEBUG] [net.minecraftforge.fml.loading.moddiscovery.ModFile/LOADING]: Loading mod file /workspaces/insano/servidor_minecraft/mods/L_Enders_Cataclysm-2.58- 1.20.1.jar with languages [LanguageSpec[languageName=javafml, acceptedVersions=[36,)]]
[23Mar2025 15:21:22.024] [main/DEBUG] [net.minecraftforge.fml.loading.moddiscovery.ModFileParser/LOADING]: Considering mod file candidate /workspaces/insano/servidor_minecraft/mods/elevatorid-1.20.1-lex-1.9.jar
[23Mar2025 15:21:22.025] [main/DEBUG] [net.minecraftforge.fml.loading.moddiscovery.ModFileInfo/LOADING]: Found valid mod file elevatorid-1.20.1-lex-1.9.jar with {elevatorid} mods - versions {1.20.1-lex-1.9}
[23Mar2025 15:21:22.025] [main/DEBUG] [net.minecraftforge.fml.loading.moddiscovery.ModFile/LOADING]: Loading mod file /workspaces/insano/servidor_minecraft/mods/elevatorid-1.20.1-lex-1.9.jar with languages [LanguageSpec[languageName=javafml, acceptedVersions=[47,)]]
[23Mar2025 15:21:22.025] [main/DEBUG] [net.minecraftforge.fml.loading.moddiscovery.ModFileParser/LOADING]: Considering mod file candidate /workspaces/insano/servidor_minecraft/mods/witherstormmod-1.20.1-4.2.1-all.jar
[23Mar2025 15:21:22.025] [main/DEBUG] [net.minecraftforge.fml.loading.moddiscovery.ModFileInfo/LOADING]: Found valid mod file witherstormmod-1.20.1-4.2.1-all.jar with {witherstormmod} mods - versions {4.2.1}
[23Mar2025 15:21:22.025] [main/DEBUG] [net.minecraftforge.fml.loading.moddiscovery.ModFile/LOADING]: Loading mod file /workspaces/insano/servidor_minecraft/mods/witherstormmod-1.20.1-4.2.1-all.jar with languages [LanguageSpec[languageName=javafml, acceptedVersions=[47,)]]
[23Mar2025 15:21:22.025] [main/DEBUG] [net.minecraftforge.fml.loading.moddiscovery.ModFileParser/LOADING]: Considering mod file candidate /workspaces/insano/servidor_minecraft/mods/tombstone-1.20.1-8.9.2.jar
[23Mar2025 15:21:22.026] [main/DEBUG] [net.minecraftforge.fml.loading.moddiscovery.ModFileInfo/LOADING]: Found valid mod file tombstone-1.20.1-8.9.2.jar with {tombstone} mods - versions {8.9.2}
[23Mar2025 15:21:22.026] [main/DEBUG] [net.minecraftforge.fml.loading.moddiscovery.ModFile/LOADING]: Loading mod file /workspaces/insano/servidor_minecraft/mods/tombstone-1.20.1-8.9.2.jar with languages [LanguageSpec[languageName=javafml, acceptedVersions=[46,)]]
[23Mar2025 15:21:22.026] [main/DEBUG] [net.minecraftforge.fml.loading.moddiscovery.ModFileParser/LOADING]: Considering mod file candidate /workspaces/insano/servidor_minecraft/mods/YungsBetterStrongholds-1.20-Forge-4.0.3.jar
[23Mar2025 15:21:22.026] [main/DEBUG] [net.minecraftforge.fml.loading.moddiscovery.ModFileInfo/LOADING]: Found valid mod file YungsBetterStrongholds-1.20-Forge-4.0.3.jar with {betterstrongholds} mods - versions {1.20-Forge-4.0.3}
[23Mar2025 15:21:22.026] [main/DEBUG] [net.minecraftforge.fml.loading.moddiscovery.ModFile/LOADING]: Loading mod file /workspaces/insano/servidor_minecraft/mods/YungsBetterStrongholds-1.20-Forge-4.0.3.jar with languages [LanguageSpec[languageName=javafml, acceptedVersions=[46,)]]
[23Mar2025 15:21:22.026] [main/DEBUG] [net.minecraftforge.fml.loading.moddiscovery.ModFileParser/LOADING]: Considering mod file candidate /workspaces/insano/servidor_minecraft/mods/rootoffear-1.20.1-1.0.10.jar
[23Mar2025 15:21:22.027] [main/DEBUG] [net.minecraftforge.fml.loading.moddiscovery.ModFileInfo/LOADING]: Found valid mod file rootoffear-1.20.1-1.0.10.jar with {rootoffear} mods - versions {1.0.10}
[23Mar2025 15:21:22.027] [main/DEBUG] [net.minecraftforge.fml.loading.moddiscovery.ModFile/LOADING]: Loading mod file /workspaces/insano/servidor_minecraft/mods/rootoffear-1.20.1-1.0.10.jar with languages [LanguageSpec[languageName=javafml, acceptedVersions=[47,)]]
[23Mar2025 15:21:22.027] [main/DEBUG] [net.minecraftforge.fml.loading.moddiscovery.ModFileParser/LOADING]: Considering mod file candidate /workspaces/insano/servidor_minecraft/mods/resourcefullib-forge-1.20.1-2.1.29.jar
[23Mar2025 15:21:22.027] [main/DEBUG] [net.minecraftforge.fml.loading.moddiscovery.ModFileInfo/LOADING]: Found valid mod file resourcefullib-forge-1.20.1-2.1.29.jar with {resourcefullib} mods - versions {2.1.29}
[23Mar2025 15:21:22.027] [main/DEBUG] [net.minecraftforge.fml.loading.moddiscovery.ModFile/LOADING]: Loading mod file /workspaces/insano/servidor_minecraft/mods/resourcefullib-forge-1.20.1-2.1.29.jar with languages [LanguageSpec[languageName=javafml, acceptedVersions=[46,)]]
[23Mar2025 15:21:22.027] [main/DEBUG] [net.minecraftforge.fml.loading.moddiscovery.ModFileParser/LOADING]: Considering mod file candidate /workspaces/insano/servidor_minecraft/mods/architectury-9.2.14-forge.jar
[23Mar2025 15:21:22.028] [main/DEBUG] [net.minecraftforge.fml.loading.moddiscovery.ModFileInfo/LOADING]: Found valid mod file architectury-9.2.14-forge.jar with {architectury} mods - versions {9.2.14}
[23Mar2025 15:21:22.028] [main/DEBUG] [net.minecraftforge.fml.loading.moddiscovery.ModFile/LOADING]: Loading mod file /workspaces/insano/servidor_minecraft/mods/architectury-9.2.14-forge.jar with languages [LanguageSpec[languageName=javafml, acceptedVersions=[46,)]]
[23Mar2025 15:21:22.028] [main/DEBUG] [net.minecraftforge.fml.loading.moddiscovery.ModFileParser/LOADING]: Considering mod file candidate /workspaces/insano/servidor_minecraft/mods/deeperdarker-forge-1.20.1-1.3.3.jar
[23Mar2025 15:21:22.028] [main/DEBUG] [net.minecraftforge.fml.loading.moddiscovery.ModFileInfo/LOADING]: Found valid mod file deeperdarker-forge-1.20.1-1.3.3.jar with {deeperdarker} mods - versions {1.3.3}
[23Mar2025 15:21:22.028] [main/DEBUG] [net.minecraftforge.fml.loading.moddiscovery.ModFile/LOADING]: Loading mod file /workspaces/insano/servidor_minecraft/mods/deeperdarker-forge-1.20.1-1.3.3.jar with languages [LanguageSpec[languageName=javafml, acceptedVersions=[47,)]]
[23Mar2025 15:21:22.028] [main/DEBUG] [net.minecraftforge.fml.loading.moddiscovery.ModFileParser/LOADING]: Considering mod file candidate /workspaces/insano/servidor_minecraft/mods/tru.e-ending-v1.1.0c.jar
[23Mar2025 15:21:22.029] [main/DEBUG] [net.minecraftforge.fml.loading.moddiscovery.ModFileInfo/LOADING]: Found valid mod file tru.e-ending-v1.1.0c.jar with {mr_limesplatus_ending} mods - versions {1-v1.1.0c}
[23Mar2025 15:21:22.029] [main/DEBUG] [net.minecraftforge.fml.loading.moddiscovery.ModFile/LOADING]: Loading mod file /workspaces/insano/servidor_minecraft/mods/tru.e-ending-v1.1.0c.jar with languages [LanguageSpec[languageName=lowcodefml, acceptedVersions=[40,)]]
[23Mar2025 15:21:22.029] [main/DEBUG] [net.minecraftforge.fml.loading.moddiscovery.ModFileParser/LOADING]: Considering mod file candidate 
[23Mar2025 15:21:22.029] [main/DEBUG] [net.minecraftforge.fml.loading.moddiscovery.ModFileInfo/LOADING]: Found valid mod file flightlib-forge-2.1.0.jar with {flightlib} mods - versions {2.1.0}
[23Mar2025 15:21:22.029] [main/DEBUG] [net.minecraftforge.fml.loading.moddiscovery.ModFile/LOADING]: Loading mod file  with languages [LanguageSpec[languageName=javafml, acceptedVersions=[47,)]]
[23Mar2025 15:21:22.029] [main/DEBUG] [net.minecraftforge.fml.loading.moddiscovery.ModFileParser/LOADING]: Considering mod file candidate /workspaces/insano/servidor_minecraft/mods/framework-forge-1.20.1-0.7.12.jar
[23Mar2025 15:21:22.030] [main/DEBUG] [net.minecraftforge.fml.loading.moddiscovery.ModFileInfo/LOADING]: Found valid mod file framework-forge-1.20.1-0.7.12.jar with {framework} mods - versions {0.7.12}
[23Mar2025 15:21:22.030] [main/DEBUG] [net.minecraftforge.fml.loading.moddiscovery.ModFile/LOADING]: Loading mod file /workspaces/insano/servidor_minecraft/mods/framework-forge-1.20.1-0.7.12.jar with languages [LanguageSpec[languageName=javafml, acceptedVersions=[39,)]]
[23Mar2025 15:21:22.030] [main/DEBUG] [net.minecraftforge.fml.loading.moddiscovery.ModFileParser/LOADING]: Considering mod file candidate /workspaces/insano/servidor_minecraft/mods/Villainous Horde Manager-forge-1.20.1-0.6.1.1.jar
[23Mar2025 15:21:22.030] [main/DEBUG] [net.minecraftforge.fml.loading.moddiscovery.ModFileInfo/LOADING]: Found valid mod file Villainous Horde Manager-forge-1.20.1-0.6.1.1.jar with {villainoushordemanager} mods - versions {0.6.1.1}
[23Mar2025 15:21:22.030] [main/DEBUG] [net.minecraftforge.fml.loading.moddiscovery.ModFile/LOADING]: Loading mod file /workspaces/insano/servidor_minecraft/mods/Villainous Horde Manager-forge-1.20.1-0.6.1.1.jar with languages [LanguageSpec[languageName=javafml, acceptedVersions=[47,)]]
[23Mar2025 15:21:22.030] [main/DEBUG] [net.minecraftforge.fml.loading.moddiscovery.ModFileParser/LOADING]: Considering mod file candidate /workspaces/insano/servidor_minecraft/mods/illageandspillagerespillaged-1.2.8.jar
[23Mar2025 15:21:22.031] [main/DEBUG] [net.minecraftforge.fml.loading.moddiscovery.ModFileInfo/LOADING]: Found valid mod file illageandspillagerespillaged-1.2.8.jar with {illageandspillage} mods - versions {1.2.8}
[23Mar2025 15:21:22.031] [main/DEBUG] [net.minecraftforge.fml.loading.moddiscovery.ModFile/LOADING]: Loading mod file /workspaces/insano/servidor_minecraft/mods/illageandspillagerespillaged-1.2.8.jar with languages [LanguageSpec[languageName=javafml, acceptedVersions=[47,)]]
[23Mar2025 15:21:22.031] [main/DEBUG] [net.minecraftforge.fml.loading.moddiscovery.ModFileParser/LOADING]: Considering mod file candidate /workspaces/insano/servidor_minecraft/mods/Towns-and-Towers-1.12-Fabric+Forge.jar
[23Mar2025 15:21:22.031] [main/DEBUG] [net.minecraftforge.fml.loading.moddiscovery.ModFileInfo/LOADING]: Found valid mod file Towns-and-Towers-1.12-Fabric+Forge.jar with {t_and_t} mods - versions {0.0NONE}
[23Mar2025 15:21:22.031] [main/DEBUG] [net.minecraftforge.fml.loading.moddiscovery.ModFile/LOADING]: Loading mod file /workspaces/insano/servidor_minecraft/mods/Towns-and-Towers-1.12-Fabric+Forge.jar with languages [LanguageSpec[languageName=javafml, acceptedVersions=[43,)]]
[23Mar2025 15:21:22.032] [main/DEBUG] [net.minecraftforge.fml.loading.moddiscovery.ModFileParser/LOADING]: Considering mod file candidate /workspaces/insano/servidor_minecraft/mods/omni_card-1.20.1-1.3.2.jar
[23Mar2025 15:21:22.032] [main/DEBUG] [net.minecraftforge.fml.loading.moddiscovery.ModFileInfo/LOADING]: Found valid mod file omni_card-1.20.1-1.3.2.jar with {omni_card} mods - versions {1.3.2}
[23Mar2025 15:21:22.032] [main/DEBUG] [net.minecraftforge.fml.loading.moddiscovery.ModFile/LOADING]: Loading mod file /workspaces/insano/servidor_minecraft/mods/omni_card-1.20.1-1.3.2.jar with languages [LanguageSpec[languageName=javafml, acceptedVersions=[47,)]]
[23Mar2025 15:21:22.032] [main/DEBUG] [net.minecraftforge.fml.loading.moddiscovery.ModFileParser/LOADING]: Considering mod file candidate /workspaces/insano/servidor_minecraft/mods/YungsBetterMineshafts-1.20-Forge-4.0.4.jar
[23Mar2025 15:21:22.032] [main/DEBUG] [net.minecraftforge.fml.loading.moddiscovery.ModFileInfo/LOADING]: Found valid mod file YungsBetterMineshafts-1.20-Forge-4.0.4.jar with {bettermineshafts} mods - versions {1.20-Forge-4.0.4}
[23Mar2025 15:21:22.032] [main/DEBUG] [net.minecraftforge.fml.loading.moddiscovery.ModFile/LOADING]: Loading mod file /workspaces/insano/servidor_minecraft/mods/YungsBetterMineshafts-1.20-Forge-4.0.4.jar with languages [LanguageSpec[languageName=javafml, acceptedVersions=[46,)]]
[23Mar2025 15:21:22.033] [main/DEBUG] [net.minecraftforge.fml.loading.moddiscovery.ModFileParser/LOADING]: Considering mod file candidate /workspaces/insano/servidor_minecraft/mods/PlayerRevive_FORGE_v2.0.31_mc1.20.1.jar
[23Mar2025 15:21:22.033] [main/DEBUG] [net.minecraftforge.fml.loading.moddiscovery.ModFileInfo/LOADING]: Found valid mod file PlayerRevive_FORGE_v2.0.31_mc1.20.1.jar with {playerrevive} mods - versions {2.0.31}
[23Mar2025 15:21:22.033] [main/DEBUG] [net.minecraftforge.fml.loading.moddiscovery.ModFile/LOADING]: Loading mod file /workspaces/insano/servidor_minecraft/mods/PlayerRevive_FORGE_v2.0.31_mc1.20.1.jar with languages [LanguageSpec[languageName=javafml, acceptedVersions=[46,)]]
[23Mar2025 15:21:22.033] [main/DEBUG] [net.minecraftforge.fml.loading.moddiscovery.ModFileParser/LOADING]: Considering mod file candidate /workspaces/insano/servidor_minecraft/mods/YungsBetterJungleTemples-1.20-Forge-2.0.5.jar
[23Mar2025 15:21:22.033] [main/DEBUG] [net.minecraftforge.fml.loading.moddiscovery.ModFileInfo/LOADING]: Found valid mod file YungsBetterJungleTemples-1.20-Forge-2.0.5.jar with {betterjungletemples} mods - versions {1.20-Forge-2.0.5}
[23Mar2025 15:21:22.033] [main/DEBUG] [net.minecraftforge.fml.loading.moddiscovery.ModFile/LOADING]: Loading mod file /workspaces/insano/servidor_minecraft/mods/YungsBetterJungleTemples-1.20-Forge-2.0.5.jar with languages [LanguageSpec[languageName=javafml, acceptedVersions=[46,)]]
[23Mar2025 15:21:22.034] [main/DEBUG] [net.minecraftforge.fml.loading.moddiscovery.ModFileParser/LOADING]: Considering mod file candidate /workspaces/insano/servidor_minecraft/mods/mowziesmobs-1.7.1.jar
[23Mar2025 15:21:22.034] [main/DEBUG] [net.minecraftforge.fml.loading.moddiscovery.ModFileInfo/LOADING]: Found valid mod file mowziesmobs-1.7.1.jar with {mowziesmobs} mods - versions {1.7.1}
[23Mar2025 15:21:22.034] [main/DEBUG] [net.minecraftforge.fml.loading.moddiscovery.ModFile/LOADING]: Loading mod file /workspaces/insano/servidor_minecraft/mods/mowziesmobs-1.7.1.jar with languages [LanguageSpec[languageName=javafml, acceptedVersions=[43,)]]
[23Mar2025 15:21:22.034] [main/DEBUG] [net.minecraftforge.fml.loading.moddiscovery.ModFileParser/LOADING]: Considering mod file candidate /workspaces/insano/servidor_minecraft/mods/tameablebeasts-6.2.jar
[23Mar2025 15:21:22.034] [main/DEBUG] [net.minecraftforge.fml.loading.moddiscovery.ModFileInfo/LOADING]: Found valid mod file tameablebeasts-6.2.jar with {tameablebeasts} mods - versions {6.2}
[23Mar2025 15:21:22.035] [main/DEBUG] [net.minecraftforge.fml.loading.moddiscovery.ModFile/LOADING]: Loading mod file /workspaces/insano/servidor_minecraft/mods/tameablebeasts-6.2.jar with languages [LanguageSpec[languageName=javafml, acceptedVersions=[41,)]]
[23Mar2025 15:21:22.035] [main/DEBUG] [net.minecraftforge.fml.loading.moddiscovery.ModFileParser/LOADING]: Considering mod file candidate /workspaces/insano/servidor_minecraft/mods/trashslot-forge-1.20-15.1.1.jar
[23Mar2025 15:21:22.035] [main/DEBUG] [net.minecraftforge.fml.loading.moddiscovery.ModFileInfo/LOADING]: Found valid mod file trashslot-forge-1.20-15.1.1.jar with {trashslot} mods - versions {15.1.1}
[23Mar2025 15:21:22.035] [main/DEBUG] [net.minecraftforge.fml.loading.moddiscovery.ModFile/LOADING]: Loading mod file /workspaces/insano/servidor_minecraft/mods/trashslot-forge-1.20-15.1.1.jar with languages [LanguageSpec[languageName=javafml, acceptedVersions=[46,)]]
[23Mar2025 15:21:22.035] [main/DEBUG] [net.minecraftforge.fml.loading.moddiscovery.ModFileParser/LOADING]: Considering mod file candidate /workspaces/insano/servidor_minecraft/mods/jei-1.20.1-forge-15.19.5.99.jar
[23Mar2025 15:21:22.036] [main/DEBUG] [net.minecraftforge.fml.loading.moddiscovery.ModFileInfo/LOADING]: Found valid mod file jei-1.20.1-forge-15.19.5.99.jar with {jei} mods - versions {15.19.5.99}
[23Mar2025 15:21:22.036] [main/DEBUG] [net.minecraftforge.fml.loading.moddiscovery.ModFile/LOADING]: Loading mod file /workspaces/insano/servidor_minecraft/mods/jei-1.20.1-forge-15.19.5.99.jar with languages [LanguageSpec[languageName=javafml, acceptedVersions=[47,)]]
[23Mar2025 15:21:22.036] [main/DEBUG] [net.minecraftforge.fml.loading.moddiscovery.ModFileParser/LOADING]: Considering mod file candidate /workspaces/insano/servidor_minecraft/mods/lithostitched-forge-1.20.1-1.4.4.jar
[23Mar2025 15:21:22.036] [main/DEBUG] [net.minecraftforge.fml.loading.moddiscovery.ModFileInfo/LOADING]: Found valid mod file lithostitched-forge-1.20.1-1.4.4.jar with {lithostitched} mods - versions {1.4}
[23Mar2025 15:21:22.036] [main/DEBUG] [net.minecraftforge.fml.loading.moddiscovery.ModFile/LOADING]: Loading mod file /workspaces/insano/servidor_minecraft/mods/lithostitched-forge-1.20.1-1.4.4.jar with languages [LanguageSpec[languageName=javafml, acceptedVersions=[46,)]]
[23Mar2025 15:21:22.036] [main/DEBUG] [net.minecraftforge.fml.loading.moddiscovery.ModFileParser/LOADING]: Considering mod file candidate /workspaces/insano/servidor_minecraft/mods/common-networking-forge-1.0.5-1.20.1.jar
[23Mar2025 15:21:22.037] [main/DEBUG] [net.minecraftforge.fml.loading.moddiscovery.ModFileInfo/LOADING]: Found valid mod file common-networking-forge-1.0.5-1.20.1.jar with {commonnetworking} mods - versions {1.0.5-1.20.1}
[23Mar2025 15:21:22.037] [main/DEBUG] [net.minecraftforge.fml.loading.moddiscovery.ModFile/LOADING]: Loading mod file /workspaces/insano/servidor_minecraft/mods/common-networking-forge-1.0.5-1.20.1.jar with languages [LanguageSpec[languageName=javafml, acceptedVersions=[44,)]]
[23Mar2025 15:21:22.037] [main/DEBUG] [net.minecraftforge.fml.loading.moddiscovery.ModFileParser/LOADING]: Considering mod file candidate /workspaces/insano/servidor_minecraft/mods/The_Graveyard_3.1_(FORGE)_for_1.20.1.jar
[23Mar2025 15:21:22.037] [main/DEBUG] [net.minecraftforge.fml.loading.moddiscovery.ModFileInfo/LOADING]: Found valid mod file The_Graveyard_3.1_(FORGE)_for_1.20.1.jar with {graveyard} mods - versions {3.1}
[23Mar2025 15:21:22.037] [main/DEBUG] [net.minecraftforge.fml.loading.moddiscovery.ModFile/LOADING]: Loading mod file /workspaces/insano/servidor_minecraft/mods/The_Graveyard_3.1_(FORGE)_for_1.20.1.jar with languages [LanguageSpec[languageName=javafml, acceptedVersions=[37,)]]
[23Mar2025 15:21:22.037] [main/DEBUG] [net.minecraftforge.fml.loading.moddiscovery.ModFileParser/LOADING]: Considering mod file candidate /workspaces/insano/servidor_minecraft/mods/goblintraders-forge-1.20.1-1.9.3.jar
[23Mar2025 15:21:22.038] [main/DEBUG] [net.minecraftforge.fml.loading.moddiscovery.ModFileInfo/LOADING]: Found valid mod file goblintraders-forge-1.20.1-1.9.3.jar with {goblintraders} mods - versions {1.9.3}
[23Mar2025 15:21:22.038] [main/DEBUG] [net.minecraftforge.fml.loading.moddiscovery.ModFile/LOADING]: Loading mod file /workspaces/insano/servidor_minecraft/mods/goblintraders-forge-1.20.1-1.9.3.jar with languages [LanguageSpec[languageName=javafml, acceptedVersions=[39,)]]
[23Mar2025 15:21:22.038] [main/DEBUG] [net.minecraftforge.fml.loading.moddiscovery.ModFileParser/LOADING]: Considering mod file candidate /workspaces/insano/servidor_minecraft/mods/obscure_api-15.jar
[23Mar2025 15:21:22.039] [main/DEBUG] [net.minecraftforge.fml.loading.moddiscovery.ModFileInfo/LOADING]: Found valid mod file obscure_api-15.jar with {obscure_api} mods - versions {15}
[23Mar2025 15:21:22.039] [main/DEBUG] [net.minecraftforge.fml.loading.moddiscovery.ModFile/LOADING]: Loading mod file /workspaces/insano/servidor_minecraft/mods/obscure_api-15.jar with languages [LanguageSpec[languageName=javafml, acceptedVersions=[47,)]]
[23Mar2025 15:21:22.039] [main/DEBUG] [net.minecraftforge.fml.loading.moddiscovery.ModFileParser/LOADING]: Considering mod file candidate /workspaces/insano/servidor_minecraft/mods/create-1.20.1-6.0.2.jar
[23Mar2025 15:21:22.039] [main/DEBUG] [net.minecraftforge.fml.loading.moddiscovery.ModFileInfo/LOADING]: Found valid mod file create-1.20.1-6.0.2.jar with {create} mods - versions {6.0.2}
[23Mar2025 15:21:22.039] [main/DEBUG] [net.minecraftforge.fml.loading.moddiscovery.ModFile/LOADING]: Loading mod file /workspaces/insano/servidor_minecraft/mods/create-1.20.1-6.0.2.jar with languages [LanguageSpec[languageName=javafml, acceptedVersions=[47,)]]
[23Mar2025 15:21:22.039] [main/DEBUG] [net.minecraftforge.fml.loading.moddiscovery.ModFileParser/LOADING]: Considering mod file candidate /workspaces/insano/servidor_minecraft/mods/waystones-forge-1.20.1-14.1.11.jar
[23Mar2025 15:21:22.040] [main/DEBUG] [net.minecraftforge.fml.loading.moddiscovery.ModFileInfo/LOADING]: Found valid mod file waystones-forge-1.20.1-14.1.11.jar with {waystones} mods - versions {14.1.11}
[23Mar2025 15:21:22.040] [main/DEBUG] [net.minecraftforge.fml.loading.moddiscovery.ModFile/LOADING]: Loading mod file /workspaces/insano/servidor_minecraft/mods/waystones-forge-1.20.1-14.1.11.jar with languages [LanguageSpec[languageName=javafml, acceptedVersions=[46,)]]
[23Mar2025 15:21:22.040] [main/DEBUG] [net.minecraftforge.fml.loading.moddiscovery.ModFileParser/LOADING]: Considering mod file candidate /workspaces/insano/servidor_minecraft/mods/Clumps-forge-1.20.1-12.0.0.4.jar
[23Mar2025 15:21:22.040] [main/DEBUG] [net.minecraftforge.fml.loading.moddiscovery.ModFileInfo/LOADING]: Found valid mod file Clumps-forge-1.20.1-12.0.0.4.jar with {clumps} mods - versions {12.0.0.4}
[23Mar2025 15:21:22.040] [main/DEBUG] [net.minecraftforge.fml.loading.moddiscovery.ModFile/LOADING]: Loading mod file /workspaces/insano/servidor_minecraft/mods/Clumps-forge-1.20.1-12.0.0.4.jar with languages [LanguageSpec[languageName=javafml, acceptedVersions=[41,)]]
[23Mar2025 15:21:22.040] [main/DEBUG] [net.minecraftforge.fml.loading.moddiscovery.ModFileParser/LOADING]: Considering mod file candidate /workspaces/insano/servidor_minecraft/mods/integrated_api-1.5.2+1.20.1-forge.jar
[23Mar2025 15:21:22.041] [main/DEBUG] [net.minecraftforge.fml.loading.moddiscovery.ModFileInfo/LOADING]: Found valid mod file integrated_api-1.5.2+1.20.1-forge.jar with {integrated_api} mods - versions {1.5.2+1.20.1-forge}
[23Mar2025 15:21:22.041] [main/DEBUG] [net.minecraftforge.fml.loading.moddiscovery.ModFile/LOADING]: Loading mod file /workspaces/insano/servidor_minecraft/mods/integrated_api-1.5.2+1.20.1-forge.jar with languages [LanguageSpec[languageName=javafml, acceptedVersions=[38,)]]
[23Mar2025 15:21:22.041] [main/DEBUG] [net.minecraftforge.fml.loading.moddiscovery.ModFileParser/LOADING]: Considering mod file candidate /workspaces/insano/servidor_minecraft/mods/artifacts-forge-9.5.13.jar
[23Mar2025 15:21:22.041] [main/DEBUG] [net.minecraftforge.fml.loading.moddiscovery.ModFileInfo/LOADING]: Found valid mod file artifacts-forge-9.5.13.jar with {artifacts} mods - versions {9.5.13}
[23Mar2025 15:21:22.041] [main/DEBUG] [net.minecraftforge.fml.loading.moddiscovery.ModFile/LOADING]: Loading mod file /workspaces/insano/servidor_minecraft/mods/artifacts-forge-9.5.13.jar with languages [LanguageSpec[languageName=javafml, acceptedVersions=[47,)]]
[23Mar2025 15:21:22.041] [main/DEBUG] [net.minecraftforge.fml.loading.moddiscovery.ModFileParser/LOADING]: Considering mod file candidate /workspaces/insano/servidor_minecraft/mods/NaturesCompass-1.20.1-1.11.2-forge.jar
[23Mar2025 15:21:22.042] [main/DEBUG] [net.minecraftforge.fml.loading.moddiscovery.ModFileInfo/LOADING]: Found valid mod file NaturesCompass-1.20.1-1.11.2-forge.jar with {naturescompass} mods - versions {1.20.1-1.11.2-forge}
[23Mar2025 15:21:22.042] [main/DEBUG] [net.minecraftforge.fml.loading.moddiscovery.ModFile/LOADING]: Loading mod file /workspaces/insano/servidor_minecraft/mods/NaturesCompass-1.20.1-1.11.2-forge.jar with languages [LanguageSpec[languageName=javafml, acceptedVersions=[47,)]]
[23Mar2025 15:21:22.042] [main/DEBUG] [net.minecraftforge.fml.loading.moddiscovery.ModFileParser/LOADING]: Considering mod file candidate 
[23Mar2025 15:21:22.042] [main/DEBUG] [net.minecraftforge.fml.loading.moddiscovery.ModFileInfo/LOADING]: Found valid mod file crackerslib-forge-1.20.1-0.4.1.jar with {crackerslib} mods - versions {1.20.1-0.4.1}
[23Mar2025 15:21:22.042] [main/DEBUG] [net.minecraftforge.fml.loading.moddiscovery.ModFile/LOADING]: Loading mod file  with languages [LanguageSpec[languageName=javafml, acceptedVersions=[47,)]]
[23Mar2025 15:21:22.042] [main/DEBUG] [net.minecraftforge.fml.loading.moddiscovery.ModFileParser/LOADING]: Considering mod file candidate /workspaces/insano/servidor_minecraft/mods/knightlib-forge-1.20.1-1.2.0.jar
[23Mar2025 15:21:22.043] [main/DEBUG] [net.minecraftforge.fml.loading.moddiscovery.ModFileInfo/LOADING]: Found valid mod file knightlib-forge-1.20.1-1.2.0.jar with {knightlib} mods - versions {1.2.0}
[23Mar2025 15:21:22.043] [main/DEBUG] [net.minecraftforge.fml.loading.moddiscovery.ModFile/LOADING]: Loading mod file /workspaces/insano/servidor_minecraft/mods/knightlib-forge-1.20.1-1.2.0.jar with languages [LanguageSpec[languageName=javafml, acceptedVersions=[47,)]]
[23Mar2025 15:21:22.043] [main/DEBUG] [net.minecraftforge.fml.loading.moddiscovery.ModFileParser/LOADING]: Considering mod file candidate /workspaces/insano/servidor_minecraft/mods/YungsBetterDesertTemples-1.20-Forge-3.0.3.jar
[23Mar2025 15:21:22.043] [main/DEBUG] [net.minecraftforge.fml.loading.moddiscovery.ModFileInfo/LOADING]: Found valid mod file YungsBetterDesertTemples-1.20-Forge-3.0.3.jar with {betterdeserttemples} mods - versions {1.20-Forge-3.0.3}
[23Mar2025 15:21:22.043] [main/DEBUG] [net.minecraftforge.fml.loading.moddiscovery.ModFile/LOADING]: Loading mod file /workspaces/insano/servidor_minecraft/mods/YungsBetterDesertTemples-1.20-Forge-3.0.3.jar with languages [LanguageSpec[languageName=javafml, acceptedVersions=[46,)]]
[23Mar2025 15:21:22.043] [main/DEBUG] [net.minecraftforge.fml.loading.moddiscovery.ModFileParser/LOADING]: Considering mod file candidate /workspaces/insano/servidor_minecraft/mods/watut-forge-1.20.1-1.1.3.jar
[23Mar2025 15:21:22.044] [main/DEBUG] [net.minecraftforge.fml.loading.moddiscovery.ModFileInfo/LOADING]: Found valid mod file watut-forge-1.20.1-1.1.3.jar with {watut} mods - versions {1.20.1-1.1.3}
[23Mar2025 15:21:22.044] [main/DEBUG] [net.minecraftforge.fml.loading.moddiscovery.ModFile/LOADING]: Loading mod file /workspaces/insano/servidor_minecraft/mods/watut-forge-1.20.1-1.1.3.jar with languages [LanguageSpec[languageName=javafml, acceptedVersions=[47,)]]
[23Mar2025 15:21:22.044] [main/DEBUG] [net.minecraftforge.fml.loading.moddiscovery.ModFileParser/LOADING]: Considering mod file candidate /workspaces/insano/servidor_minecraft/libraries/net/minecraftforge/forge/1.20.1-47.3.7/forge-1.20.1-47.3.7-universal.jar
[23Mar2025 15:21:22.044] [main/DEBUG] [net.minecraftforge.fml.loading.moddiscovery.ModFileInfo/LOADING]: Found valid mod file forge-1.20.1-47.3.7-universal.jar with {forge} mods - versions {47.3.7}
[23Mar2025 15:21:22.044] [main/DEBUG] [net.minecraftforge.fml.loading.moddiscovery.ModFile/LOADING]: Loading mod file /workspaces/insano/servidor_minecraft/libraries/net/minecraftforge/forge/1.20.1-47.3.7/forge-1.20.1-47.3.7-universal.jar with languages [LanguageSpec[languageName=javafml, acceptedVersions=[24,]]]
[23Mar2025 15:21:22.044] [main/DEBUG] [net.minecraftforge.fml.loading.moddiscovery.ModFileParser/LOADING]: Found coremod field_to_method with Javascript path coremods/field_to_method.js
[23Mar2025 15:21:22.044] [main/DEBUG] [net.minecraftforge.fml.loading.moddiscovery.ModFileParser/LOADING]: Found coremod field_to_instanceof with Javascript path coremods/field_to_instanceof.js
[23Mar2025 15:21:22.045] [main/DEBUG] [net.minecraftforge.fml.loading.moddiscovery.ModFileParser/LOADING]: Found coremod add_bouncer_method with Javascript path coremods/add_bouncer_method.js
[23Mar2025 15:21:22.045] [main/DEBUG] [net.minecraftforge.fml.loading.moddiscovery.ModFileParser/LOADING]: Found coremod method_redirector with Javascript path coremods/method_redirector.js
[23Mar2025 15:21:22.045] [main/DEBUG] [net.minecraftforge.fml.loading.moddiscovery.ModFile/LOADING]: Found coremod coremods/field_to_method.js
[23Mar2025 15:21:22.045] [main/DEBUG] [net.minecraftforge.fml.loading.moddiscovery.ModFile/LOADING]: Found coremod coremods/field_to_instanceof.js
[23Mar2025 15:21:22.045] [main/DEBUG] [net.minecraftforge.fml.loading.moddiscovery.ModFile/LOADING]: Found coremod coremods/add_bouncer_method.js
[23Mar2025 15:21:22.045] [main/DEBUG] [net.minecraftforge.fml.loading.moddiscovery.ModFile/LOADING]: Found coremod coremods/method_redirector.js
[23Mar2025 15:21:22.045] [main/DEBUG] [net.minecraftforge.fml.loading.moddiscovery.ModFileParser/LOADING]: Considering mod file candidate /workspaces/insano/servidor_minecraft/mods/THEUNDEADREVAMPED_1.5d_1.20.1.jar
[23Mar2025 15:21:22.045] [main/DEBUG] [net.minecraftforge.fml.loading.moddiscovery.ModFileInfo/LOADING]: Found valid mod file THEUNDEADREVAMPED_1.5d_1.20.1.jar with {undead_revamp2} mods - versions {1.0.0}
[23Mar2025 15:21:22.045] [main/DEBUG] [net.minecraftforge.fml.loading.moddiscovery.ModFile/LOADING]: Loading mod file /workspaces/insano/servidor_minecraft/mods/THEUNDEADREVAMPED_1.5d_1.20.1.jar with languages [LanguageSpec[languageName=javafml, acceptedVersions=[47,)]]
[23Mar2025 15:21:22.045] [main/DEBUG] [net.minecraftforge.fml.loading.moddiscovery.ModFileParser/LOADING]: Considering mod file candidate /workspaces/insano/servidor_minecraft/mods/emotecraft-for-MC1.20.1-2.2.7-b.build.50-forge.jar
[23Mar2025 15:21:22.046] [main/DEBUG] [net.minecraftforge.fml.loading.moddiscovery.ModFileInfo/LOADING]: Found valid mod file emotecraft-for-MC1.20.1-2.2.7-b.build.50-forge.jar with {emotecraft} mods - versions {2.2.7-b.build.50}
[23Mar2025 15:21:22.046] [main/DEBUG] [net.minecraftforge.fml.loading.moddiscovery.ModFile/LOADING]: Loading mod file /workspaces/insano/servidor_minecraft/mods/emotecraft-for-MC1.20.1-2.2.7-b.build.50-forge.jar with languages [LanguageSpec[languageName=javafml, acceptedVersions=[41.0,)]]
[23Mar2025 15:21:22.046] [main/DEBUG] [net.minecraftforge.fml.loading.moddiscovery.ModFileInfo/LOADING]: Found valid mod file server-1.20.1-20230612.114412-srg.jar with {minecraft} mods - versions {1.20.1}
[23Mar2025 15:21:22.046] [main/DEBUG] [net.minecraftforge.fml.loading.moddiscovery.ModFile/LOADING]: Loading mod file /workspaces/insano/servidor_minecraft/libraries/net/minecraft/server/1.20.1-20230612.114412/server-1.20.1-20230612.114412-srg.jar with languages [LanguageSpec[languageName=minecraft, acceptedVersions=1]]
[23Mar2025 15:21:22.046] [main/DEBUG] [net.minecraftforge.fml.loading.moddiscovery.ModFileParser/LOADING]: Considering mod file candidate /workspaces/insano/servidor_minecraft/mods/alexscaves-2.0.2.jar
[23Mar2025 15:21:22.046] [main/DEBUG] [net.minecraftforge.fml.loading.moddiscovery.ModFileInfo/LOADING]: Found valid mod file alexscaves-2.0.2.jar with {alexscaves} mods - versions {2.0.2}
[23Mar2025 15:21:22.047] [main/DEBUG] [net.minecraftforge.fml.loading.moddiscovery.ModFile/LOADING]: Loading mod file /workspaces/insano/servidor_minecraft/mods/alexscaves-2.0.2.jar with languages [LanguageSpec[languageName=javafml, acceptedVersions=[46,)]]
[23Mar2025 15:21:22.047] [main/DEBUG] [net.minecraftforge.fml.loading.moddiscovery.ModFileParser/LOADING]: Considering mod file candidate /workspaces/insano/servidor_minecraft/mods/moonlight-1.20-2.13.71-forge.jar
[23Mar2025 15:21:22.047] [main/DEBUG] [net.minecraftforge.fml.loading.moddiscovery.ModFileInfo/LOADING]: Found valid mod file moonlight-1.20-2.13.71-forge.jar with {moonlight} mods - versions {1.20-2.13.71}
[23Mar2025 15:21:22.047] [main/DEBUG] [net.minecraftforge.fml.loading.moddiscovery.ModFile/LOADING]: Loading mod file /workspaces/insano/servidor_minecraft/mods/moonlight-1.20-2.13.71-forge.jar with languages [LanguageSpec[languageName=javafml, acceptedVersions=[40,)]]
[23Mar2025 15:21:22.047] [main/DEBUG] [net.minecraftforge.fml.loading.moddiscovery.ModFileParser/LOADING]: Considering mod file candidate /workspaces/insano/servidor_minecraft/mods/TerraBlender-forge-1.20.1-3.0.1.7.jar
[23Mar2025 15:21:22.047] [main/DEBUG] [net.minecraftforge.fml.loading.moddiscovery.ModFileInfo/LOADING]: Found valid mod file TerraBlender-forge-1.20.1-3.0.1.7.jar with {terrablender} mods - versions {3.0.1.7}
[23Mar2025 15:21:22.048] [main/DEBUG] [net.minecraftforge.fml.loading.moddiscovery.ModFile/LOADING]: Loading mod file /workspaces/insano/servidor_minecraft/mods/TerraBlender-forge-1.20.1-3.0.1.7.jar with languages [LanguageSpec[languageName=javafml, acceptedVersions=[47,)]]
[23Mar2025 15:21:22.048] [main/DEBUG] [net.minecraftforge.fml.loading.moddiscovery.ModFileParser/LOADING]: Considering mod file candidate /workspaces/insano/servidor_minecraft/mods/Jade-1.20.1-Forge-11.12.3.jar
[23Mar2025 15:21:22.048] [main/DEBUG] [net.minecraftforge.fml.loading.moddiscovery.ModFileInfo/LOADING]: Found valid mod file Jade-1.20.1-Forge-11.12.3.jar with {jade} mods - versions {11.12.3+forge}
[23Mar2025 15:21:22.048] [main/DEBUG] [net.minecraftforge.fml.loading.moddiscovery.ModFile/LOADING]: Loading mod file /workspaces/insano/servidor_minecraft/mods/Jade-1.20.1-Forge-11.12.3.jar with languages [LanguageSpec[languageName=javafml, acceptedVersions=[46,)]]
[23Mar2025 15:21:22.048] [main/DEBUG] [net.minecraftforge.fml.loading.moddiscovery.ModFileParser/LOADING]: Considering mod file candidate /workspaces/insano/servidor_minecraft/mods/CreativeCore_FORGE_v2.12.31_mc1.20.1.jar
[23Mar2025 15:21:22.048] [main/DEBUG] [net.minecraftforge.fml.loading.moddiscovery.ModFileInfo/LOADING]: Found valid mod file CreativeCore_FORGE_v2.12.31_mc1.20.1.jar with {creativecore} mods - versions {2.12.31}
[23Mar2025 15:21:22.048] [main/DEBUG] [net.minecraftforge.fml.loading.moddiscovery.ModFile/LOADING]: Loading mod file /workspaces/insano/servidor_minecraft/mods/CreativeCore_FORGE_v2.12.31_mc1.20.1.jar with languages [LanguageSpec[languageName=javafml, acceptedVersions=[46,)]]
[23Mar2025 15:21:22.048] [main/DEBUG] [net.minecraftforge.fml.loading.moddiscovery.ModFileParser/LOADING]: Considering mod file candidate /workspaces/insano/servidor_minecraft/mods/knightquest-forge-1.20.1-1.8.4.jar
[23Mar2025 15:21:22.049] [main/DEBUG] [net.minecraftforge.fml.loading.moddiscovery.ModFileInfo/LOADING]: Found valid mod file knightquest-forge-1.20.1-1.8.4.jar with {knightquest} mods - versions {1.8.4}
[23Mar2025 15:21:22.049] [main/DEBUG] [net.minecraftforge.fml.loading.moddiscovery.ModFile/LOADING]: Loading mod file /workspaces/insano/servidor_minecraft/mods/knightquest-forge-1.20.1-1.8.4.jar with languages [LanguageSpec[languageName=javafml, acceptedVersions=[47,)]]
[23Mar2025 15:21:22.049] [main/DEBUG] [net.minecraftforge.fml.loading.moddiscovery.ModFileParser/LOADING]: Considering mod file candidate /workspaces/insano/servidor_minecraft/mods/From-The-Fog-1.20-v1.9.2-Forge-Fabric.jar
[23Mar2025 15:21:22.049] [main/DEBUG] [net.minecraftforge.fml.loading.moddiscovery.ModFileInfo/LOADING]: Found valid mod file From-The-Fog-1.20-v1.9.2-Forge-Fabric.jar with {watching} mods - versions {1.9.2}
[23Mar2025 15:21:22.049] [main/DEBUG] [net.minecraftforge.fml.loading.moddiscovery.ModFile/LOADING]: Loading mod file /workspaces/insano/servidor_minecraft/mods/From-The-Fog-1.20-v1.9.2-Forge-Fabric.jar with languages [LanguageSpec[languageName=javafml, acceptedVersions=[40,)]]
[23Mar2025 15:21:22.049] [main/DEBUG] [net.minecraftforge.fml.loading.moddiscovery.ModFileParser/LOADING]: Considering mod file candidate 
[23Mar2025 15:21:22.050] [main/DEBUG] [net.minecraftforge.fml.loading.moddiscovery.ModFileInfo/LOADING]: Found valid mod file spectrelib-forge-0.13.17+1.20.1.jar with {spectrelib} mods - versions {0.13.17+1.20.1}
[23Mar2025 15:21:22.050] [main/DEBUG] [net.minecraftforge.fml.loading.moddiscovery.ModFile/LOADING]: Loading mod file  with languages [LanguageSpec[languageName=javafml, acceptedVersions=[41,)]]
[23Mar2025 15:21:22.050] [main/DEBUG] [net.minecraftforge.fml.loading.moddiscovery.ModFileParser/LOADING]: Considering mod file candidate /workspaces/insano/servidor_minecraft/mods/revive_hardcore_players-1.1-1.20.1.jar
[23Mar2025 15:21:22.050] [main/DEBUG] [net.minecraftforge.fml.loading.moddiscovery.ModFileInfo/LOADING]: Found valid mod file revive_hardcore_players-1.1-1.20.1.jar with {revive_hardcore_players} mods - versions {1.1}
[23Mar2025 15:21:22.050] [main/DEBUG] [net.minecraftforge.fml.loading.moddiscovery.ModFile/LOADING]: Loading mod file /workspaces/insano/servidor_minecraft/mods/revive_hardcore_players-1.1-1.20.1.jar with languages [LanguageSpec[languageName=javafml, acceptedVersions=[47,)]]
[23Mar2025 15:21:22.050] [main/DEBUG] [net.minecraftforge.fml.loading.moddiscovery.ModFileParser/LOADING]: Considering mod file candidate 
[23Mar2025 15:21:22.050] [main/DEBUG] [net.minecraftforge.fml.loading.moddiscovery.ModFileInfo/LOADING]: Found valid mod file kffmod-4.11.0.jar with {kotlinforforge} mods - versions {4.11.0}
[23Mar2025 15:21:22.051] [main/DEBUG] [net.minecraftforge.fml.loading.moddiscovery.ModFile/LOADING]: Loading mod file  with languages [LanguageSpec[languageName=kotlinforforge, acceptedVersions=[4,)]]
[23Mar2025 15:21:22.051] [main/DEBUG] [net.minecraftforge.fml.loading.moddiscovery.ModFileParser/LOADING]: Considering mod file candidate /workspaces/insano/servidor_minecraft/mods/Ribbits-1.20.1-Forge-3.0.4.jar
[23Mar2025 15:21:22.051] [main/DEBUG] [net.minecraftforge.fml.loading.moddiscovery.ModFileInfo/LOADING]: Found valid mod file Ribbits-1.20.1-Forge-3.0.4.jar with {ribbits} mods - versions {1.20.1-Forge-3.0.4}
[23Mar2025 15:21:22.051] [main/DEBUG] [net.minecraftforge.fml.loading.moddiscovery.ModFile/LOADING]: Loading mod file /workspaces/insano/servidor_minecraft/mods/Ribbits-1.20.1-Forge-3.0.4.jar with languages [LanguageSpec[languageName=javafml, acceptedVersions=[47,)]]
[23Mar2025 15:21:22.051] [main/DEBUG] [net.minecraftforge.fml.loading.moddiscovery.ModFileParser/LOADING]: Considering mod file candidate 
[23Mar2025 15:21:22.051] [main/DEBUG] [net.minecraftforge.fml.loading.moddiscovery.ModFileInfo/LOADING]: Found valid mod file flywheel-forge-1.20.1-1.0.1.jar with {flywheel} mods - versions {1.0.1}
[23Mar2025 15:21:22.051] [main/DEBUG] [net.minecraftforge.fml.loading.moddiscovery.ModFile/LOADING]: Loading mod file  with languages [LanguageSpec[languageName=javafml, acceptedVersions=[0,)]]
[23Mar2025 15:21:22.051] [main/DEBUG] [net.minecraftforge.fml.loading.moddiscovery.ModFileParser/LOADING]: Considering mod file candidate /workspaces/insano/servidor_minecraft/mods/Quark-4.0-460.jar
[23Mar2025 15:21:22.052] [main/DEBUG] [net.minecraftforge.fml.loading.moddiscovery.ModFileInfo/LOADING]: Found valid mod file Quark-4.0-460.jar with {quark} mods - versions {4.0-460}
[23Mar2025 15:21:22.052] [main/DEBUG] [net.minecraftforge.fml.loading.moddiscovery.ModFile/LOADING]: Loading mod file /workspaces/insano/servidor_minecraft/mods/Quark-4.0-460.jar with languages [LanguageSpec[languageName=javafml, acceptedVersions=[41,)]]
[23Mar2025 15:21:22.052] [main/DEBUG] [net.minecraftforge.fml.loading.moddiscovery.ModFileParser/LOADING]: Considering mod file candidate /workspaces/insano/servidor_minecraft/mods/[1.20.1] SecurityCraft v1.9.12.jar
[23Mar2025 15:21:22.052] [main/DEBUG] [net.minecraftforge.fml.loading.moddiscovery.ModFileInfo/LOADING]: Found valid mod file [1.20.1] SecurityCraft v1.9.12.jar with {securitycraft} mods - versions {1.9.12}
[23Mar2025 15:21:22.052] [main/DEBUG] [net.minecraftforge.fml.loading.moddiscovery.ModFile/LOADING]: Loading mod file /workspaces/insano/servidor_minecraft/mods/[1.20.1] SecurityCraft v1.9.12.jar with languages [LanguageSpec[languageName=javafml, acceptedVersions=[46,)]]
[23Mar2025 15:21:22.052] [main/DEBUG] [net.minecraftforge.fml.loading.moddiscovery.ModFileParser/LOADING]: Considering mod file candidate /workspaces/insano/servidor_minecraft/mods/polymorph-forge-0.49.8+1.20.1.jar
[23Mar2025 15:21:22.053] [main/DEBUG] [net.minecraftforge.fml.loading.moddiscovery.ModFileInfo/LOADING]: Found valid mod file polymorph-forge-0.49.8+1.20.1.jar with {polymorph} mods - versions {0.49.8+1.20.1}
[23Mar2025 15:21:22.053] [main/DEBUG] [net.minecraftforge.fml.loading.moddiscovery.ModFile/LOADING]: Loading mod file /workspaces/insano/servidor_minecraft/mods/polymorph-forge-0.49.8+1.20.1.jar with languages [LanguageSpec[languageName=javafml, acceptedVersions=[41,)]]
[23Mar2025 15:21:22.053] [main/DEBUG] [net.minecraftforge.fml.loading.moddiscovery.ModFileParser/LOADING]: Considering mod file candidate /workspaces/insano/servidor_minecraft/mods/Zeta-1.0-24.jar
[23Mar2025 15:21:22.053] [main/DEBUG] [net.minecraftforge.fml.loading.moddiscovery.ModFileInfo/LOADING]: Found valid mod file Zeta-1.0-24.jar with {zeta} mods - versions {1.0-24}
[23Mar2025 15:21:22.053] [main/DEBUG] [net.minecraftforge.fml.loading.moddiscovery.ModFile/LOADING]: Loading mod file /workspaces/insano/servidor_minecraft/mods/Zeta-1.0-24.jar with languages [LanguageSpec[languageName=javafml, acceptedVersions=[41,)]]
[23Mar2025 15:21:22.053] [main/DEBUG] [net.minecraftforge.fml.loading.moddiscovery.ModFileParser/LOADING]: Considering mod file candidate /workspaces/insano/servidor_minecraft/mods/cannibal-1.0.5-1.20.1.jar
[23Mar2025 15:21:22.054] [main/DEBUG] [net.minecraftforge.fml.loading.moddiscovery.ModFileInfo/LOADING]: Found valid mod file cannibal-1.0.5-1.20.1.jar with {cannibal} mods - versions {1.0.5-1.20.1}
[23Mar2025 15:21:22.054] [main/DEBUG] [net.minecraftforge.fml.loading.moddiscovery.ModFile/LOADING]: Loading mod file /workspaces/insano/servidor_minecraft/mods/cannibal-1.0.5-1.20.1.jar with languages [LanguageSpec[languageName=javafml, acceptedVersions=[47,)]]
[23Mar2025 15:21:22.054] [main/DEBUG] [net.minecraftforge.fml.loading.moddiscovery.ModFileParser/LOADING]: Considering mod file candidate /workspaces/insano/servidor_minecraft/mods/coroutil-forge-1.20.1-1.3.7.jar
[23Mar2025 15:21:22.054] [main/DEBUG] [net.minecraftforge.fml.loading.moddiscovery.ModFileInfo/LOADING]: Found valid mod file coroutil-forge-1.20.1-1.3.7.jar with {coroutil} mods - versions {1.20.1-1.3.7}
[23Mar2025 15:21:22.054] [main/DEBUG] [net.minecraftforge.fml.loading.moddiscovery.ModFile/LOADING]: Loading mod file /workspaces/insano/servidor_minecraft/mods/coroutil-forge-1.20.1-1.3.7.jar with languages [LanguageSpec[languageName=javafml, acceptedVersions=[47,)]]
[23Mar2025 15:21:22.054] [main/DEBUG] [net.minecraftforge.fml.loading.moddiscovery.ModFileParser/LOADING]: Considering mod file candidate /workspaces/insano/servidor_minecraft/mods/lootr-forge-1.20-0.7.35.90.jar
[23Mar2025 15:21:22.055] [main/DEBUG] [net.minecraftforge.fml.loading.moddiscovery.ModFileInfo/LOADING]: Found valid mod file lootr-forge-1.20-0.7.35.90.jar with {lootr} mods - versions {0.7.35.90}
[23Mar2025 15:21:22.055] [main/DEBUG] [net.minecraftforge.fml.loading.moddiscovery.ModFile/LOADING]: Loading mod file /workspaces/insano/servidor_minecraft/mods/lootr-forge-1.20-0.7.35.90.jar with languages [LanguageSpec[languageName=javafml, acceptedVersions=[44,)]]
[23Mar2025 15:21:22.055] [main/DEBUG] [net.minecraftforge.fml.loading.moddiscovery.ModFileParser/LOADING]: Considering mod file candidate 
[23Mar2025 15:21:22.055] [main/DEBUG] [net.minecraftforge.fml.loading.moddiscovery.ModFileInfo/LOADING]: Found valid mod file expandability-forge-9.0.4.jar with {expandability} mods - versions {9.0.4}
[23Mar2025 15:21:22.055] [main/DEBUG] [net.minecraftforge.fml.loading.moddiscovery.ModFile/LOADING]: Loading mod file  with languages [LanguageSpec[languageName=javafml, acceptedVersions=[46,)]]
[23Mar2025 15:21:22.055] [main/DEBUG] [net.minecraftforge.fml.loading.moddiscovery.ModFileParser/LOADING]: Considering mod file candidate /workspaces/insano/servidor_minecraft/mods/aquamirae-6.API15.jar
[23Mar2025 15:21:22.055] [main/DEBUG] [net.minecraftforge.fml.loading.moddiscovery.ModFileInfo/LOADING]: Found valid mod file aquamirae-6.API15.jar with {aquamirae} mods - versions {6.API15}
[23Mar2025 15:21:22.056] [main/DEBUG] [net.minecraftforge.fml.loading.moddiscovery.ModFile/LOADING]: Loading mod file /workspaces/insano/servidor_minecraft/mods/aquamirae-6.API15.jar with languages [LanguageSpec[languageName=javafml, acceptedVersions=[47,)]]
[23Mar2025 15:21:22.056] [main/DEBUG] [net.minecraftforge.fml.loading.moddiscovery.ModFileParser/LOADING]: Considering mod file candidate /workspaces/insano/servidor_minecraft/mods/ad_astra-forge-1.20.1-1.15.20.jar
[23Mar2025 15:21:22.056] [main/DEBUG] [net.minecraftforge.fml.loading.moddiscovery.ModFileInfo/LOADING]: Found valid mod file ad_astra-forge-1.20.1-1.15.20.jar with {ad_astra} mods - versions {1.15.20}
[23Mar2025 15:21:22.056] [main/DEBUG] [net.minecraftforge.fml.loading.moddiscovery.ModFile/LOADING]: Loading mod file /workspaces/insano/servidor_minecraft/mods/ad_astra-forge-1.20.1-1.15.20.jar with languages [LanguageSpec[languageName=javafml, acceptedVersions=[47,)]]
[23Mar2025 15:21:22.056] [main/DEBUG] [net.minecraftforge.fml.loading.moddiscovery.ModFileParser/LOADING]: Considering mod file candidate /workspaces/insano/servidor_minecraft/mods/cristellib-1.1.6-forge.jar
[23Mar2025 15:21:22.056] [main/DEBUG] [net.minecraftforge.fml.loading.moddiscovery.ModFileInfo/LOADING]: Found valid mod file cristellib-1.1.6-forge.jar with {cristellib} mods - versions {1.1.6}
[23Mar2025 15:21:22.056] [main/DEBUG] [net.minecraftforge.fml.loading.moddiscovery.ModFile/LOADING]: Loading mod file /workspaces/insano/servidor_minecraft/mods/cristellib-1.1.6-forge.jar with languages [LanguageSpec[languageName=javafml, acceptedVersions=[47,)]]
[23Mar2025 15:21:22.057] [main/DEBUG] [net.minecraftforge.fml.loading.moddiscovery.ModFile/LOADING]: Loading mod file  with languages []
[23Mar2025 15:21:22.057] [main/DEBUG] [net.minecraftforge.fml.loading.moddiscovery.ModFile/LOADING]: Loading mod file  with languages []
[23Mar2025 15:21:22.057] [main/DEBUG] [net.minecraftforge.fml.loading.moddiscovery.ModFileParser/LOADING]: Considering mod file candidate 
[23Mar2025 15:21:22.057] [main/DEBUG] [net.minecraftforge.fml.loading.moddiscovery.ModFileInfo/LOADING]: Found valid mod file mixinextras-forge-0.4.1.jar with {mixinextras} mods - versions {0.4.1}
[23Mar2025 15:21:22.057] [main/DEBUG] [net.minecraftforge.fml.loading.moddiscovery.ModFile/LOADING]: Loading mod file  with languages [LanguageSpec[languageName=javafml, acceptedVersions=*]]
[23Mar2025 15:21:22.057] [main/DEBUG] [net.minecraftforge.fml.loading.moddiscovery.ModFile/LOADING]: Loading mod file  with languages []
[23Mar2025 15:21:22.057] [main/DEBUG] [net.minecraftforge.fml.loading.moddiscovery.ModFile/LOADING]: Loading mod file  with languages []
[23Mar2025 15:21:22.057] [main/DEBUG] [net.minecraftforge.fml.loading.moddiscovery.ModFile/LOADING]: Loading mod file  with languages []
[23Mar2025 15:21:22.057] [main/DEBUG] [net.minecraftforge.fml.loading.moddiscovery.ModFile/LOADING]: Loading mod file  with languages []
[23Mar2025 15:21:22.057] [main/DEBUG] [net.minecraftforge.fml.loading.moddiscovery.ModFileParser/LOADING]: Considering mod file candidate 
[23Mar2025 15:21:22.058] [main/DEBUG] [net.minecraftforge.fml.loading.moddiscovery.ModFileInfo/LOADING]: Found valid mod file mixinsquared-forge-0.1.1.jar with {mixinsquared} mods - versions {0.1.1}
[23Mar2025 15:21:22.058] [main/DEBUG] [net.minecraftforge.fml.loading.moddiscovery.ModFile/LOADING]: Loading mod file  with languages [LanguageSpec[languageName=javafml, acceptedVersions=*]]
[23Mar2025 15:21:22.058] [main/DEBUG] [net.minecraftforge.fml.loading.moddiscovery.ModFile/LOADING]: Loading mod file  with languages []
[23Mar2025 15:21:22.058] [main/DEBUG] [net.minecraftforge.fml.loading.moddiscovery.ModFile/LOADING]: Loading mod file  with languages []
[23Mar2025 15:21:22.058] [main/DEBUG] [net.minecraftforge.fml.loading.moddiscovery.ModFile/LOADING]: Loading mod file  with languages []
[23Mar2025 15:21:22.058] [main/DEBUG] [net.minecraftforge.fml.loading.moddiscovery.ModFile/LOADING]: Loading mod file  with languages []
[23Mar2025 15:21:22.058] [main/DEBUG] [net.minecraftforge.fml.loading.moddiscovery.ModFile/LOADING]: Loading mod file  with languages []
[23Mar2025 15:21:22.058] [main/DEBUG] [net.minecraftforge.fml.loading.moddiscovery.ModFileParser/LOADING]: Considering mod file candidate 
[23Mar2025 15:21:22.058] [main/DEBUG] [net.minecraftforge.fml.loading.moddiscovery.ModFileInfo/LOADING]: Found valid mod file mixinextras-forge-0.4.1.jar with {mixinextras} mods - versions {0.4.1}
[23Mar2025 15:21:22.059] [main/DEBUG] [net.minecraftforge.fml.loading.moddiscovery.ModFile/LOADING]: Loading mod file  with languages [LanguageSpec[languageName=javafml, acceptedVersions=*]]
[23Mar2025 15:21:22.059] [main/DEBUG] [net.minecraftforge.fml.loading.moddiscovery.ModFile/LOADING]: Loading mod file  with languages []
[23Mar2025 15:21:22.059] [main/DEBUG] [net.minecraftforge.fml.loading.moddiscovery.ModFile/LOADING]: Loading mod file  with languages []
[23Mar2025 15:21:22.059] [main/DEBUG] [net.minecraftforge.fml.loading.moddiscovery.ModFile/LOADING]: Loading mod file  with languages []
[23Mar2025 15:21:22.059] [main/DEBUG] [net.minecraftforge.fml.loading.moddiscovery.ModFile/LOADING]: Loading mod file  with languages []
[23Mar2025 15:21:22.059] [main/DEBUG] [net.minecraftforge.fml.loading.moddiscovery.ModFileParser/LOADING]: Considering mod file candidate 
[23Mar2025 15:21:22.059] [main/DEBUG] [net.minecraftforge.fml.loading.moddiscovery.ModFileInfo/LOADING]: Found valid mod file mixinsquared-forge-0.1.1.jar with {mixinsquared} mods - versions {0.1.1}
[23Mar2025 15:21:22.059] [main/DEBUG] [net.minecraftforge.fml.loading.moddiscovery.ModFile/LOADING]: Loading mod file  with languages [LanguageSpec[languageName=javafml, acceptedVersions=*]]
[23Mar2025 15:21:22.059] [main/DEBUG] [net.minecraftforge.fml.loading.moddiscovery.ModFile/LOADING]: Loading mod file  with languages []
[23Mar2025 15:21:22.060] [main/DEBUG] [net.minecraftforge.fml.loading.moddiscovery.ModFile/LOADING]: Loading mod file  with languages []
[23Mar2025 15:21:22.060] [main/DEBUG] [net.minecraftforge.fml.loading.moddiscovery.ModFile/LOADING]: Loading mod file  with languages []
[23Mar2025 15:21:22.060] [main/DEBUG] [cpw.mods.modlauncher.TransformationServiceDecorator/MODLAUNCHER]: End scan trigger - transformation service fml
[23Mar2025 15:21:22.071] [main/DEBUG] [net.minecraftforge.fml.loading.LanguageLoadingProvider/CORE]: Found 4 language providers
[23Mar2025 15:21:22.072] [main/DEBUG] [net.minecraftforge.fml.loading.LanguageLoadingProvider/CORE]: Found language provider minecraft, version 1.0
[23Mar2025 15:21:22.072] [main/DEBUG] [net.minecraftforge.fml.loading.LanguageLoadingProvider/CORE]: Found language provider kotlinforforge, version 4.11.0
[23Mar2025 15:21:22.072] [main/DEBUG] [net.minecraftforge.fml.loading.LanguageLoadingProvider/CORE]: Found language provider javafml, version 47
[23Mar2025 15:21:22.072] [main/DEBUG] [net.minecraftforge.fml.loading.LanguageLoadingProvider/CORE]: Found language provider lowcodefml, version 47
[23Mar2025 15:21:22.076] [main/DEBUG] [net.minecraftforge.fml.loading.UniqueModListBuilder/]: Found 2 mods for first modid mclib, selecting most recent based on version data
[23Mar2025 15:21:22.077] [main/DEBUG] [net.minecraftforge.fml.loading.UniqueModListBuilder/]: Selected file mclib-20.jar for modid mclib with version 0.0NONE
[23Mar2025 15:21:22.077] [main/DEBUG] [net.minecraftforge.fml.loading.UniqueModListBuilder/]: Found 2 mods for first modid Registrate.MC1._20, selecting most recent based on version data
[23Mar2025 15:21:22.077] [main/DEBUG] [net.minecraftforge.fml.loading.UniqueModListBuilder/]: Selected file Registrate-MC1.20-1.3.3.jar for modid Registrate.MC1._20 with version 0.0NONE
[23Mar2025 15:21:22.077] [main/DEBUG] [net.minecraftforge.fml.loading.UniqueModListBuilder/]: Found 2 mods for first modid mixinextras, selecting most recent based on version data
[23Mar2025 15:21:22.077] [main/DEBUG] [net.minecraftforge.fml.loading.UniqueModListBuilder/]: Selected file mixinextras-forge-0.4.1.jar for modid mixinextras with version 0.4.1
[23Mar2025 15:21:22.077] [main/DEBUG] [net.minecraftforge.fml.loading.UniqueModListBuilder/]: Found 2 mods for first modid jlayer, selecting most recent based on version data
[23Mar2025 15:21:22.077] [main/DEBUG] [net.minecraftforge.fml.loading.UniqueModListBuilder/]: Selected file jlayer-1.0.1.jar for modid jlayer with version 0.0NONE
[23Mar2025 15:21:22.077] [main/DEBUG] [net.minecraftforge.fml.loading.UniqueModListBuilder/]: Found 2 mods for first modid yabn, selecting most recent based on version data
[23Mar2025 15:21:22.077] [main/DEBUG] [net.minecraftforge.fml.loading.UniqueModListBuilder/]: Selected file yabn-1.0.3.jar for modid yabn with version 0.0NONE
[23Mar2025 15:21:22.077] [main/DEBUG] [net.minecraftforge.fml.loading.UniqueModListBuilder/]: Found 2 mods for first modid bytecodecs, selecting most recent based on version data
[23Mar2025 15:21:22.077] [main/DEBUG] [net.minecraftforge.fml.loading.UniqueModListBuilder/]: Selected file bytecodecs-1.0.2.jar for modid bytecodecs with version 0.0NONE
[23Mar2025 15:21:22.077] [main/DEBUG] [net.minecraftforge.fml.loading.UniqueModListBuilder/]: Found 2 mods for first modid jankson, selecting most recent based on version data
[23Mar2025 15:21:22.077] [main/DEBUG] [net.minecraftforge.fml.loading.UniqueModListBuilder/]: Selected file jankson-1.2.3.jar for modid jankson with version 0.0NONE
[23Mar2025 15:21:22.078] [main/DEBUG] [net.minecraftforge.fml.loading.UniqueModListBuilder/]: Found 2 mods for first modid mixinsquared, selecting most recent based on version data
[23Mar2025 15:21:22.078] [main/DEBUG] [net.minecraftforge.fml.loading.UniqueModListBuilder/]: Selected file mixinsquared-forge-0.1.1.jar for modid mixinsquared with version 0.1.1
[23Mar2025 15:21:22.078] [main/DEBUG] [net.minecraftforge.fml.loading.UniqueModListBuilder/]: Found 2 mods for first modid MixinSquared, selecting most recent based on version data
[23Mar2025 15:21:22.078] [main/DEBUG] [net.minecraftforge.fml.loading.UniqueModListBuilder/]: Selected file MixinSquared-0.1.1.jar for modid MixinSquared with version 0.0NONE
[23Mar2025 15:21:22.078] [main/DEBUG] [net.minecraftforge.fml.loading.UniqueModListBuilder/]: Found 2 mods for first modid thedarkcolour.kotlinforforge.kfflib, selecting most recent based on version data
[23Mar2025 15:21:22.078] [main/DEBUG] [net.minecraftforge.fml.loading.UniqueModListBuilder/]: Selected file kfflib-4.11.0.jar for modid thedarkcolour.kotlinforforge.kfflib with version 4.11.0
[23Mar2025 15:21:22.078] [main/DEBUG] [net.minecraftforge.fml.loading.UniqueModListBuilder/]: Found 2 mods for first modid MixinExtras, selecting most recent based on version data
[23Mar2025 15:21:22.078] [main/DEBUG] [net.minecraftforge.fml.loading.UniqueModListBuilder/]: Selected file MixinExtras-0.4.1.jar for modid MixinExtras with version 0.0NONE
[23Mar2025 15:21:22.079] [main/DEBUG] [net.minecraftforge.fml.loading.ModSorter/]: Configured system mods: [minecraft, forge]
[23Mar2025 15:21:22.079] [main/DEBUG] [net.minecraftforge.fml.loading.ModSorter/]: Found system mod: minecraft
[23Mar2025 15:21:22.079] [main/DEBUG] [net.minecraftforge.fml.loading.ModSorter/]: Found system mod: forge
[23Mar2025 15:21:22.082] [main/DEBUG] [net.minecraftforge.fml.loading.ModSorter/LOADING]: Found 223 mod requirements (210 mandatory, 13 optional)
[23Mar2025 15:21:22.083] [main/DEBUG] [net.minecraftforge.fml.loading.ModSorter/LOADING]: Found 0 mod requirements missing (0 mandatory, 0 optional)
[23Mar2025 15:21:22.625] [main/DEBUG] [cpw.mods.modlauncher.TransformationServicesHandler/MODLAUNCHER]: Transformation services loading transformers
[23Mar2025 15:21:22.626] [main/DEBUG] [cpw.mods.modlauncher.TransformationServiceDecorator/MODLAUNCHER]: Initializing transformers for transformation service mixin
[23Mar2025 15:21:22.626] [main/DEBUG] [cpw.mods.modlauncher.TransformationServiceDecorator/MODLAUNCHER]: Initialized transformers for transformation service mixin
[23Mar2025 15:21:22.627] [main/DEBUG] [cpw.mods.modlauncher.TransformationServiceDecorator/MODLAUNCHER]: Initializing transformers for transformation service fml
[23Mar2025 15:21:22.627] [main/DEBUG] [net.minecraftforge.fml.loading.FMLServiceProvider/CORE]: Loading coremod transformers
[23Mar2025 15:21:22.627] [main/DEBUG] [net.minecraftforge.coremod.CoreModEngine/COREMOD]: Loading CoreMod from META-INF/asm/seed.js
[23Mar2025 15:21:22.775] [main/DEBUG] [net.minecraftforge.coremod.CoreModEngine/COREMOD]: CoreMod loaded successfully
[23Mar2025 15:21:22.776] [main/DEBUG] [net.minecraftforge.coremod.CoreModEngine/COREMOD]: Loading CoreMod from META-INF/asm/maprendercontext.js
[23Mar2025 15:21:22.841] [main/DEBUG] [net.minecraftforge.coremod.CoreModEngine/COREMOD]: CoreMod loaded successfully
[23Mar2025 15:21:22.841] [main/DEBUG] [net.minecraftforge.coremod.CoreModEngine/COREMOD]: Loading CoreMod from META-INF/asm/music.js
[23Mar2025 15:21:22.855] [main/DEBUG] [net.minecraftforge.coremod.CoreModEngine/COREMOD]: CoreMod loaded successfully
[23Mar2025 15:21:22.855] [main/DEBUG] [net.minecraftforge.coremod.CoreModEngine/COREMOD]: Loading CoreMod from META-INF/asm/multipart.js
[23Mar2025 15:21:22.884] [main/DEBUG] [net.minecraftforge.coremod.CoreModEngine/COREMOD]: CoreMod loaded successfully
[23Mar2025 15:21:22.884] [main/DEBUG] [net.minecraftforge.coremod.CoreModEngine/COREMOD]: Loading CoreMod from META-INF/asm/foliage.js
[23Mar2025 15:21:22.899] [main/DEBUG] [net.minecraftforge.coremod.CoreModEngine/COREMOD]: CoreMod loaded successfully
[23Mar2025 15:21:22.899] [main/DEBUG] [net.minecraftforge.coremod.CoreModEngine/COREMOD]: Loading CoreMod from META-INF/asm/mount.js
[23Mar2025 15:21:22.917] [main/DEBUG] [net.minecraftforge.coremod.CoreModEngine/COREMOD]: CoreMod loaded successfully
[23Mar2025 15:21:22.917] [main/DEBUG] [net.minecraftforge.coremod.CoreModEngine/COREMOD]: Loading CoreMod from META-INF/asm/book.js
[23Mar2025 15:21:22.930] [main/DEBUG] [net.minecraftforge.coremod.CoreModEngine/COREMOD]: CoreMod loaded successfully
[23Mar2025 15:21:22.930] [main/DEBUG] [net.minecraftforge.coremod.CoreModEngine/COREMOD]: Loading CoreMod from META-INF/asm/conquered.js
[23Mar2025 15:21:22.944] [main/DEBUG] [net.minecraftforge.coremod.CoreModEngine/COREMOD]: CoreMod loaded successfully
[23Mar2025 15:21:22.944] [main/DEBUG] [net.minecraftforge.coremod.CoreModEngine/COREMOD]: Loading CoreMod from META-INF/asm/reach.js
[23Mar2025 15:21:22.958] [main/DEBUG] [net.minecraftforge.coremod.CoreModEngine/COREMOD]: CoreMod loaded successfully
[23Mar2025 15:21:22.958] [main/DEBUG] [net.minecraftforge.coremod.CoreModEngine/COREMOD]: Loading CoreMod from META-INF/asm/shroom.js
[23Mar2025 15:21:22.969] [main/DEBUG] [net.minecraftforge.coremod.CoreModEngine/COREMOD]: CoreMod loaded successfully
[23Mar2025 15:21:22.970] [main/DEBUG] [net.minecraftforge.coremod.CoreModEngine/COREMOD]: Loading CoreMod from META-INF/asm/cloud.js
[23Mar2025 15:21:22.985] [main/DEBUG] [net.minecraftforge.coremod.CoreModEngine/COREMOD]: CoreMod loaded successfully
[23Mar2025 15:21:22.985] [main/DEBUG] [net.minecraftforge.coremod.CoreModEngine/COREMOD]: Loading CoreMod from META-INF/asm/lead.js
[23Mar2025 15:21:22.999] [main/DEBUG] [net.minecraftforge.coremod.CoreModEngine/COREMOD]: CoreMod loaded successfully
[23Mar2025 15:21:22.999] [main/DEBUG] [net.minecraftforge.coremod.CoreModEngine/COREMOD]: Loading CoreMod from coremods/field_to_method.js
[23Mar2025 15:21:23.015] [main/DEBUG] [net.minecraftforge.coremod.CoreModEngine/COREMOD]: CoreMod loaded successfully
[23Mar2025 15:21:23.015] [main/DEBUG] [net.minecraftforge.coremod.CoreModEngine/COREMOD]: Loading CoreMod from coremods/field_to_instanceof.js
[23Mar2025 15:21:23.043] [main/DEBUG] [net.minecraftforge.coremod.CoreModEngine/COREMOD]: CoreMod loaded successfully
[23Mar2025 15:21:23.043] [main/DEBUG] [net.minecraftforge.coremod.CoreModEngine/COREMOD]: Loading CoreMod from coremods/add_bouncer_method.js
[23Mar2025 15:21:23.080] [main/DEBUG] [net.minecraftforge.coremod.CoreModEngine/COREMOD]: CoreMod loaded successfully
[23Mar2025 15:21:23.081] [main/DEBUG] [net.minecraftforge.coremod.CoreModEngine/COREMOD]: Loading CoreMod from coremods/method_redirector.js
[23Mar2025 15:21:23.126] [main/DEBUG] [net.minecraftforge.coremod.CoreModEngine/COREMOD]: CoreMod loaded successfully
[23Mar2025 15:21:23.136] [main/DEBUG] [cpw.mods.modlauncher.TransformStore/MODLAUNCHER]: Adding transformer net.minecraftforge.coremod.transformer.CoreModMethodTransformer@6b415f5f to Target : METHOD {Lnet/minecraft/world/level/levelgen/WorldOptions;} {<init>} {(JZZLjava/util/Optional;)V}
[23Mar2025 15:21:23.137] [main/DEBUG] [cpw.mods.modlauncher.TransformStore/MODLAUNCHER]: Adding transformer net.minecraftforge.coremod.transformer.CoreModMethodTransformer@1df5c7e3 to Target : METHOD {Lnet/minecraft/client/gui/MapRenderer$MapInstance;} {m_93291_} {(Lcom/mojang/blaze3d/vertex/PoseStack;Lnet/minecraft/client/renderer/MultiBufferSource;ZI)V}
[23Mar2025 15:21:23.137] [main/DEBUG] [cpw.mods.modlauncher.TransformStore/MODLAUNCHER]: Adding transformer net.minecraftforge.coremod.transformer.CoreModMethodTransformer@5e0c4f21 to Target : METHOD {Lnet/minecraft/client/renderer/ItemInHandRenderer;} {m_109371_} {(Lnet/minecraft/client/player/AbstractClientPlayer;FFLnet/minecraft/world/InteractionHand;FLnet/minecraft/world/item/ItemStack;FLcom/mojang/blaze3d/vertex/PoseStack;Lnet/minecraft/client/renderer/MultiBufferSource;I)V}
[23Mar2025 15:21:23.137] [main/DEBUG] [cpw.mods.modlauncher.TransformStore/MODLAUNCHER]: Adding transformer net.minecraftforge.coremod.transformer.CoreModMethodTransformer@2c18a3ea to Target : METHOD {Lnet/minecraft/world/entity/decoration/ItemFrame;} {m_218868_} {()Ljava/util/OptionalInt;}
[23Mar2025 15:21:23.137] [main/DEBUG] [cpw.mods.modlauncher.TransformStore/MODLAUNCHER]: Adding transformer net.minecraftforge.coremod.transformer.CoreModMethodTransformer@166c2c17 to Target : METHOD {Lnet/minecraft/client/renderer/ItemInHandRenderer;} {m_109366_} {(Lcom/mojang/blaze3d/vertex/PoseStack;Lnet/minecraft/client/renderer/MultiBufferSource;ILnet/minecraft/world/item/ItemStack;)V}
[23Mar2025 15:21:23.137] [main/DEBUG] [cpw.mods.modlauncher.TransformStore/MODLAUNCHER]: Adding transformer net.minecraftforge.coremod.transformer.CoreModMethodTransformer@25953be6 to Target : METHOD {Lnet/minecraft/world/item/MapItem;} {m_7373_} {(Lnet/minecraft/world/item/ItemStack;Lnet/minecraft/world/level/Level;Ljava/util/List;Lnet/minecraft/world/item/TooltipFlag;)V}
[23Mar2025 15:21:23.138] [main/DEBUG] [cpw.mods.modlauncher.TransformStore/MODLAUNCHER]: Adding transformer net.minecraftforge.coremod.transformer.CoreModMethodTransformer@19dc0d32 to Target : METHOD {Lnet/minecraft/client/sounds/MusicManager;} {m_120183_} {()V}
[23Mar2025 15:21:23.138] [main/DEBUG] [cpw.mods.modlauncher.TransformStore/MODLAUNCHER]: Adding transformer net.minecraftforge.coremod.transformer.CoreModMethodTransformer@70b2fa10 to Target : METHOD {Lnet/minecraft/server/level/ServerEntity;} {m_8543_} {()V}
[23Mar2025 15:21:23.138] [main/DEBUG] [cpw.mods.modlauncher.TransformStore/MODLAUNCHER]: Adding transformer net.minecraftforge.coremod.transformer.CoreModMethodTransformer@7c96c85 to Target : METHOD {Lnet/minecraft/client/renderer/entity/EntityRenderDispatcher;} {m_6213_} {(Lnet/minecraft/server/packs/resources/ResourceManager;)V}
[23Mar2025 15:21:23.138] [main/DEBUG] [cpw.mods.modlauncher.TransformStore/MODLAUNCHER]: Adding transformer net.minecraftforge.coremod.transformer.CoreModMethodTransformer@b0f2d91 to Target : METHOD {Lnet/minecraft/client/renderer/entity/EntityRenderDispatcher;} {m_114382_} {(Lnet/minecraft/world/entity/Entity;)Lnet/minecraft/client/renderer/entity/EntityRenderer;}
[23Mar2025 15:21:23.138] [main/DEBUG] [cpw.mods.modlauncher.TransformStore/MODLAUNCHER]: Adding transformer net.minecraftforge.coremod.transformer.CoreModMethodTransformer@7243145f to Target : METHOD {Lnet/minecraft/client/renderer/LevelRenderer;} {m_109599_} {(Lcom/mojang/blaze3d/vertex/PoseStack;FJZLnet/minecraft/client/Camera;Lnet/minecraft/client/renderer/GameRenderer;Lnet/minecraft/client/renderer/LightTexture;Lorg/joml/Matrix4f;)V}
[23Mar2025 15:21:23.138] [main/DEBUG] [cpw.mods.modlauncher.TransformStore/MODLAUNCHER]: Adding transformer net.minecraftforge.coremod.transformer.CoreModMethodTransformer@15c6027d to Target : METHOD {Lnet/minecraft/client/renderer/BiomeColors;} {m_108807_} {(Lnet/minecraft/world/level/biome/Biome;DD)I}
[23Mar2025 15:21:23.138] [main/DEBUG] [cpw.mods.modlauncher.TransformStore/MODLAUNCHER]: Adding transformer net.minecraftforge.coremod.transformer.CoreModMethodTransformer@5927f904 to Target : METHOD {Lnet/minecraft/client/player/LocalPlayer;} {m_6083_} {()V}
[23Mar2025 15:21:23.138] [main/DEBUG] [cpw.mods.modlauncher.TransformStore/MODLAUNCHER]: Adding transformer net.minecraftforge.coremod.transformer.CoreModMethodTransformer@2bb62414 to Target : METHOD {Lnet/minecraft/world/item/WrittenBookItem;} {m_7626_} {(Lnet/minecraft/world/item/ItemStack;)Lnet/minecraft/network/chat/Component;}
[23Mar2025 15:21:23.138] [main/DEBUG] [cpw.mods.modlauncher.TransformStore/MODLAUNCHER]: Adding transformer net.minecraftforge.coremod.transformer.CoreModMethodTransformer@413d2cd1 to Target : METHOD {Lnet/minecraft/world/level/levelgen/structure/StructureStart;} {m_226857_} {(Lnet/minecraft/world/level/levelgen/structure/pieces/StructurePieceSerializationContext;Lnet/minecraft/nbt/CompoundTag;J)Lnet/minecraft/world/level/levelgen/structure/StructureStart;}
[23Mar2025 15:21:23.138] [main/DEBUG] [cpw.mods.modlauncher.TransformStore/MODLAUNCHER]: Adding transformer net.minecraftforge.coremod.transformer.CoreModMethodTransformer@644d1b61 to Target : METHOD {Lnet/minecraft/world/item/Item;} {m_41435_} {(Lnet/minecraft/world/level/Level;Lnet/minecraft/world/entity/player/Player;Lnet/minecraft/world/level/ClipContext$Fluid;)Lnet/minecraft/world/phys/BlockHitResult;}
[23Mar2025 15:21:23.138] [main/DEBUG] [cpw.mods.modlauncher.TransformStore/MODLAUNCHER]: Adding transformer net.minecraftforge.coremod.transformer.CoreModMethodTransformer@2443135 to Target : METHOD {Lnet/minecraft/world/level/block/MushroomBlock;} {m_7898_} {(Lnet/minecraft/world/level/block/state/BlockState;Lnet/minecraft/world/level/LevelReader;Lnet/minecraft/core/BlockPos;)Z}
[23Mar2025 15:21:23.139] [main/DEBUG] [cpw.mods.modlauncher.TransformStore/MODLAUNCHER]: Adding transformer net.minecraftforge.coremod.transformer.CoreModMethodTransformer@184823ed to Target : METHOD {Lnet/minecraft/world/level/Level;} {m_46758_} {(Lnet/minecraft/core/BlockPos;)Z}
[23Mar2025 15:21:23.139] [main/DEBUG] [cpw.mods.modlauncher.TransformStore/MODLAUNCHER]: Adding transformer net.minecraftforge.coremod.transformer.CoreModMethodTransformer@30bbcf91 to Target : METHOD {Lnet/minecraft/world/entity/decoration/LeashFenceKnotEntity;} {m_7088_} {()Z}
[23Mar2025 15:21:23.139] [main/DEBUG] [cpw.mods.modlauncher.TransformStore/MODLAUNCHER]: Adding transformer net.minecraftforge.coremod.transformer.CoreModClassTransformer@1f4f0fcc to Target : CLASS {Lnet/minecraft/world/level/biome/Biome;} {} {V}
[23Mar2025 15:21:23.139] [main/DEBUG] [cpw.mods.modlauncher.TransformStore/MODLAUNCHER]: Adding transformer net.minecraftforge.coremod.transformer.CoreModClassTransformer@46c10083 to Target : CLASS {Lnet/minecraft/world/level/levelgen/structure/Structure;} {} {V}
[23Mar2025 15:21:23.139] [main/DEBUG] [cpw.mods.modlauncher.TransformStore/MODLAUNCHER]: Adding transformer net.minecraftforge.coremod.transformer.CoreModClassTransformer@28e8888d to Target : CLASS {Lnet/minecraft/world/effect/MobEffectInstance;} {} {V}
[23Mar2025 15:21:23.139] [main/DEBUG] [cpw.mods.modlauncher.TransformStore/MODLAUNCHER]: Adding transformer net.minecraftforge.coremod.transformer.CoreModClassTransformer@1e98b788 to Target : CLASS {Lnet/minecraft/world/level/block/LiquidBlock;} {} {V}
[23Mar2025 15:21:23.139] [main/DEBUG] [cpw.mods.modlauncher.TransformStore/MODLAUNCHER]: Adding transformer net.minecraftforge.coremod.transformer.CoreModClassTransformer@794eeaf8 to Target : CLASS {Lnet/minecraft/world/item/BucketItem;} {} {V}
[23Mar2025 15:21:23.139] [main/DEBUG] [cpw.mods.modlauncher.TransformStore/MODLAUNCHER]: Adding transformer net.minecraftforge.coremod.transformer.CoreModClassTransformer@37c5284a to Target : CLASS {Lnet/minecraft/world/level/block/StairBlock;} {} {V}
[23Mar2025 15:21:23.139] [main/DEBUG] [cpw.mods.modlauncher.TransformStore/MODLAUNCHER]: Adding transformer net.minecraftforge.coremod.transformer.CoreModClassTransformer@5b8572df to Target : CLASS {Lnet/minecraft/world/level/block/FlowerPotBlock;} {} {V}
[23Mar2025 15:21:23.139] [main/DEBUG] [cpw.mods.modlauncher.TransformStore/MODLAUNCHER]: Adding transformer net.minecraftforge.coremod.transformer.CoreModClassTransformer@7aaad0 to Target : CLASS {Lnet/minecraft/world/item/ItemStack;} {} {V}
[23Mar2025 15:21:23.140] [main/DEBUG] [cpw.mods.modlauncher.TransformStore/MODLAUNCHER]: Adding transformer net.minecraftforge.coremod.transformer.CoreModClassTransformer@eed890d to Target : CLASS {Lnet/minecraft/network/play/client/CClientSettingsPacket;} {} {V}
[23Mar2025 15:21:23.140] [main/DEBUG] [cpw.mods.modlauncher.TransformStore/MODLAUNCHER]: Adding transformer net.minecraftforge.coremod.transformer.CoreModClassTransformer@10f477e2 to Target : CLASS {Lnet/minecraft/world/entity/npc/CatSpawner;} {} {V}
[23Mar2025 15:21:23.140] [main/DEBUG] [cpw.mods.modlauncher.TransformStore/MODLAUNCHER]: Adding transformer net.minecraftforge.coremod.transformer.CoreModClassTransformer@10f477e2 to Target : CLASS {Lnet/minecraft/world/entity/monster/Evoker$EvokerSummonSpellGoal;} {} {V}
[23Mar2025 15:21:23.140] [main/DEBUG] [cpw.mods.modlauncher.TransformStore/MODLAUNCHER]: Adding transformer net.minecraftforge.coremod.transformer.CoreModClassTransformer@10f477e2 to Target : CLASS {Lnet/minecraft/world/level/levelgen/structure/structures/OceanRuinPieces$OceanRuinPiece;} {} {V}
[23Mar2025 15:21:23.140] [main/DEBUG] [cpw.mods.modlauncher.TransformStore/MODLAUNCHER]: Adding transformer net.minecraftforge.coremod.transformer.CoreModClassTransformer@10f477e2 to Target : CLASS {Lnet/minecraft/world/entity/monster/ZombieVillager;} {} {V}
[23Mar2025 15:21:23.140] [main/DEBUG] [cpw.mods.modlauncher.TransformStore/MODLAUNCHER]: Adding transformer net.minecraftforge.coremod.transformer.CoreModClassTransformer@10f477e2 to Target : CLASS {Lnet/minecraft/world/entity/monster/Strider;} {} {V}
[23Mar2025 15:21:23.140] [main/DEBUG] [cpw.mods.modlauncher.TransformStore/MODLAUNCHER]: Adding transformer net.minecraftforge.coremod.transformer.CoreModClassTransformer@10f477e2 to Target : CLASS {Lnet/minecraft/world/level/levelgen/structure/structures/WoodlandMansionPieces$WoodlandMansionPiece;} {} {V}
[23Mar2025 15:21:23.140] [main/DEBUG] [cpw.mods.modlauncher.TransformStore/MODLAUNCHER]: Adding transformer net.minecraftforge.coremod.transformer.CoreModClassTransformer@10f477e2 to Target : CLASS {Lnet/minecraft/world/level/levelgen/PhantomSpawner;} {} {V}
[23Mar2025 15:21:23.140] [main/DEBUG] [cpw.mods.modlauncher.TransformStore/MODLAUNCHER]: Adding transformer net.minecraftforge.coremod.transformer.CoreModClassTransformer@10f477e2 to Target : CLASS {Lnet/minecraft/world/entity/npc/Villager;} {} {V}
[23Mar2025 15:21:23.140] [main/DEBUG] [cpw.mods.modlauncher.TransformStore/MODLAUNCHER]: Adding transformer net.minecraftforge.coremod.transformer.CoreModClassTransformer@10f477e2 to Target : CLASS {Lnet/minecraft/world/entity/raid/Raid;} {} {V}
[23Mar2025 15:21:23.140] [main/DEBUG] [cpw.mods.modlauncher.TransformStore/MODLAUNCHER]: Adding transformer net.minecraftforge.coremod.transformer.CoreModClassTransformer@10f477e2 to Target : CLASS {Lnet/minecraft/world/level/NaturalSpawner;} {} {V}
[23Mar2025 15:21:23.140] [main/DEBUG] [cpw.mods.modlauncher.TransformStore/MODLAUNCHER]: Adding transformer net.minecraftforge.coremod.transformer.CoreModClassTransformer@10f477e2 to Target : CLASS {Lnet/minecraft/world/entity/animal/frog/Tadpole;} {} {V}
[23Mar2025 15:21:23.140] [main/DEBUG] [cpw.mods.modlauncher.TransformStore/MODLAUNCHER]: Adding transformer net.minecraftforge.coremod.transformer.CoreModClassTransformer@10f477e2 to Target : CLASS {Lnet/minecraft/world/entity/monster/Zombie;} {} {V}
[23Mar2025 15:21:23.140] [main/DEBUG] [cpw.mods.modlauncher.TransformStore/MODLAUNCHER]: Adding transformer net.minecraftforge.coremod.transformer.CoreModClassTransformer@10f477e2 to Target : CLASS {Lnet/minecraft/server/commands/SummonCommand;} {} {V}
[23Mar2025 15:21:23.140] [main/DEBUG] [cpw.mods.modlauncher.TransformStore/MODLAUNCHER]: Adding transformer net.minecraftforge.coremod.transformer.CoreModClassTransformer@10f477e2 to Target : CLASS {Lnet/minecraft/world/entity/animal/horse/SkeletonTrapGoal;} {} {V}
[23Mar2025 15:21:23.140] [main/DEBUG] [cpw.mods.modlauncher.TransformStore/MODLAUNCHER]: Adding transformer net.minecraftforge.coremod.transformer.CoreModClassTransformer@10f477e2 to Target : CLASS {Lnet/minecraft/world/level/levelgen/PatrolSpawner;} {} {V}
[23Mar2025 15:21:23.140] [main/DEBUG] [cpw.mods.modlauncher.TransformStore/MODLAUNCHER]: Adding transformer net.minecraftforge.coremod.transformer.CoreModClassTransformer@10f477e2 to Target : CLASS {Lnet/minecraft/world/level/levelgen/structure/structures/SwampHutPiece;} {} {V}
[23Mar2025 15:21:23.140] [main/DEBUG] [cpw.mods.modlauncher.TransformStore/MODLAUNCHER]: Adding transformer net.minecraftforge.coremod.transformer.CoreModClassTransformer@10f477e2 to Target : CLASS {Lnet/minecraft/world/level/levelgen/structure/templatesystem/StructureTemplate;} {} {V}
[23Mar2025 15:21:23.140] [main/DEBUG] [cpw.mods.modlauncher.TransformStore/MODLAUNCHER]: Adding transformer net.minecraftforge.coremod.transformer.CoreModClassTransformer@10f477e2 to Target : CLASS {Lnet/minecraft/world/entity/ai/village/VillageSiege;} {} {V}
[23Mar2025 15:21:23.140] [main/DEBUG] [cpw.mods.modlauncher.TransformStore/MODLAUNCHER]: Adding transformer net.minecraftforge.coremod.transformer.CoreModClassTransformer@10f477e2 to Target : CLASS {Lnet/minecraft/world/entity/EntityType;} {} {V}
[23Mar2025 15:21:23.140] [main/DEBUG] [cpw.mods.modlauncher.TransformStore/MODLAUNCHER]: Adding transformer net.minecraftforge.coremod.transformer.CoreModClassTransformer@10f477e2 to Target : CLASS {Lnet/minecraft/world/level/levelgen/structure/structures/OceanMonumentPieces$OceanMonumentPiece;} {} {V}
[23Mar2025 15:21:23.141] [main/DEBUG] [cpw.mods.modlauncher.TransformStore/MODLAUNCHER]: Adding transformer net.minecraftforge.coremod.transformer.CoreModClassTransformer@10f477e2 to Target : CLASS {Lnet/minecraft/server/commands/RaidCommand;} {} {V}
[23Mar2025 15:21:23.141] [main/DEBUG] [cpw.mods.modlauncher.TransformStore/MODLAUNCHER]: Adding transformer net.minecraftforge.coremod.transformer.CoreModClassTransformer@10f477e2 to Target : CLASS {Lnet/minecraft/world/entity/monster/Spider;} {} {V}
[23Mar2025 15:21:23.141] [main/DEBUG] [cpw.mods.modlauncher.TransformationServiceDecorator/MODLAUNCHER]: Initialized transformers for transformation service fml
[23Mar2025 15:21:24.986] [main/DEBUG] [mixin/]: Processing prepare() for PlatformAgent[MixinPlatformAgentDefault:ModLauncher Root Container(ModLauncher:4f56a0a2)]
[23Mar2025 15:21:24.986] [main/DEBUG] [mixin/]: Processing launch tasks for PlatformAgent[MixinPlatformAgentDefault:ModLauncher Root Container(ModLauncher:4f56a0a2)]
[23Mar2025 15:21:24.986] [main/DEBUG] [mixin/]: Adding mixin platform agents for container SecureJarResource(indestructible_blocks)
[23Mar2025 15:21:24.986] [main/DEBUG] [mixin/]: Instancing new MixinPlatformAgentMinecraftForge for SecureJarResource(indestructible_blocks)
[23Mar2025 15:21:24.986] [main/DEBUG] [mixin/]: MixinPlatformAgentMinecraftForge rejected container SecureJarResource(indestructible_blocks)
[23Mar2025 15:21:24.986] [main/DEBUG] [mixin/]: Instancing new MixinPlatformAgentDefault for SecureJarResource(indestructible_blocks)
[23Mar2025 15:21:24.986] [main/DEBUG] [mixin/]: MixinPlatformAgentDefault accepted container SecureJarResource(indestructible_blocks)
[23Mar2025 15:21:24.987] [main/DEBUG] [mixin/]: Processing prepare() for PlatformAgent[MixinPlatformAgentDefault:SecureJarResource(indestructible_blocks)]
[23Mar2025 15:21:24.987] [main/DEBUG] [mixin/]: Registering mixin config: indestructible_blocks-common.mixins.json
[23Mar2025 15:21:25.000] [main/DEBUG] [mixin/]: Compatibility level JAVA_17 specified by indestructible_blocks-common.mixins.json is higher than the maximum level supported by this version of mixin (JAVA_13).
[23Mar2025 15:21:25.004] [main/INFO] [mixin/]: Compatibility level set to JAVA_17
[23Mar2025 15:21:25.004] [main/DEBUG] [mixin/]: Adding mixin platform agents for container SecureJarResource(treechop)
[23Mar2025 15:21:25.004] [main/DEBUG] [mixin/]: Instancing new MixinPlatformAgentMinecraftForge for SecureJarResource(treechop)
[23Mar2025 15:21:25.004] [main/DEBUG] [mixin/]: MixinPlatformAgentMinecraftForge rejected container SecureJarResource(treechop)
[23Mar2025 15:21:25.004] [main/DEBUG] [mixin/]: Instancing new MixinPlatformAgentDefault for SecureJarResource(treechop)
[23Mar2025 15:21:25.004] [main/DEBUG] [mixin/]: MixinPlatformAgentDefault accepted container SecureJarResource(treechop)
[23Mar2025 15:21:25.004] [main/DEBUG] [mixin/]: Processing prepare() for PlatformAgent[MixinPlatformAgentDefault:SecureJarResource(treechop)]
[23Mar2025 15:21:25.004] [main/DEBUG] [mixin/]: Registering mixin config: treechop.mixins.json
[23Mar2025 15:21:25.006] [main/DEBUG] [mixin/]: Adding mixin platform agents for container SecureJarResource(kuma_api)
[23Mar2025 15:21:25.006] [main/DEBUG] [mixin/]: Instancing new MixinPlatformAgentMinecraftForge for SecureJarResource(kuma_api)
[23Mar2025 15:21:25.007] [main/DEBUG] [mixin/]: MixinPlatformAgentMinecraftForge rejected container SecureJarResource(kuma_api)
[23Mar2025 15:21:25.007] [main/DEBUG] [mixin/]: Instancing new MixinPlatformAgentDefault for SecureJarResource(kuma_api)
[23Mar2025 15:21:25.007] [main/DEBUG] [mixin/]: MixinPlatformAgentDefault accepted container SecureJarResource(kuma_api)
[23Mar2025 15:21:25.007] [main/DEBUG] [mixin/]: Processing prepare() for PlatformAgent[MixinPlatformAgentDefault:SecureJarResource(kuma_api)]
[23Mar2025 15:21:25.007] [main/DEBUG] [mixin/]: Registering mixin config: kuma_api.mixins.json
[23Mar2025 15:21:25.009] [main/DEBUG] [mixin/]: Registering mixin config: kuma_api.forge.mixins.json
[23Mar2025 15:21:25.012] [main/DEBUG] [mixin/]: Adding mixin platform agents for container SecureJarResource(playeranimator)
[23Mar2025 15:21:25.012] [main/DEBUG] [mixin/]: Instancing new MixinPlatformAgentMinecraftForge for SecureJarResource(playeranimator)
[23Mar2025 15:21:25.012] [main/DEBUG] [mixin/]: MixinPlatformAgentMinecraftForge rejected container SecureJarResource(playeranimator)
[23Mar2025 15:21:25.013] [main/DEBUG] [mixin/]: Instancing new MixinPlatformAgentDefault for SecureJarResource(playeranimator)
[23Mar2025 15:21:25.013] [main/DEBUG] [mixin/]: MixinPlatformAgentDefault accepted container SecureJarResource(playeranimator)
[23Mar2025 15:21:25.013] [main/DEBUG] [mixin/]: Processing prepare() for PlatformAgent[MixinPlatformAgentDefault:SecureJarResource(playeranimator)]
[23Mar2025 15:21:25.013] [main/DEBUG] [mixin/]: Registering mixin config: playerAnimator-common.mixins.json
[23Mar2025 15:21:25.016] [main/DEBUG] [mixin/]: Compatibility level JAVA_16 specified by playerAnimator-common.mixins.json is higher than the maximum level supported by this version of mixin (JAVA_13).
[23Mar2025 15:21:25.016] [main/DEBUG] [mixin/]: Adding mixin platform agents for container SecureJarResource(botarium)
[23Mar2025 15:21:25.016] [main/DEBUG] [mixin/]: Instancing new MixinPlatformAgentMinecraftForge for SecureJarResource(botarium)
[23Mar2025 15:21:25.016] [main/DEBUG] [mixin/]: MixinPlatformAgentMinecraftForge rejected container SecureJarResource(botarium)
[23Mar2025 15:21:25.016] [main/DEBUG] [mixin/]: Instancing new MixinPlatformAgentDefault for SecureJarResource(botarium)
[23Mar2025 15:21:25.016] [main/DEBUG] [mixin/]: MixinPlatformAgentDefault accepted container SecureJarResource(botarium)
[23Mar2025 15:21:25.016] [main/DEBUG] [mixin/]: Processing prepare() for PlatformAgent[MixinPlatformAgentDefault:SecureJarResource(botarium)]
[23Mar2025 15:21:25.016] [main/DEBUG] [mixin/]: Adding mixin platform agents for container SecureJarResource(sophisticatedcore)
[23Mar2025 15:21:25.016] [main/DEBUG] [mixin/]: Instancing new MixinPlatformAgentMinecraftForge for SecureJarResource(sophisticatedcore)
[23Mar2025 15:21:25.016] [main/DEBUG] [mixin/]: MixinPlatformAgentMinecraftForge rejected container SecureJarResource(sophisticatedcore)
[23Mar2025 15:21:25.016] [main/DEBUG] [mixin/]: Instancing new MixinPlatformAgentDefault for SecureJarResource(sophisticatedcore)
[23Mar2025 15:21:25.016] [main/DEBUG] [mixin/]: MixinPlatformAgentDefault accepted container SecureJarResource(sophisticatedcore)
[23Mar2025 15:21:25.016] [main/DEBUG] [mixin/]: Processing prepare() for PlatformAgent[MixinPlatformAgentDefault:SecureJarResource(sophisticatedcore)]
[23Mar2025 15:21:25.016] [main/DEBUG] [mixin/]: Adding mixin platform agents for container SecureJarResource(create_jetpack)
[23Mar2025 15:21:25.016] [main/DEBUG] [mixin/]: Instancing new MixinPlatformAgentMinecraftForge for SecureJarResource(create_jetpack)
[23Mar2025 15:21:25.016] [main/DEBUG] [mixin/]: MixinPlatformAgentMinecraftForge rejected container SecureJarResource(create_jetpack)
[23Mar2025 15:21:25.016] [main/DEBUG] [mixin/]: Instancing new MixinPlatformAgentDefault for SecureJarResource(create_jetpack)
[23Mar2025 15:21:25.016] [main/DEBUG] [mixin/]: MixinPlatformAgentDefault accepted container SecureJarResource(create_jetpack)
[23Mar2025 15:21:25.016] [main/DEBUG] [mixin/]: Processing prepare() for PlatformAgent[MixinPlatformAgentDefault:SecureJarResource(create_jetpack)]
[23Mar2025 15:21:25.017] [main/DEBUG] [mixin/]: Adding mixin platform agents for container SecureJarResource(citadel)
[23Mar2025 15:21:25.017] [main/DEBUG] [mixin/]: Instancing new MixinPlatformAgentMinecraftForge for SecureJarResource(citadel)
[23Mar2025 15:21:25.017] [main/DEBUG] [mixin/]: MixinPlatformAgentMinecraftForge rejected container SecureJarResource(citadel)
[23Mar2025 15:21:25.017] [main/DEBUG] [mixin/]: Instancing new MixinPlatformAgentDefault for SecureJarResource(citadel)
[23Mar2025 15:21:25.017] [main/DEBUG] [mixin/]: MixinPlatformAgentDefault accepted container SecureJarResource(citadel)
[23Mar2025 15:21:25.017] [main/DEBUG] [mixin/]: Processing prepare() for PlatformAgent[MixinPlatformAgentDefault:SecureJarResource(citadel)]
[23Mar2025 15:21:25.017] [main/DEBUG] [mixin/]: Registering mixin config: citadel.mixins.json
[23Mar2025 15:21:25.019] [main/DEBUG] [mixin/]: Adding mixin platform agents for container SecureJarResource(alexsmobs)
[23Mar2025 15:21:25.019] [main/DEBUG] [mixin/]: Instancing new MixinPlatformAgentMinecraftForge for SecureJarResource(alexsmobs)
[23Mar2025 15:21:25.019] [main/DEBUG] [mixin/]: MixinPlatformAgentMinecraftForge rejected container SecureJarResource(alexsmobs)
[23Mar2025 15:21:25.019] [main/DEBUG] [mixin/]: Instancing new MixinPlatformAgentDefault for SecureJarResource(alexsmobs)
[23Mar2025 15:21:25.019] [main/DEBUG] [mixin/]: MixinPlatformAgentDefault accepted container SecureJarResource(alexsmobs)
[23Mar2025 15:21:25.019] [main/DEBUG] [mixin/]: Processing prepare() for PlatformAgent[MixinPlatformAgentDefault:SecureJarResource(alexsmobs)]
[23Mar2025 15:21:25.019] [main/DEBUG] [mixin/]: Registering mixin config: citadel.mixins.json
[23Mar2025 15:21:25.019] [main/DEBUG] [mixin/]: Adding mixin platform agents for container SecureJarResource(yungsapi)
[23Mar2025 15:21:25.019] [main/DEBUG] [mixin/]: Instancing new MixinPlatformAgentMinecraftForge for SecureJarResource(yungsapi)
[23Mar2025 15:21:25.019] [main/DEBUG] [mixin/]: MixinPlatformAgentMinecraftForge rejected container SecureJarResource(yungsapi)
[23Mar2025 15:21:25.019] [main/DEBUG] [mixin/]: Instancing new MixinPlatformAgentDefault for SecureJarResource(yungsapi)
[23Mar2025 15:21:25.019] [main/DEBUG] [mixin/]: MixinPlatformAgentDefault accepted container SecureJarResource(yungsapi)
[23Mar2025 15:21:25.019] [main/DEBUG] [mixin/]: Processing prepare() for PlatformAgent[MixinPlatformAgentDefault:SecureJarResource(yungsapi)]
[23Mar2025 15:21:25.019] [main/DEBUG] [mixin/]: Registering mixin config: yungsapi.mixins.json
[23Mar2025 15:21:25.021] [main/DEBUG] [mixin/]: Registering mixin config: yungsapi_forge.mixins.json
[23Mar2025 15:21:25.024] [main/DEBUG] [mixin/]: Adding mixin platform agents for container SecureJarResource(mixinextras)
[23Mar2025 15:21:25.024] [main/DEBUG] [mixin/]: Instancing new MixinPlatformAgentMinecraftForge for SecureJarResource(mixinextras)
[23Mar2025 15:21:25.024] [main/DEBUG] [mixin/]: MixinPlatformAgentMinecraftForge rejected container SecureJarResource(mixinextras)
[23Mar2025 15:21:25.024] [main/DEBUG] [mixin/]: Instancing new MixinPlatformAgentDefault for SecureJarResource(mixinextras)
[23Mar2025 15:21:25.024] [main/DEBUG] [mixin/]: MixinPlatformAgentDefault accepted container SecureJarResource(mixinextras)
[23Mar2025 15:21:25.024] [main/DEBUG] [mixin/]: Processing prepare() for PlatformAgent[MixinPlatformAgentDefault:SecureJarResource(mixinextras)]
[23Mar2025 15:21:25.024] [main/DEBUG] [mixin/]: Registering mixin config: mixinextras.init.mixins.json
[23Mar2025 15:21:25.025] [main/DEBUG] [mixin/]: Adding mixin platform agents for container SecureJarResource(sophisticatedbackpacks)
[23Mar2025 15:21:25.026] [main/DEBUG] [mixin/]: Instancing new MixinPlatformAgentMinecraftForge for SecureJarResource(sophisticatedbackpacks)
[23Mar2025 15:21:25.026] [main/DEBUG] [mixin/]: MixinPlatformAgentMinecraftForge rejected container SecureJarResource(sophisticatedbackpacks)
[23Mar2025 15:21:25.026] [main/DEBUG] [mixin/]: Instancing new MixinPlatformAgentDefault for SecureJarResource(sophisticatedbackpacks)
[23Mar2025 15:21:25.026] [main/DEBUG] [mixin/]: MixinPlatformAgentDefault accepted container SecureJarResource(sophisticatedbackpacks)
[23Mar2025 15:21:25.026] [main/DEBUG] [mixin/]: Processing prepare() for PlatformAgent[MixinPlatformAgentDefault:SecureJarResource(sophisticatedbackpacks)]
[23Mar2025 15:21:25.026] [main/DEBUG] [mixin/]: Adding mixin platform agents for container SecureJarResource(guardvillagers)
[23Mar2025 15:21:25.026] [main/DEBUG] [mixin/]: Instancing new MixinPlatformAgentMinecraftForge for SecureJarResource(guardvillagers)
[23Mar2025 15:21:25.026] [main/DEBUG] [mixin/]: MixinPlatformAgentMinecraftForge rejected container SecureJarResource(guardvillagers)
[23Mar2025 15:21:25.026] [main/DEBUG] [mixin/]: Instancing new MixinPlatformAgentDefault for SecureJarResource(guardvillagers)
[23Mar2025 15:21:25.026] [main/DEBUG] [mixin/]: MixinPlatformAgentDefault accepted container SecureJarResource(guardvillagers)
[23Mar2025 15:21:25.026] [main/DEBUG] [mixin/]: Processing prepare() for PlatformAgent[MixinPlatformAgentDefault:SecureJarResource(guardvillagers)]
[23Mar2025 15:21:25.026] [main/DEBUG] [mixin/]: Registering mixin config: guardvillagers.mixins.json
[23Mar2025 15:21:25.027] [main/DEBUG] [mixin/]: Adding mixin platform agents for container SecureJarResource(balm)
[23Mar2025 15:21:25.027] [main/DEBUG] [mixin/]: Instancing new MixinPlatformAgentMinecraftForge for SecureJarResource(balm)
[23Mar2025 15:21:25.028] [main/DEBUG] [mixin/]: MixinPlatformAgentMinecraftForge rejected container SecureJarResource(balm)
[23Mar2025 15:21:25.028] [main/DEBUG] [mixin/]: Instancing new MixinPlatformAgentDefault for SecureJarResource(balm)
[23Mar2025 15:21:25.028] [main/DEBUG] [mixin/]: MixinPlatformAgentDefault accepted container SecureJarResource(balm)
[23Mar2025 15:21:25.028] [main/DEBUG] [mixin/]: Processing prepare() for PlatformAgent[MixinPlatformAgentDefault:SecureJarResource(balm)]
[23Mar2025 15:21:25.028] [main/DEBUG] [mixin/]: Registering mixin config: balm.mixins.json
[23Mar2025 15:21:25.030] [main/DEBUG] [mixin/]: Adding mixin platform agents for container SecureJarResource(carryon)
[23Mar2025 15:21:25.030] [main/DEBUG] [mixin/]: Instancing new MixinPlatformAgentMinecraftForge for SecureJarResource(carryon)
[23Mar2025 15:21:25.030] [main/DEBUG] [mixin/]: MixinPlatformAgentMinecraftForge rejected container SecureJarResource(carryon)
[23Mar2025 15:21:25.030] [main/DEBUG] [mixin/]: Instancing new MixinPlatformAgentDefault for SecureJarResource(carryon)
[23Mar2025 15:21:25.031] [main/DEBUG] [mixin/]: MixinPlatformAgentDefault accepted container SecureJarResource(carryon)
[23Mar2025 15:21:25.031] [main/DEBUG] [mixin/]: Processing prepare() for PlatformAgent[MixinPlatformAgentDefault:SecureJarResource(carryon)]
[23Mar2025 15:21:25.031] [main/DEBUG] [mixin/]: Registering mixin config: carryon.mixins.json
[23Mar2025 15:21:25.032] [main/DEBUG] [mixin/]: Registering mixin config: carryon.forge.mixins.json
[23Mar2025 15:21:25.034] [main/DEBUG] [mixin/]: Adding mixin platform agents for container SecureJarResource(faded_conquest_2)
[23Mar2025 15:21:25.034] [main/DEBUG] [mixin/]: Instancing new MixinPlatformAgentMinecraftForge for SecureJarResource(faded_conquest_2)
[23Mar2025 15:21:25.034] [main/DEBUG] [mixin/]: MixinPlatformAgentMinecraftForge rejected container SecureJarResource(faded_conquest_2)
[23Mar2025 15:21:25.034] [main/DEBUG] [mixin/]: Instancing new MixinPlatformAgentDefault for SecureJarResource(faded_conquest_2)
[23Mar2025 15:21:25.034] [main/DEBUG] [mixin/]: MixinPlatformAgentDefault accepted container SecureJarResource(faded_conquest_2)
[23Mar2025 15:21:25.034] [main/DEBUG] [mixin/]: Processing prepare() for PlatformAgent[MixinPlatformAgentDefault:SecureJarResource(faded_conquest_2)]
[23Mar2025 15:21:25.035] [main/DEBUG] [mixin/]: Adding mixin platform agents for container SecureJarResource(betterfortresses)
[23Mar2025 15:21:25.035] [main/DEBUG] [mixin/]: Instancing new MixinPlatformAgentMinecraftForge for SecureJarResource(betterfortresses)
[23Mar2025 15:21:25.035] [main/DEBUG] [mixin/]: MixinPlatformAgentMinecraftForge rejected container SecureJarResource(betterfortresses)
[23Mar2025 15:21:25.035] [main/DEBUG] [mixin/]: Instancing new MixinPlatformAgentDefault for SecureJarResource(betterfortresses)
[23Mar2025 15:21:25.035] [main/DEBUG] [mixin/]: MixinPlatformAgentDefault accepted container SecureJarResource(betterfortresses)
[23Mar2025 15:21:25.035] [main/DEBUG] [mixin/]: Processing prepare() for PlatformAgent[MixinPlatformAgentDefault:SecureJarResource(betterfortresses)]
[23Mar2025 15:21:25.035] [main/DEBUG] [mixin/]: Registering mixin config: betterfortresses.mixins.json
[23Mar2025 15:21:25.036] [main/DEBUG] [mixin/]: Registering mixin config: betterfortresses_forge.mixins.json
[23Mar2025 15:21:25.038] [main/DEBUG] [mixin/]: Adding mixin platform agents for container SecureJarResource(paraglider)
[23Mar2025 15:21:25.039] [main/DEBUG] [mixin/]: Instancing new MixinPlatformAgentMinecraftForge for SecureJarResource(paraglider)
[23Mar2025 15:21:25.039] [main/DEBUG] [mixin/]: MixinPlatformAgentMinecraftForge rejected container SecureJarResource(paraglider)
[23Mar2025 15:21:25.039] [main/DEBUG] [mixin/]: Instancing new MixinPlatformAgentDefault for SecureJarResource(paraglider)
[23Mar2025 15:21:25.039] [main/DEBUG] [mixin/]: MixinPlatformAgentDefault accepted container SecureJarResource(paraglider)
[23Mar2025 15:21:25.039] [main/DEBUG] [mixin/]: Processing prepare() for PlatformAgent[MixinPlatformAgentDefault:SecureJarResource(paraglider)]
[23Mar2025 15:21:25.039] [main/DEBUG] [mixin/]: Registering mixin config: paraglider.mixins.json
[23Mar2025 15:21:25.041] [main/DEBUG] [mixin/]: Adding mixin platform agents for container SecureJarResource(cloth_config)
[23Mar2025 15:21:25.041] [main/DEBUG] [mixin/]: Instancing new MixinPlatformAgentMinecraftForge for SecureJarResource(cloth_config)
[23Mar2025 15:21:25.041] [main/DEBUG] [mixin/]: MixinPlatformAgentMinecraftForge rejected container SecureJarResource(cloth_config)
[23Mar2025 15:21:25.041] [main/DEBUG] [mixin/]: Instancing new MixinPlatformAgentDefault for SecureJarResource(cloth_config)
[23Mar2025 15:21:25.041] [main/DEBUG] [mixin/]: MixinPlatformAgentDefault accepted container SecureJarResource(cloth_config)
[23Mar2025 15:21:25.041] [main/DEBUG] [mixin/]: Processing prepare() for PlatformAgent[MixinPlatformAgentDefault:SecureJarResource(cloth_config)]
[23Mar2025 15:21:25.041] [main/DEBUG] [mixin/]: Adding mixin platform agents for container SecureJarResource(ctov)
[23Mar2025 15:21:25.041] [main/DEBUG] [mixin/]: Instancing new MixinPlatformAgentMinecraftForge for SecureJarResource(ctov)
[23Mar2025 15:21:25.041] [main/DEBUG] [mixin/]: MixinPlatformAgentMinecraftForge rejected container SecureJarResource(ctov)
[23Mar2025 15:21:25.041] [main/DEBUG] [mixin/]: Instancing new MixinPlatformAgentDefault for SecureJarResource(ctov)
[23Mar2025 15:21:25.041] [main/DEBUG] [mixin/]: MixinPlatformAgentDefault accepted container SecureJarResource(ctov)
[23Mar2025 15:21:25.041] [main/DEBUG] [mixin/]: Processing prepare() for PlatformAgent[MixinPlatformAgentDefault:SecureJarResource(ctov)]
[23Mar2025 15:21:25.041] [main/DEBUG] [mixin/]: Adding mixin platform agents for container SecureJarResource(twilightforest)
[23Mar2025 15:21:25.041] [main/DEBUG] [mixin/]: Instancing new MixinPlatformAgentMinecraftForge for SecureJarResource(twilightforest)
[23Mar2025 15:21:25.041] [main/DEBUG] [mixin/]: MixinPlatformAgentMinecraftForge rejected container SecureJarResource(twilightforest)
[23Mar2025 15:21:25.041] [main/DEBUG] [mixin/]: Instancing new MixinPlatformAgentDefault for SecureJarResource(twilightforest)
[23Mar2025 15:21:25.041] [main/DEBUG] [mixin/]: MixinPlatformAgentDefault accepted container SecureJarResource(twilightforest)
[23Mar2025 15:21:25.041] [main/DEBUG] [mixin/]: Processing prepare() for PlatformAgent[MixinPlatformAgentDefault:SecureJarResource(twilightforest)]
[23Mar2025 15:21:25.041] [main/DEBUG] [mixin/]: Adding mixin platform agents for container SecureJarResource(ricksportalgun)
[23Mar2025 15:21:25.042] [main/DEBUG] [mixin/]: Instancing new MixinPlatformAgentMinecraftForge for SecureJarResource(ricksportalgun)
[23Mar2025 15:21:25.042] [main/DEBUG] [mixin/]: MixinPlatformAgentMinecraftForge rejected container SecureJarResource(ricksportalgun)
[23Mar2025 15:21:25.042] [main/DEBUG] [mixin/]: Instancing new MixinPlatformAgentDefault for SecureJarResource(ricksportalgun)
[23Mar2025 15:21:25.042] [main/DEBUG] [mixin/]: MixinPlatformAgentDefault accepted container SecureJarResource(ricksportalgun)
[23Mar2025 15:21:25.042] [main/DEBUG] [mixin/]: Processing prepare() for PlatformAgent[MixinPlatformAgentDefault:SecureJarResource(ricksportalgun)]
[23Mar2025 15:21:25.042] [main/DEBUG] [mixin/]: Adding mixin platform agents for container SecureJarResource(farmersdelight)
[23Mar2025 15:21:25.042] [main/DEBUG] [mixin/]: Instancing new MixinPlatformAgentMinecraftForge for SecureJarResource(farmersdelight)
[23Mar2025 15:21:25.042] [main/DEBUG] [mixin/]: MixinPlatformAgentMinecraftForge rejected container SecureJarResource(farmersdelight)
[23Mar2025 15:21:25.042] [main/DEBUG] [mixin/]: Instancing new MixinPlatformAgentDefault for SecureJarResource(farmersdelight)
[23Mar2025 15:21:25.042] [main/DEBUG] [mixin/]: MixinPlatformAgentDefault accepted container SecureJarResource(farmersdelight)
[23Mar2025 15:21:25.042] [main/DEBUG] [mixin/]: Processing prepare() for PlatformAgent[MixinPlatformAgentDefault:SecureJarResource(farmersdelight)]
[23Mar2025 15:21:25.042] [main/DEBUG] [mixin/]: Registering mixin config: farmersdelight.mixins.json
[23Mar2025 15:21:25.044] [main/DEBUG] [mixin/]: Adding mixin platform agents for container SecureJarResource(supermartijn642corelib)
[23Mar2025 15:21:25.044] [main/DEBUG] [mixin/]: Instancing new MixinPlatformAgentMinecraftForge for SecureJarResource(supermartijn642corelib)
[23Mar2025 15:21:25.044] [main/DEBUG] [mixin/]: MixinPlatformAgentMinecraftForge rejected container SecureJarResource(supermartijn642corelib)
[23Mar2025 15:21:25.044] [main/DEBUG] [mixin/]: Instancing new MixinPlatformAgentDefault for SecureJarResource(supermartijn642corelib)
[23Mar2025 15:21:25.044] [main/DEBUG] [mixin/]: MixinPlatformAgentDefault accepted container SecureJarResource(supermartijn642corelib)
[23Mar2025 15:21:25.044] [main/DEBUG] [mixin/]: Processing prepare() for PlatformAgent[MixinPlatformAgentDefault:SecureJarResource(supermartijn642corelib)]
[23Mar2025 15:21:25.044] [main/DEBUG] [mixin/]: Registering mixin config: supermartijn642corelib.mixins.json
[23Mar2025 15:21:25.046] [main/DEBUG] [mixin/]: Adding mixin platform agents for container SecureJarResource(resourcefulconfig)
[23Mar2025 15:21:25.046] [main/DEBUG] [mixin/]: Instancing new MixinPlatformAgentMinecraftForge for SecureJarResource(resourcefulconfig)
[23Mar2025 15:21:25.046] [main/DEBUG] [mixin/]: MixinPlatformAgentMinecraftForge rejected container SecureJarResource(resourcefulconfig)
[23Mar2025 15:21:25.046] [main/DEBUG] [mixin/]: Instancing new MixinPlatformAgentDefault for SecureJarResource(resourcefulconfig)
[23Mar2025 15:21:25.046] [main/DEBUG] [mixin/]: MixinPlatformAgentDefault accepted container SecureJarResource(resourcefulconfig)
[23Mar2025 15:21:25.046] [main/DEBUG] [mixin/]: Processing prepare() for PlatformAgent[MixinPlatformAgentDefault:SecureJarResource(resourcefulconfig)]
[23Mar2025 15:21:25.046] [main/DEBUG] [mixin/]: Adding mixin platform agents for container SecureJarResource(lionfishapi)
[23Mar2025 15:21:25.046] [main/DEBUG] [mixin/]: Instancing new MixinPlatformAgentMinecraftForge for SecureJarResource(lionfishapi)
[23Mar2025 15:21:25.046] [main/DEBUG] [mixin/]: MixinPlatformAgentMinecraftForge rejected container SecureJarResource(lionfishapi)
[23Mar2025 15:21:25.046] [main/DEBUG] [mixin/]: Instancing new MixinPlatformAgentDefault for SecureJarResource(lionfishapi)
[23Mar2025 15:21:25.046] [main/DEBUG] [mixin/]: MixinPlatformAgentDefault accepted container SecureJarResource(lionfishapi)
[23Mar2025 15:21:25.046] [main/DEBUG] [mixin/]: Processing prepare() for PlatformAgent[MixinPlatformAgentDefault:SecureJarResource(lionfishapi)]
[23Mar2025 15:21:25.046] [main/DEBUG] [mixin/]: Registering mixin config: lionfishapi.mixins.json
[23Mar2025 15:21:25.048] [main/DEBUG] [mixin/]: Adding mixin platform agents for container SecureJarResource(portablemobs)
[23Mar2025 15:21:25.049] [main/DEBUG] [mixin/]: Instancing new MixinPlatformAgentMinecraftForge for SecureJarResource(portablemobs)
[23Mar2025 15:21:25.049] [main/DEBUG] [mixin/]: MixinPlatformAgentMinecraftForge rejected container SecureJarResource(portablemobs)
[23Mar2025 15:21:25.049] [main/DEBUG] [mixin/]: Instancing new MixinPlatformAgentDefault for SecureJarResource(portablemobs)
[23Mar2025 15:21:25.049] [main/DEBUG] [mixin/]: MixinPlatformAgentDefault accepted container SecureJarResource(portablemobs)
[23Mar2025 15:21:25.049] [main/DEBUG] [mixin/]: Processing prepare() for PlatformAgent[MixinPlatformAgentDefault:SecureJarResource(portablemobs)]
[23Mar2025 15:21:25.049] [main/DEBUG] [mixin/]: Adding mixin platform agents for container SecureJarResource(cataclysm)
[23Mar2025 15:21:25.049] [main/DEBUG] [mixin/]: Instancing new MixinPlatformAgentMinecraftForge for SecureJarResource(cataclysm)
[23Mar2025 15:21:25.049] [main/DEBUG] [mixin/]: MixinPlatformAgentMinecraftForge rejected container SecureJarResource(cataclysm)
[23Mar2025 15:21:25.049] [main/DEBUG] [mixin/]: Instancing new MixinPlatformAgentDefault for SecureJarResource(cataclysm)
[23Mar2025 15:21:25.049] [main/DEBUG] [mixin/]: MixinPlatformAgentDefault accepted container SecureJarResource(cataclysm)
[23Mar2025 15:21:25.049] [main/DEBUG] [mixin/]: Processing prepare() for PlatformAgent[MixinPlatformAgentDefault:SecureJarResource(cataclysm)]
[23Mar2025 15:21:25.049] [main/DEBUG] [mixin/]: Registering mixin config: lionfishapi.mixins.json
[23Mar2025 15:21:25.049] [main/DEBUG] [mixin/]: Registering mixin config: cataclysm.mixins.json
[23Mar2025 15:21:25.051] [main/DEBUG] [mixin/]: Adding mixin platform agents for container SecureJarResource(integrated_cataclysm)
[23Mar2025 15:21:25.051] [main/DEBUG] [mixin/]: Instancing new MixinPlatformAgentMinecraftForge for SecureJarResource(integrated_cataclysm)
[23Mar2025 15:21:25.051] [main/DEBUG] [mixin/]: MixinPlatformAgentMinecraftForge rejected container SecureJarResource(integrated_cataclysm)
[23Mar2025 15:21:25.051] [main/DEBUG] [mixin/]: Instancing new MixinPlatformAgentDefault for SecureJarResource(integrated_cataclysm)
[23Mar2025 15:21:25.051] [main/DEBUG] [mixin/]: MixinPlatformAgentDefault accepted container SecureJarResource(integrated_cataclysm)
[23Mar2025 15:21:25.051] [main/DEBUG] [mixin/]: Processing prepare() for PlatformAgent[MixinPlatformAgentDefault:SecureJarResource(integrated_cataclysm)]
[23Mar2025 15:21:25.051] [main/DEBUG] [mixin/]: Registering mixin config: integrated_cataclysm.mixins.json
[23Mar2025 15:21:25.054] [main/DEBUG] [mixin/]: Adding mixin platform agents for container SecureJarResource(curios)
[23Mar2025 15:21:25.054] [main/DEBUG] [mixin/]: Instancing new MixinPlatformAgentMinecraftForge for SecureJarResource(curios)
[23Mar2025 15:21:25.054] [main/DEBUG] [mixin/]: MixinPlatformAgentMinecraftForge rejected container SecureJarResource(curios)
[23Mar2025 15:21:25.054] [main/DEBUG] [mixin/]: Instancing new MixinPlatformAgentDefault for SecureJarResource(curios)
[23Mar2025 15:21:25.054] [main/DEBUG] [mixin/]: MixinPlatformAgentDefault accepted container SecureJarResource(curios)
[23Mar2025 15:21:25.054] [main/DEBUG] [mixin/]: Processing prepare() for PlatformAgent[MixinPlatformAgentDefault:SecureJarResource(curios)]
[23Mar2025 15:21:25.054] [main/DEBUG] [mixin/]: Registering mixin config: curios.mixins.json
[23Mar2025 15:21:25.056] [main/DEBUG] [mixin/]: Adding mixin platform agents for container SecureJarResource(witherstormmod)
[23Mar2025 15:21:25.056] [main/DEBUG] [mixin/]: Instancing new MixinPlatformAgentMinecraftForge for SecureJarResource(witherstormmod)
[23Mar2025 15:21:25.056] [main/DEBUG] [mixin/]: MixinPlatformAgentMinecraftForge rejected container SecureJarResource(witherstormmod)
[23Mar2025 15:21:25.056] [main/DEBUG] [mixin/]: Instancing new MixinPlatformAgentDefault for SecureJarResource(witherstormmod)
[23Mar2025 15:21:25.056] [main/DEBUG] [mixin/]: MixinPlatformAgentDefault accepted container SecureJarResource(witherstormmod)
[23Mar2025 15:21:25.057] [main/DEBUG] [mixin/]: Processing prepare() for PlatformAgent[MixinPlatformAgentDefault:SecureJarResource(witherstormmod)]
[23Mar2025 15:21:25.057] [main/DEBUG] [mixin/]: Registering mixin config: witherstormmod.mixins.json
[23Mar2025 15:21:25.058] [main/DEBUG] [mixin/]: Adding mixin platform agents for container SecureJarResource(elevatorid)
[23Mar2025 15:21:25.058] [main/DEBUG] [mixin/]: Instancing new MixinPlatformAgentMinecraftForge for SecureJarResource(elevatorid)
[23Mar2025 15:21:25.058] [main/DEBUG] [mixin/]: MixinPlatformAgentMinecraftForge rejected container SecureJarResource(elevatorid)
[23Mar2025 15:21:25.058] [main/DEBUG] [mixin/]: Instancing new MixinPlatformAgentDefault for SecureJarResource(elevatorid)
[23Mar2025 15:21:25.058] [main/DEBUG] [mixin/]: MixinPlatformAgentDefault accepted container SecureJarResource(elevatorid)
[23Mar2025 15:21:25.059] [main/DEBUG] [mixin/]: Processing prepare() for PlatformAgent[MixinPlatformAgentDefault:SecureJarResource(elevatorid)]
[23Mar2025 15:21:25.059] [main/DEBUG] [mixin/]: Adding mixin platform agents for container SecureJarResource(betterstrongholds)
[23Mar2025 15:21:25.059] [main/DEBUG] [mixin/]: Instancing new MixinPlatformAgentMinecraftForge for SecureJarResource(betterstrongholds)
[23Mar2025 15:21:25.059] [main/DEBUG] [mixin/]: MixinPlatformAgentMinecraftForge rejected container SecureJarResource(betterstrongholds)
[23Mar2025 15:21:25.059] [main/DEBUG] [mixin/]: Instancing new MixinPlatformAgentDefault for SecureJarResource(betterstrongholds)
[23Mar2025 15:21:25.059] [main/DEBUG] [mixin/]: MixinPlatformAgentDefault accepted container SecureJarResource(betterstrongholds)
[23Mar2025 15:21:25.059] [main/DEBUG] [mixin/]: Processing prepare() for PlatformAgent[MixinPlatformAgentDefault:SecureJarResource(betterstrongholds)]
[23Mar2025 15:21:25.059] [main/DEBUG] [mixin/]: Registering mixin config: betterstrongholds.mixins.json
[23Mar2025 15:21:25.061] [main/DEBUG] [mixin/]: Registering mixin config: betterstrongholds_forge.mixins.json
[23Mar2025 15:21:25.062] [main/DEBUG] [mixin/]: Adding mixin platform agents for container SecureJarResource(tombstone)
[23Mar2025 15:21:25.062] [main/DEBUG] [mixin/]: Instancing new MixinPlatformAgentMinecraftForge for SecureJarResource(tombstone)
[23Mar2025 15:21:25.062] [main/DEBUG] [mixin/]: MixinPlatformAgentMinecraftForge rejected container SecureJarResource(tombstone)
[23Mar2025 15:21:25.063] [main/DEBUG] [mixin/]: Instancing new MixinPlatformAgentDefault for SecureJarResource(tombstone)
[23Mar2025 15:21:25.063] [main/DEBUG] [mixin/]: MixinPlatformAgentDefault accepted container SecureJarResource(tombstone)
[23Mar2025 15:21:25.063] [main/DEBUG] [mixin/]: Processing prepare() for PlatformAgent[MixinPlatformAgentDefault:SecureJarResource(tombstone)]
[23Mar2025 15:21:25.063] [main/DEBUG] [mixin/]: Registering mixin config: tombstone.mixins.json
[23Mar2025 15:21:25.064] [main/DEBUG] [mixin/]: Adding mixin platform agents for container SecureJarResource(rootoffear)
[23Mar2025 15:21:25.064] [main/DEBUG] [mixin/]: Instancing new MixinPlatformAgentMinecraftForge for SecureJarResource(rootoffear)
[23Mar2025 15:21:25.064] [main/DEBUG] [mixin/]: MixinPlatformAgentMinecraftForge rejected container SecureJarResource(rootoffear)
[23Mar2025 15:21:25.065] [main/DEBUG] [mixin/]: Instancing new MixinPlatformAgentDefault for SecureJarResource(rootoffear)
[23Mar2025 15:21:25.065] [main/DEBUG] [mixin/]: MixinPlatformAgentDefault accepted container SecureJarResource(rootoffear)
[23Mar2025 15:21:25.065] [main/DEBUG] [mixin/]: Processing prepare() for PlatformAgent[MixinPlatformAgentDefault:SecureJarResource(rootoffear)]
[23Mar2025 15:21:25.065] [main/DEBUG] [mixin/]: Registering mixin config: rootoffear.mixins.json
[23Mar2025 15:21:25.066] [main/DEBUG] [mixin/]: Adding mixin platform agents for container SecureJarResource(resourcefullib)
[23Mar2025 15:21:25.066] [main/DEBUG] [mixin/]: Instancing new MixinPlatformAgentMinecraftForge for SecureJarResource(resourcefullib)
[23Mar2025 15:21:25.066] [main/DEBUG] [mixin/]: MixinPlatformAgentMinecraftForge rejected container SecureJarResource(resourcefullib)
[23Mar2025 15:21:25.066] [main/DEBUG] [mixin/]: Instancing new MixinPlatformAgentDefault for SecureJarResource(resourcefullib)
[23Mar2025 15:21:25.066] [main/DEBUG] [mixin/]: MixinPlatformAgentDefault accepted container SecureJarResource(resourcefullib)
[23Mar2025 15:21:25.066] [main/DEBUG] [mixin/]: Processing prepare() for PlatformAgent[MixinPlatformAgentDefault:SecureJarResource(resourcefullib)]
[23Mar2025 15:21:25.066] [main/DEBUG] [mixin/]: Adding mixin platform agents for container SecureJarResource(deeperdarker)
[23Mar2025 15:21:25.066] [main/DEBUG] [mixin/]: Instancing new MixinPlatformAgentMinecraftForge for SecureJarResource(deeperdarker)
[23Mar2025 15:21:25.066] [main/DEBUG] [mixin/]: MixinPlatformAgentMinecraftForge rejected container SecureJarResource(deeperdarker)
[23Mar2025 15:21:25.066] [main/DEBUG] [mixin/]: Instancing new MixinPlatformAgentDefault for SecureJarResource(deeperdarker)
[23Mar2025 15:21:25.066] [main/DEBUG] [mixin/]: MixinPlatformAgentDefault accepted container SecureJarResource(deeperdarker)
[23Mar2025 15:21:25.066] [main/DEBUG] [mixin/]: Processing prepare() for PlatformAgent[MixinPlatformAgentDefault:SecureJarResource(deeperdarker)]
[23Mar2025 15:21:25.066] [main/DEBUG] [mixin/]: Registering mixin config: mixins.deeperdarker.json
[23Mar2025 15:21:25.068] [main/DEBUG] [mixin/]: Adding mixin platform agents for container SecureJarResource(architectury)
[23Mar2025 15:21:25.068] [main/DEBUG] [mixin/]: Instancing new MixinPlatformAgentMinecraftForge for SecureJarResource(architectury)
[23Mar2025 15:21:25.068] [main/DEBUG] [mixin/]: MixinPlatformAgentMinecraftForge rejected container SecureJarResource(architectury)
[23Mar2025 15:21:25.068] [main/DEBUG] [mixin/]: Instancing new MixinPlatformAgentDefault for SecureJarResource(architectury)
[23Mar2025 15:21:25.068] [main/DEBUG] [mixin/]: MixinPlatformAgentDefault accepted container SecureJarResource(architectury)
[23Mar2025 15:21:25.069] [main/DEBUG] [mixin/]: Processing prepare() for PlatformAgent[MixinPlatformAgentDefault:SecureJarResource(architectury)]
[23Mar2025 15:21:25.069] [main/DEBUG] [mixin/]: Registering mixin config: architectury.mixins.json
[23Mar2025 15:21:25.071] [main/DEBUG] [mixin/]: Compatibility level JAVA_16 specified by architectury.mixins.json is higher than the maximum level supported by this version of mixin (JAVA_13).
[23Mar2025 15:21:25.071] [main/DEBUG] [mixin/]: Registering mixin config: architectury-common.mixins.json
[23Mar2025 15:21:25.073] [main/DEBUG] [mixin/]: Compatibility level JAVA_16 specified by architectury-common.mixins.json is higher than the maximum level supported by this version of mixin (JAVA_13).
[23Mar2025 15:21:25.073] [main/DEBUG] [mixin/]: Adding mixin platform agents for container SecureJarResource(customvillagertrades)
[23Mar2025 15:21:25.073] [main/DEBUG] [mixin/]: Instancing new MixinPlatformAgentMinecraftForge for SecureJarResource(customvillagertrades)
[23Mar2025 15:21:25.073] [main/DEBUG] [mixin/]: MixinPlatformAgentMinecraftForge rejected container SecureJarResource(customvillagertrades)
[23Mar2025 15:21:25.073] [main/DEBUG] [mixin/]: Instancing new MixinPlatformAgentDefault for SecureJarResource(customvillagertrades)
[23Mar2025 15:21:25.073] [main/DEBUG] [mixin/]: MixinPlatformAgentDefault accepted container SecureJarResource(customvillagertrades)
[23Mar2025 15:21:25.073] [main/DEBUG] [mixin/]: Processing prepare() for PlatformAgent[MixinPlatformAgentDefault:SecureJarResource(customvillagertrades)]
[23Mar2025 15:21:25.073] [main/DEBUG] [mixin/]: Registering mixin config: customvillagertrades.mixins.json
[23Mar2025 15:21:25.075] [main/ERROR] [mixin/]: Mixin config customvillagertrades.mixins.json does not specify "minVersion" property
[23Mar2025 15:21:25.075] [main/DEBUG] [mixin/]: Adding mixin platform agents for container SecureJarResource(mr_limesplatus_ending)
[23Mar2025 15:21:25.075] [main/DEBUG] [mixin/]: Instancing new MixinPlatformAgentMinecraftForge for SecureJarResource(mr_limesplatus_ending)
[23Mar2025 15:21:25.075] [main/DEBUG] [mixin/]: MixinPlatformAgentMinecraftForge rejected container SecureJarResource(mr_limesplatus_ending)
[23Mar2025 15:21:25.075] [main/DEBUG] [mixin/]: Instancing new MixinPlatformAgentDefault for SecureJarResource(mr_limesplatus_ending)
[23Mar2025 15:21:25.075] [main/DEBUG] [mixin/]: MixinPlatformAgentDefault accepted container SecureJarResource(mr_limesplatus_ending)
[23Mar2025 15:21:25.075] [main/DEBUG] [mixin/]: Processing prepare() for PlatformAgent[MixinPlatformAgentDefault:SecureJarResource(mr_limesplatus_ending)]
[23Mar2025 15:21:25.075] [main/DEBUG] [mixin/]: Adding mixin platform agents for container SecureJarResource(flightlib)
[23Mar2025 15:21:25.075] [main/DEBUG] [mixin/]: Instancing new MixinPlatformAgentMinecraftForge for SecureJarResource(flightlib)
[23Mar2025 15:21:25.075] [main/DEBUG] [mixin/]: MixinPlatformAgentMinecraftForge rejected container SecureJarResource(flightlib)
[23Mar2025 15:21:25.075] [main/DEBUG] [mixin/]: Instancing new MixinPlatformAgentDefault for SecureJarResource(flightlib)
[23Mar2025 15:21:25.075] [main/DEBUG] [mixin/]: MixinPlatformAgentDefault accepted container SecureJarResource(flightlib)
[23Mar2025 15:21:25.075] [main/DEBUG] [mixin/]: Processing prepare() for PlatformAgent[MixinPlatformAgentDefault:SecureJarResource(flightlib)]
[23Mar2025 15:21:25.075] [main/DEBUG] [mixin/]: Registering mixin config: flightlib.mixins.json
[23Mar2025 15:21:25.077] [main/DEBUG] [mixin/]: Compatibility level JAVA_8 specified by flightlib.mixins.json is lower than the default level supported by the current mixin service (JAVA_16).
[23Mar2025 15:21:25.077] [main/DEBUG] [mixin/]: Adding mixin platform agents for container SecureJarResource(villainoushordemanager)
[23Mar2025 15:21:25.077] [main/DEBUG] [mixin/]: Instancing new MixinPlatformAgentMinecraftForge for SecureJarResource(villainoushordemanager)
[23Mar2025 15:21:25.077] [main/DEBUG] [mixin/]: MixinPlatformAgentMinecraftForge rejected container SecureJarResource(villainoushordemanager)
[23Mar2025 15:21:25.078] [main/DEBUG] [mixin/]: Instancing new MixinPlatformAgentDefault for SecureJarResource(villainoushordemanager)
[23Mar2025 15:21:25.078] [main/DEBUG] [mixin/]: MixinPlatformAgentDefault accepted container SecureJarResource(villainoushordemanager)
[23Mar2025 15:21:25.078] [main/DEBUG] [mixin/]: Processing prepare() for PlatformAgent[MixinPlatformAgentDefault:SecureJarResource(villainoushordemanager)]
[23Mar2025 15:21:25.078] [main/DEBUG] [mixin/]: Registering mixin config: villainoushordemanager.mixins.json
[23Mar2025 15:21:25.080] [main/DEBUG] [mixin/]: Registering mixin config: villainoushordemanager.forge.mixins.json
[23Mar2025 15:21:25.081] [main/DEBUG] [mixin/]: Adding mixin platform agents for container SecureJarResource(framework)
[23Mar2025 15:21:25.081] [main/DEBUG] [mixin/]: Instancing new MixinPlatformAgentMinecraftForge for SecureJarResource(framework)
[23Mar2025 15:21:25.081] [main/DEBUG] [mixin/]: MixinPlatformAgentMinecraftForge rejected container SecureJarResource(framework)
[23Mar2025 15:21:25.081] [main/DEBUG] [mixin/]: Instancing new MixinPlatformAgentDefault for SecureJarResource(framework)
[23Mar2025 15:21:25.081] [main/DEBUG] [mixin/]: MixinPlatformAgentDefault accepted container SecureJarResource(framework)
[23Mar2025 15:21:25.082] [main/DEBUG] [mixin/]: Processing prepare() for PlatformAgent[MixinPlatformAgentDefault:SecureJarResource(framework)]
[23Mar2025 15:21:25.082] [main/DEBUG] [mixin/]: Adding mixin platform agents for container SecureJarResource(illageandspillage)
[23Mar2025 15:21:25.082] [main/DEBUG] [mixin/]: Instancing new MixinPlatformAgentMinecraftForge for SecureJarResource(illageandspillage)
[23Mar2025 15:21:25.082] [main/DEBUG] [mixin/]: MixinPlatformAgentMinecraftForge rejected container SecureJarResource(illageandspillage)
[23Mar2025 15:21:25.082] [main/DEBUG] [mixin/]: Instancing new MixinPlatformAgentDefault for SecureJarResource(illageandspillage)
[23Mar2025 15:21:25.082] [main/DEBUG] [mixin/]: MixinPlatformAgentDefault accepted container SecureJarResource(illageandspillage)
[23Mar2025 15:21:25.082] [main/DEBUG] [mixin/]: Processing prepare() for PlatformAgent[MixinPlatformAgentDefault:SecureJarResource(illageandspillage)]
[23Mar2025 15:21:25.082] [main/DEBUG] [mixin/]: Registering mixin config: illageandspillage.mixins.json
[23Mar2025 15:21:25.083] [main/DEBUG] [mixin/]: Compatibility level JAVA_16 specified by illageandspillage.mixins.json is higher than the maximum level supported by this version of mixin (JAVA_13).
[23Mar2025 15:21:25.084] [main/DEBUG] [mixin/]: Adding mixin platform agents for container SecureJarResource(t_and_t)
[23Mar2025 15:21:25.084] [main/DEBUG] [mixin/]: Instancing new MixinPlatformAgentMinecraftForge for SecureJarResource(t_and_t)
[23Mar2025 15:21:25.084] [main/DEBUG] [mixin/]: MixinPlatformAgentMinecraftForge rejected container SecureJarResource(t_and_t)
[23Mar2025 15:21:25.084] [main/DEBUG] [mixin/]: Instancing new MixinPlatformAgentDefault for SecureJarResource(t_and_t)
[23Mar2025 15:21:25.084] [main/DEBUG] [mixin/]: MixinPlatformAgentDefault accepted container SecureJarResource(t_and_t)
[23Mar2025 15:21:25.084] [main/DEBUG] [mixin/]: Processing prepare() for PlatformAgent[MixinPlatformAgentDefault:SecureJarResource(t_and_t)]
[23Mar2025 15:21:25.084] [main/DEBUG] [mixin/]: Adding mixin platform agents for container SecureJarResource(bettermineshafts)
[23Mar2025 15:21:25.084] [main/DEBUG] [mixin/]: Instancing new MixinPlatformAgentMinecraftForge for SecureJarResource(bettermineshafts)
[23Mar2025 15:21:25.084] [main/DEBUG] [mixin/]: MixinPlatformAgentMinecraftForge rejected container SecureJarResource(bettermineshafts)
[23Mar2025 15:21:25.084] [main/DEBUG] [mixin/]: Instancing new MixinPlatformAgentDefault for SecureJarResource(bettermineshafts)
[23Mar2025 15:21:25.084] [main/DEBUG] [mixin/]: MixinPlatformAgentDefault accepted container SecureJarResource(bettermineshafts)
[23Mar2025 15:21:25.084] [main/DEBUG] [mixin/]: Processing prepare() for PlatformAgent[MixinPlatformAgentDefault:SecureJarResource(bettermineshafts)]
[23Mar2025 15:21:25.084] [main/DEBUG] [mixin/]: Registering mixin config: bettermineshafts.mixins.json
[23Mar2025 15:21:25.086] [main/DEBUG] [mixin/]: Registering mixin config: bettermineshafts_forge.mixins.json
[23Mar2025 15:21:25.087] [main/DEBUG] [mixin/]: Adding mixin platform agents for container SecureJarResource(omni_card)
[23Mar2025 15:21:25.088] [main/DEBUG] [mixin/]: Instancing new MixinPlatformAgentMinecraftForge for SecureJarResource(omni_card)
[23Mar2025 15:21:25.088] [main/DEBUG] [mixin/]: MixinPlatformAgentMinecraftForge rejected container SecureJarResource(omni_card)
[23Mar2025 15:21:25.088] [main/DEBUG] [mixin/]: Instancing new MixinPlatformAgentDefault for SecureJarResource(omni_card)
[23Mar2025 15:21:25.088] [main/DEBUG] [mixin/]: MixinPlatformAgentDefault accepted container SecureJarResource(omni_card)
[23Mar2025 15:21:25.088] [main/DEBUG] [mixin/]: Processing prepare() for PlatformAgent[MixinPlatformAgentDefault:SecureJarResource(omni_card)]
[23Mar2025 15:21:25.088] [main/DEBUG] [mixin/]: Adding mixin platform agents for container SecureJarResource(playerrevive)
[23Mar2025 15:21:25.088] [main/DEBUG] [mixin/]: Instancing new MixinPlatformAgentMinecraftForge for SecureJarResource(playerrevive)
[23Mar2025 15:21:25.088] [main/DEBUG] [mixin/]: MixinPlatformAgentMinecraftForge rejected container SecureJarResource(playerrevive)
[23Mar2025 15:21:25.088] [main/DEBUG] [mixin/]: Instancing new MixinPlatformAgentDefault for SecureJarResource(playerrevive)
[23Mar2025 15:21:25.088] [main/DEBUG] [mixin/]: MixinPlatformAgentDefault accepted container SecureJarResource(playerrevive)
[23Mar2025 15:21:25.088] [main/DEBUG] [mixin/]: Processing prepare() for PlatformAgent[MixinPlatformAgentDefault:SecureJarResource(playerrevive)]
[23Mar2025 15:21:25.088] [main/DEBUG] [mixin/]: Registering mixin config: playerrevive.mixins.json
[23Mar2025 15:21:25.089] [main/DEBUG] [mixin/]: Adding mixin platform agents for container SecureJarResource(betterjungletemples)
[23Mar2025 15:21:25.090] [main/DEBUG] [mixin/]: Instancing new MixinPlatformAgentMinecraftForge for SecureJarResource(betterjungletemples)
[23Mar2025 15:21:25.090] [main/DEBUG] [mixin/]: MixinPlatformAgentMinecraftForge rejected container SecureJarResource(betterjungletemples)
[23Mar2025 15:21:25.090] [main/DEBUG] [mixin/]: Instancing new MixinPlatformAgentDefault for SecureJarResource(betterjungletemples)
[23Mar2025 15:21:25.090] [main/DEBUG] [mixin/]: MixinPlatformAgentDefault accepted container SecureJarResource(betterjungletemples)
[23Mar2025 15:21:25.090] [main/DEBUG] [mixin/]: Processing prepare() for PlatformAgent[MixinPlatformAgentDefault:SecureJarResource(betterjungletemples)]
[23Mar2025 15:21:25.090] [main/DEBUG] [mixin/]: Registering mixin config: betterjungletemples.mixins.json
[23Mar2025 15:21:25.091] [main/DEBUG] [mixin/]: Registering mixin config: betterjungletemples_forge.mixins.json
[23Mar2025 15:21:25.094] [main/DEBUG] [mixin/]: Adding mixin platform agents for container SecureJarResource(mowziesmobs)
[23Mar2025 15:21:25.094] [main/DEBUG] [mixin/]: Instancing new MixinPlatformAgentMinecraftForge for SecureJarResource(mowziesmobs)
[23Mar2025 15:21:25.094] [main/DEBUG] [mixin/]: MixinPlatformAgentMinecraftForge rejected container SecureJarResource(mowziesmobs)
[23Mar2025 15:21:25.094] [main/DEBUG] [mixin/]: Instancing new MixinPlatformAgentDefault for SecureJarResource(mowziesmobs)
[23Mar2025 15:21:25.094] [main/DEBUG] [mixin/]: MixinPlatformAgentDefault accepted container SecureJarResource(mowziesmobs)
[23Mar2025 15:21:25.094] [main/DEBUG] [mixin/]: Processing prepare() for PlatformAgent[MixinPlatformAgentDefault:SecureJarResource(mowziesmobs)]
[23Mar2025 15:21:25.094] [main/DEBUG] [mixin/]: Registering mixin config: mowziesmobs.mixins.json
[23Mar2025 15:21:25.097] [main/DEBUG] [mixin/]: Adding mixin platform agents for container SecureJarResource(geckolib)
[23Mar2025 15:21:25.097] [main/DEBUG] [mixin/]: Instancing new MixinPlatformAgentMinecraftForge for SecureJarResource(geckolib)
[23Mar2025 15:21:25.097] [main/DEBUG] [mixin/]: MixinPlatformAgentMinecraftForge rejected container SecureJarResource(geckolib)
[23Mar2025 15:21:25.097] [main/DEBUG] [mixin/]: Instancing new MixinPlatformAgentDefault for SecureJarResource(geckolib)
[23Mar2025 15:21:25.097] [main/DEBUG] [mixin/]: MixinPlatformAgentDefault accepted container SecureJarResource(geckolib)
[23Mar2025 15:21:25.097] [main/DEBUG] [mixin/]: Processing prepare() for PlatformAgent[MixinPlatformAgentDefault:SecureJarResource(geckolib)]
[23Mar2025 15:21:25.097] [main/DEBUG] [mixin/]: Registering mixin config: geckolib.mixins.json
[23Mar2025 15:21:25.100] [main/DEBUG] [mixin/]: Adding mixin platform agents for container SecureJarResource(tameablebeasts)
[23Mar2025 15:21:25.100] [main/DEBUG] [mixin/]: Instancing new MixinPlatformAgentMinecraftForge for SecureJarResource(tameablebeasts)
[23Mar2025 15:21:25.100] [main/DEBUG] [mixin/]: MixinPlatformAgentMinecraftForge rejected container SecureJarResource(tameablebeasts)
[23Mar2025 15:21:25.100] [main/DEBUG] [mixin/]: Instancing new MixinPlatformAgentDefault for SecureJarResource(tameablebeasts)
[23Mar2025 15:21:25.100] [main/DEBUG] [mixin/]: MixinPlatformAgentDefault accepted container SecureJarResource(tameablebeasts)
[23Mar2025 15:21:25.100] [main/DEBUG] [mixin/]: Processing prepare() for PlatformAgent[MixinPlatformAgentDefault:SecureJarResource(tameablebeasts)]
[23Mar2025 15:21:25.100] [main/DEBUG] [mixin/]: Registering mixin config: tameablebeasts.mixins.json
[23Mar2025 15:21:25.102] [main/DEBUG] [mixin/]: Adding mixin platform agents for container SecureJarResource(trashslot)
[23Mar2025 15:21:25.102] [main/DEBUG] [mixin/]: Instancing new MixinPlatformAgentMinecraftForge for SecureJarResource(trashslot)
[23Mar2025 15:21:25.102] [main/DEBUG] [mixin/]: MixinPlatformAgentMinecraftForge rejected container SecureJarResource(trashslot)
[23Mar2025 15:21:25.102] [main/DEBUG] [mixin/]: Instancing new MixinPlatformAgentDefault for SecureJarResource(trashslot)
[23Mar2025 15:21:25.102] [main/DEBUG] [mixin/]: MixinPlatformAgentDefault accepted container SecureJarResource(trashslot)
[23Mar2025 15:21:25.102] [main/DEBUG] [mixin/]: Processing prepare() for PlatformAgent[MixinPlatformAgentDefault:SecureJarResource(trashslot)]
[23Mar2025 15:21:25.102] [main/DEBUG] [mixin/]: Registering mixin config: trashslot.mixins.json
[23Mar2025 15:21:25.104] [main/DEBUG] [mixin/]: Adding mixin platform agents for container SecureJarResource(jei)
[23Mar2025 15:21:25.104] [main/DEBUG] [mixin/]: Instancing new MixinPlatformAgentMinecraftForge for SecureJarResource(jei)
[23Mar2025 15:21:25.104] [main/DEBUG] [mixin/]: MixinPlatformAgentMinecraftForge rejected container SecureJarResource(jei)
[23Mar2025 15:21:25.104] [main/DEBUG] [mixin/]: Instancing new MixinPlatformAgentDefault for SecureJarResource(jei)
[23Mar2025 15:21:25.104] [main/DEBUG] [mixin/]: MixinPlatformAgentDefault accepted container SecureJarResource(jei)
[23Mar2025 15:21:25.105] [main/DEBUG] [mixin/]: Processing prepare() for PlatformAgent[MixinPlatformAgentDefault:SecureJarResource(jei)]
[23Mar2025 15:21:25.105] [main/DEBUG] [mixin/]: Adding mixin platform agents for container SecureJarResource(lithostitched)
[23Mar2025 15:21:25.105] [main/DEBUG] [mixin/]: Instancing new MixinPlatformAgentMinecraftForge for SecureJarResource(lithostitched)
[23Mar2025 15:21:25.105] [main/DEBUG] [mixin/]: MixinPlatformAgentMinecraftForge rejected container SecureJarResource(lithostitched)
[23Mar2025 15:21:25.105] [main/DEBUG] [mixin/]: Instancing new MixinPlatformAgentDefault for SecureJarResource(lithostitched)
[23Mar2025 15:21:25.105] [main/DEBUG] [mixin/]: MixinPlatformAgentDefault accepted container SecureJarResource(lithostitched)
[23Mar2025 15:21:25.105] [main/DEBUG] [mixin/]: Processing prepare() for PlatformAgent[MixinPlatformAgentDefault:SecureJarResource(lithostitched)]
[23Mar2025 15:21:25.105] [main/DEBUG] [mixin/]: Registering mixin config: lithostitched.mixins.json
[23Mar2025 15:21:25.107] [main/DEBUG] [mixin/]: Registering mixin config: lithostitched.forge.mixins.json
[23Mar2025 15:21:25.109] [main/DEBUG] [mixin/]: Adding mixin platform agents for container SecureJarResource(graveyard)
[23Mar2025 15:21:25.109] [main/DEBUG] [mixin/]: Instancing new MixinPlatformAgentMinecraftForge for SecureJarResource(graveyard)
[23Mar2025 15:21:25.109] [main/DEBUG] [mixin/]: MixinPlatformAgentMinecraftForge rejected container SecureJarResource(graveyard)
[23Mar2025 15:21:25.109] [main/DEBUG] [mixin/]: Instancing new MixinPlatformAgentDefault for SecureJarResource(graveyard)
[23Mar2025 15:21:25.109] [main/DEBUG] [mixin/]: MixinPlatformAgentDefault accepted container SecureJarResource(graveyard)
[23Mar2025 15:21:25.109] [main/DEBUG] [mixin/]: Processing prepare() for PlatformAgent[MixinPlatformAgentDefault:SecureJarResource(graveyard)]
[23Mar2025 15:21:25.109] [main/DEBUG] [mixin/]: Registering mixin config: graveyard-common.mixins.json
[23Mar2025 15:21:25.111] [main/DEBUG] [mixin/]: Registering mixin config: graveyard-forge.mixins.json
[23Mar2025 15:21:25.115] [main/DEBUG] [mixin/]: Adding mixin platform agents for container SecureJarResource(commonnetworking)
[23Mar2025 15:21:25.115] [main/DEBUG] [mixin/]: Instancing new MixinPlatformAgentMinecraftForge for SecureJarResource(commonnetworking)
[23Mar2025 15:21:25.115] [main/DEBUG] [mixin/]: MixinPlatformAgentMinecraftForge rejected container SecureJarResource(commonnetworking)
[23Mar2025 15:21:25.115] [main/DEBUG] [mixin/]: Instancing new MixinPlatformAgentDefault for SecureJarResource(commonnetworking)
[23Mar2025 15:21:25.115] [main/DEBUG] [mixin/]: MixinPlatformAgentDefault accepted container SecureJarResource(commonnetworking)
[23Mar2025 15:21:25.115] [main/DEBUG] [mixin/]: Processing prepare() for PlatformAgent[MixinPlatformAgentDefault:SecureJarResource(commonnetworking)]
[23Mar2025 15:21:25.115] [main/DEBUG] [mixin/]: Adding mixin platform agents for container SecureJarResource(goblintraders)
[23Mar2025 15:21:25.115] [main/DEBUG] [mixin/]: Instancing new MixinPlatformAgentMinecraftForge for SecureJarResource(goblintraders)
[23Mar2025 15:21:25.115] [main/DEBUG] [mixin/]: MixinPlatformAgentMinecraftForge rejected container SecureJarResource(goblintraders)
[23Mar2025 15:21:25.115] [main/DEBUG] [mixin/]: Instancing new MixinPlatformAgentDefault for SecureJarResource(goblintraders)
[23Mar2025 15:21:25.115] [main/DEBUG] [mixin/]: MixinPlatformAgentDefault accepted container SecureJarResource(goblintraders)
[23Mar2025 15:21:25.115] [main/DEBUG] [mixin/]: Processing prepare() for PlatformAgent[MixinPlatformAgentDefault:SecureJarResource(goblintraders)]
[23Mar2025 15:21:25.115] [main/DEBUG] [mixin/]: Registering mixin config: goblintraders.common.mixins.json
[23Mar2025 15:21:25.121] [main/DEBUG] [mixin/]: Adding mixin platform agents for container SecureJarResource(obscure_api)
[23Mar2025 15:21:25.121] [main/DEBUG] [mixin/]: Instancing new MixinPlatformAgentMinecraftForge for SecureJarResource(obscure_api)
[23Mar2025 15:21:25.121] [main/DEBUG] [mixin/]: MixinPlatformAgentMinecraftForge rejected container SecureJarResource(obscure_api)
[23Mar2025 15:21:25.121] [main/DEBUG] [mixin/]: Instancing new MixinPlatformAgentDefault for SecureJarResource(obscure_api)
[23Mar2025 15:21:25.121] [main/DEBUG] [mixin/]: MixinPlatformAgentDefault accepted container SecureJarResource(obscure_api)
[23Mar2025 15:21:25.121] [main/DEBUG] [mixin/]: Processing prepare() for PlatformAgent[MixinPlatformAgentDefault:SecureJarResource(obscure_api)]
[23Mar2025 15:21:25.121] [main/DEBUG] [mixin/]: Registering mixin config: obscure_api.mixins.json
[23Mar2025 15:21:25.123] [main/DEBUG] [mixin/]: Adding mixin platform agents for container SecureJarResource(waystones)
[23Mar2025 15:21:25.126] [main/DEBUG] [mixin/]: Instancing new MixinPlatformAgentMinecraftForge for SecureJarResource(waystones)
[23Mar2025 15:21:25.126] [main/DEBUG] [mixin/]: MixinPlatformAgentMinecraftForge rejected container SecureJarResource(waystones)
[23Mar2025 15:21:25.126] [main/DEBUG] [mixin/]: Instancing new MixinPlatformAgentDefault for SecureJarResource(waystones)
[23Mar2025 15:21:25.126] [main/DEBUG] [mixin/]: MixinPlatformAgentDefault accepted container SecureJarResource(waystones)
[23Mar2025 15:21:25.126] [main/DEBUG] [mixin/]: Processing prepare() for PlatformAgent[MixinPlatformAgentDefault:SecureJarResource(waystones)]
[23Mar2025 15:21:25.126] [main/DEBUG] [mixin/]: Registering mixin config: waystones.mixins.json
[23Mar2025 15:21:25.128] [main/DEBUG] [mixin/]: Adding mixin platform agents for container SecureJarResource(clumps)
[23Mar2025 15:21:25.128] [main/DEBUG] [mixin/]: Instancing new MixinPlatformAgentMinecraftForge for SecureJarResource(clumps)
[23Mar2025 15:21:25.128] [main/DEBUG] [mixin/]: MixinPlatformAgentMinecraftForge rejected container SecureJarResource(clumps)
[23Mar2025 15:21:25.128] [main/DEBUG] [mixin/]: Instancing new MixinPlatformAgentDefault for SecureJarResource(clumps)
[23Mar2025 15:21:25.128] [main/DEBUG] [mixin/]: MixinPlatformAgentDefault accepted container SecureJarResource(clumps)
[23Mar2025 15:21:25.128] [main/DEBUG] [mixin/]: Processing prepare() for PlatformAgent[MixinPlatformAgentDefault:SecureJarResource(clumps)]
[23Mar2025 15:21:25.128] [main/DEBUG] [mixin/]: Registering mixin config: clumps.mixins.json
[23Mar2025 15:21:25.130] [main/DEBUG] [mixin/]: Adding mixin platform agents for container SecureJarResource(integrated_api)
[23Mar2025 15:21:25.130] [main/DEBUG] [mixin/]: Instancing new MixinPlatformAgentMinecraftForge for SecureJarResource(integrated_api)
[23Mar2025 15:21:25.130] [main/DEBUG] [mixin/]: MixinPlatformAgentMinecraftForge rejected container SecureJarResource(integrated_api)
[23Mar2025 15:21:25.130] [main/DEBUG] [mixin/]: Instancing new MixinPlatformAgentDefault for SecureJarResource(integrated_api)
[23Mar2025 15:21:25.130] [main/DEBUG] [mixin/]: MixinPlatformAgentDefault accepted container SecureJarResource(integrated_api)
[23Mar2025 15:21:25.130] [main/DEBUG] [mixin/]: Processing prepare() for PlatformAgent[MixinPlatformAgentDefault:SecureJarResource(integrated_api)]
[23Mar2025 15:21:25.130] [main/DEBUG] [mixin/]: Registering mixin config: integrated_api-common.mixins.json
[23Mar2025 15:21:25.132] [main/DEBUG] [mixin/]: Registering mixin config: integrated_api-forge.mixins.json
[23Mar2025 15:21:25.134] [main/DEBUG] [mixin/]: Adding mixin platform agents for container SecureJarResource(naturescompass)
[23Mar2025 15:21:25.134] [main/DEBUG] [mixin/]: Instancing new MixinPlatformAgentMinecraftForge for SecureJarResource(naturescompass)
[23Mar2025 15:21:25.134] [main/DEBUG] [mixin/]: MixinPlatformAgentMinecraftForge rejected container SecureJarResource(naturescompass)
[23Mar2025 15:21:25.134] [main/DEBUG] [mixin/]: Instancing new MixinPlatformAgentDefault for SecureJarResource(naturescompass)
[23Mar2025 15:21:25.134] [main/DEBUG] [mixin/]: MixinPlatformAgentDefault accepted container SecureJarResource(naturescompass)
[23Mar2025 15:21:25.134] [main/DEBUG] [mixin/]: Processing prepare() for PlatformAgent[MixinPlatformAgentDefault:SecureJarResource(naturescompass)]
[23Mar2025 15:21:25.134] [main/DEBUG] [mixin/]: Adding mixin platform agents for container SecureJarResource(artifacts)
[23Mar2025 15:21:25.134] [main/DEBUG] [mixin/]: Instancing new MixinPlatformAgentMinecraftForge for SecureJarResource(artifacts)
[23Mar2025 15:21:25.134] [main/DEBUG] [mixin/]: MixinPlatformAgentMinecraftForge rejected container SecureJarResource(artifacts)
[23Mar2025 15:21:25.134] [main/DEBUG] [mixin/]: Instancing new MixinPlatformAgentDefault for SecureJarResource(artifacts)
[23Mar2025 15:21:25.134] [main/DEBUG] [mixin/]: MixinPlatformAgentDefault accepted container SecureJarResource(artifacts)
[23Mar2025 15:21:25.134] [main/DEBUG] [mixin/]: Processing prepare() for PlatformAgent[MixinPlatformAgentDefault:SecureJarResource(artifacts)]
[23Mar2025 15:21:25.134] [main/DEBUG] [mixin/]: Registering mixin config: mixins.artifacts.common.json
[23Mar2025 15:21:25.136] [main/DEBUG] [mixin/]: Registering mixin config: mixins.artifacts.forge.json
[23Mar2025 15:21:25.138] [main/DEBUG] [mixin/]: Adding mixin platform agents for container SecureJarResource(crackerslib)
[23Mar2025 15:21:25.138] [main/DEBUG] [mixin/]: Instancing new MixinPlatformAgentMinecraftForge for SecureJarResource(crackerslib)
[23Mar2025 15:21:25.138] [main/DEBUG] [mixin/]: MixinPlatformAgentMinecraftForge rejected container SecureJarResource(crackerslib)
[23Mar2025 15:21:25.138] [main/DEBUG] [mixin/]: Instancing new MixinPlatformAgentDefault for SecureJarResource(crackerslib)
[23Mar2025 15:21:25.138] [main/DEBUG] [mixin/]: MixinPlatformAgentDefault accepted container SecureJarResource(crackerslib)
[23Mar2025 15:21:25.138] [main/DEBUG] [mixin/]: Processing prepare() for PlatformAgent[MixinPlatformAgentDefault:SecureJarResource(crackerslib)]
[23Mar2025 15:21:25.138] [main/DEBUG] [mixin/]: Registering mixin config: crackerslib.mixins.json
[23Mar2025 15:21:25.140] [main/DEBUG] [mixin/]: Adding mixin platform agents for container SecureJarResource(knightlib)
[23Mar2025 15:21:25.140] [main/DEBUG] [mixin/]: Instancing new MixinPlatformAgentMinecraftForge for SecureJarResource(knightlib)
[23Mar2025 15:21:25.140] [main/DEBUG] [mixin/]: MixinPlatformAgentMinecraftForge rejected container SecureJarResource(knightlib)
[23Mar2025 15:21:25.140] [main/DEBUG] [mixin/]: Instancing new MixinPlatformAgentDefault for SecureJarResource(knightlib)
[23Mar2025 15:21:25.140] [main/DEBUG] [mixin/]: MixinPlatformAgentDefault accepted container SecureJarResource(knightlib)
[23Mar2025 15:21:25.140] [main/DEBUG] [mixin/]: Processing prepare() for PlatformAgent[MixinPlatformAgentDefault:SecureJarResource(knightlib)]
[23Mar2025 15:21:25.140] [main/DEBUG] [mixin/]: Registering mixin config: knightlib.mixins.json
[23Mar2025 15:21:25.142] [main/DEBUG] [mixin/]: Registering mixin config: knightlib.forge.mixins.json
[23Mar2025 15:21:25.143] [main/DEBUG] [mixin/]: Adding mixin platform agents for container SecureJarResource(betterdeserttemples)
[23Mar2025 15:21:25.144] [main/DEBUG] [mixin/]: Instancing new MixinPlatformAgentMinecraftForge for SecureJarResource(betterdeserttemples)
[23Mar2025 15:21:25.144] [main/DEBUG] [mixin/]: MixinPlatformAgentMinecraftForge rejected container SecureJarResource(betterdeserttemples)
[23Mar2025 15:21:25.144] [main/DEBUG] [mixin/]: Instancing new MixinPlatformAgentDefault for SecureJarResource(betterdeserttemples)
[23Mar2025 15:21:25.144] [main/DEBUG] [mixin/]: MixinPlatformAgentDefault accepted container SecureJarResource(betterdeserttemples)
[23Mar2025 15:21:25.144] [main/DEBUG] [mixin/]: Processing prepare() for PlatformAgent[MixinPlatformAgentDefault:SecureJarResource(betterdeserttemples)]
[23Mar2025 15:21:25.144] [main/DEBUG] [mixin/]: Registering mixin config: betterdeserttemples.mixins.json
[23Mar2025 15:21:25.145] [main/DEBUG] [mixin/]: Registering mixin config: betterdeserttemples_forge.mixins.json
[23Mar2025 15:21:25.148] [main/DEBUG] [mixin/]: Adding mixin platform agents for container SecureJarResource(watut)
[23Mar2025 15:21:25.148] [main/DEBUG] [mixin/]: Instancing new MixinPlatformAgentMinecraftForge for SecureJarResource(watut)
[23Mar2025 15:21:25.148] [main/DEBUG] [mixin/]: MixinPlatformAgentMinecraftForge rejected container SecureJarResource(watut)
[23Mar2025 15:21:25.148] [main/DEBUG] [mixin/]: Instancing new MixinPlatformAgentDefault for SecureJarResource(watut)
[23Mar2025 15:21:25.148] [main/DEBUG] [mixin/]: MixinPlatformAgentDefault accepted container SecureJarResource(watut)
[23Mar2025 15:21:25.148] [main/DEBUG] [mixin/]: Processing prepare() for PlatformAgent[MixinPlatformAgentDefault:SecureJarResource(watut)]
[23Mar2025 15:21:25.149] [main/DEBUG] [mixin/]: Registering mixin config: watut.mixins.json
[23Mar2025 15:21:25.150] [main/DEBUG] [mixin/]: Adding mixin platform agents for container SecureJarResource(forge)
[23Mar2025 15:21:25.151] [main/DEBUG] [mixin/]: Instancing new MixinPlatformAgentMinecraftForge for SecureJarResource(forge)
[23Mar2025 15:21:25.151] [main/DEBUG] [mixin/]: MixinPlatformAgentMinecraftForge rejected container SecureJarResource(forge)
[23Mar2025 15:21:25.151] [main/DEBUG] [mixin/]: Instancing new MixinPlatformAgentDefault for SecureJarResource(forge)
[23Mar2025 15:21:25.151] [main/DEBUG] [mixin/]: MixinPlatformAgentDefault accepted container SecureJarResource(forge)
[23Mar2025 15:21:25.151] [main/DEBUG] [mixin/]: Processing prepare() for PlatformAgent[MixinPlatformAgentDefault:SecureJarResource(forge)]
[23Mar2025 15:21:25.151] [main/DEBUG] [mixin/]: Adding mixin platform agents for container SecureJarResource(emotecraft)
[23Mar2025 15:21:25.151] [main/DEBUG] [mixin/]: Instancing new MixinPlatformAgentMinecraftForge for SecureJarResource(emotecraft)
[23Mar2025 15:21:25.151] [main/DEBUG] [mixin/]: MixinPlatformAgentMinecraftForge rejected container SecureJarResource(emotecraft)
[23Mar2025 15:21:25.151] [main/DEBUG] [mixin/]: Instancing new MixinPlatformAgentDefault for SecureJarResource(emotecraft)
[23Mar2025 15:21:25.151] [main/DEBUG] [mixin/]: MixinPlatformAgentDefault accepted container SecureJarResource(emotecraft)
[23Mar2025 15:21:25.151] [main/DEBUG] [mixin/]: Processing prepare() for PlatformAgent[MixinPlatformAgentDefault:SecureJarResource(emotecraft)]
[23Mar2025 15:21:25.151] [main/DEBUG] [mixin/]: Registering mixin config: emotecraft.mixins.json
[23Mar2025 15:21:25.153] [main/DEBUG] [mixin/]: Compatibility level JAVA_16 specified by emotecraft.mixins.json is higher than the maximum level supported by this version of mixin (JAVA_13).
[23Mar2025 15:21:25.153] [main/DEBUG] [mixin/]: Registering mixin config: emotecraft-arch.mixins.json
[23Mar2025 15:21:25.155] [main/DEBUG] [mixin/]: Compatibility level JAVA_16 specified by emotecraft-arch.mixins.json is higher than the maximum level supported by this version of mixin (JAVA_13).
[23Mar2025 15:21:25.155] [main/DEBUG] [mixin/]: Adding mixin platform agents for container SecureJarResource(minecraft)
[23Mar2025 15:21:25.155] [main/DEBUG] [mixin/]: Instancing new MixinPlatformAgentMinecraftForge for SecureJarResource(minecraft)
[23Mar2025 15:21:25.155] [main/DEBUG] [mixin/]: MixinPlatformAgentMinecraftForge rejected container SecureJarResource(minecraft)
[23Mar2025 15:21:25.155] [main/DEBUG] [mixin/]: Instancing new MixinPlatformAgentDefault for SecureJarResource(minecraft)
[23Mar2025 15:21:25.155] [main/DEBUG] [mixin/]: MixinPlatformAgentDefault accepted container SecureJarResource(minecraft)
[23Mar2025 15:21:25.155] [main/DEBUG] [mixin/]: Processing prepare() for PlatformAgent[MixinPlatformAgentDefault:SecureJarResource(minecraft)]
[23Mar2025 15:21:25.155] [main/DEBUG] [mixin/]: Adding mixin platform agents for container SecureJarResource(born_in_chaos_v1)
[23Mar2025 15:21:25.155] [main/DEBUG] [mixin/]: Instancing new MixinPlatformAgentMinecraftForge for SecureJarResource(born_in_chaos_v1)
[23Mar2025 15:21:25.155] [main/DEBUG] [mixin/]: MixinPlatformAgentMinecraftForge rejected container SecureJarResource(born_in_chaos_v1)
[23Mar2025 15:21:25.156] [main/DEBUG] [mixin/]: Instancing new MixinPlatformAgentDefault for SecureJarResource(born_in_chaos_v1)
[23Mar2025 15:21:25.156] [main/DEBUG] [mixin/]: MixinPlatformAgentDefault accepted container SecureJarResource(born_in_chaos_v1)
[23Mar2025 15:21:25.156] [main/DEBUG] [mixin/]: Processing prepare() for PlatformAgent[MixinPlatformAgentDefault:SecureJarResource(born_in_chaos_v1)]
[23Mar2025 15:21:25.156] [main/DEBUG] [mixin/]: Adding mixin platform agents for container SecureJarResource(undead_revamp2)
[23Mar2025 15:21:25.156] [main/DEBUG] [mixin/]: Instancing new MixinPlatformAgentMinecraftForge for SecureJarResource(undead_revamp2)
[23Mar2025 15:21:25.156] [main/DEBUG] [mixin/]: MixinPlatformAgentMinecraftForge rejected container SecureJarResource(undead_revamp2)
[23Mar2025 15:21:25.156] [main/DEBUG] [mixin/]: Instancing new MixinPlatformAgentDefault for SecureJarResource(undead_revamp2)
[23Mar2025 15:21:25.156] [main/DEBUG] [mixin/]: MixinPlatformAgentDefault accepted container SecureJarResource(undead_revamp2)
[23Mar2025 15:21:25.156] [main/DEBUG] [mixin/]: Processing prepare() for PlatformAgent[MixinPlatformAgentDefault:SecureJarResource(undead_revamp2)]
[23Mar2025 15:21:25.156] [main/DEBUG] [mixin/]: Adding mixin platform agents for container SecureJarResource(alexscaves)
[23Mar2025 15:21:25.156] [main/DEBUG] [mixin/]: Instancing new MixinPlatformAgentMinecraftForge for SecureJarResource(alexscaves)
[23Mar2025 15:21:25.156] [main/DEBUG] [mixin/]: MixinPlatformAgentMinecraftForge rejected container SecureJarResource(alexscaves)
[23Mar2025 15:21:25.156] [main/DEBUG] [mixin/]: Instancing new MixinPlatformAgentDefault for SecureJarResource(alexscaves)
[23Mar2025 15:21:25.156] [main/DEBUG] [mixin/]: MixinPlatformAgentDefault accepted container SecureJarResource(alexscaves)
[23Mar2025 15:21:25.156] [main/DEBUG] [mixin/]: Processing prepare() for PlatformAgent[MixinPlatformAgentDefault:SecureJarResource(alexscaves)]
[23Mar2025 15:21:25.156] [main/DEBUG] [mixin/]: Registering mixin config: citadel.mixins.json
[23Mar2025 15:21:25.156] [main/DEBUG] [mixin/]: Registering mixin config: alexscaves.mixins.json
[23Mar2025 15:21:25.160] [main/DEBUG] [mixin/]: Adding mixin platform agents for container SecureJarResource(terrablender)
[23Mar2025 15:21:25.160] [main/DEBUG] [mixin/]: Instancing new MixinPlatformAgentMinecraftForge for SecureJarResource(terrablender)
[23Mar2025 15:21:25.160] [main/DEBUG] [mixin/]: MixinPlatformAgentMinecraftForge rejected container SecureJarResource(terrablender)
[23Mar2025 15:21:25.160] [main/DEBUG] [mixin/]: Instancing new MixinPlatformAgentDefault for SecureJarResource(terrablender)
[23Mar2025 15:21:25.160] [main/DEBUG] [mixin/]: MixinPlatformAgentDefault accepted container SecureJarResource(terrablender)
[23Mar2025 15:21:25.160] [main/DEBUG] [mixin/]: Processing prepare() for PlatformAgent[MixinPlatformAgentDefault:SecureJarResource(terrablender)]
[23Mar2025 15:21:25.160] [main/DEBUG] [mixin/]: Registering mixin config: terrablender.mixins.json
[23Mar2025 15:21:25.162] [main/DEBUG] [mixin/]: Registering mixin config: terrablender_forge.mixins.json
[23Mar2025 15:21:25.167] [main/DEBUG] [mixin/]: Adding mixin platform agents for container SecureJarResource(biomesoplenty)
[23Mar2025 15:21:25.167] [main/DEBUG] [mixin/]: Instancing new MixinPlatformAgentMinecraftForge for SecureJarResource(biomesoplenty)
[23Mar2025 15:21:25.167] [main/DEBUG] [mixin/]: MixinPlatformAgentMinecraftForge rejected container SecureJarResource(biomesoplenty)
[23Mar2025 15:21:25.167] [main/DEBUG] [mixin/]: Instancing new MixinPlatformAgentDefault for SecureJarResource(biomesoplenty)
[23Mar2025 15:21:25.167] [main/DEBUG] [mixin/]: MixinPlatformAgentDefault accepted container SecureJarResource(biomesoplenty)
[23Mar2025 15:21:25.167] [main/DEBUG] [mixin/]: Processing prepare() for PlatformAgent[MixinPlatformAgentDefault:SecureJarResource(biomesoplenty)]
[23Mar2025 15:21:25.167] [main/DEBUG] [mixin/]: Adding mixin platform agents for container SecureJarResource(moonlight)
[23Mar2025 15:21:25.167] [main/DEBUG] [mixin/]: Instancing new MixinPlatformAgentMinecraftForge for SecureJarResource(moonlight)
[23Mar2025 15:21:25.167] [main/DEBUG] [mixin/]: MixinPlatformAgentMinecraftForge rejected container SecureJarResource(moonlight)
[23Mar2025 15:21:25.167] [main/DEBUG] [mixin/]: Instancing new MixinPlatformAgentDefault for SecureJarResource(moonlight)
[23Mar2025 15:21:25.167] [main/DEBUG] [mixin/]: MixinPlatformAgentDefault accepted container SecureJarResource(moonlight)
[23Mar2025 15:21:25.167] [main/DEBUG] [mixin/]: Processing prepare() for PlatformAgent[MixinPlatformAgentDefault:SecureJarResource(moonlight)]
[23Mar2025 15:21:25.167] [main/DEBUG] [mixin/]: Registering mixin config: moonlight-common.mixins.json
[23Mar2025 15:21:25.169] [main/DEBUG] [mixin/]: Registering mixin config: moonlight.mixins.json
[23Mar2025 15:21:25.171] [main/DEBUG] [mixin/]: Adding mixin platform agents for container SecureJarResource(mixinsquared)
[23Mar2025 15:21:25.171] [main/DEBUG] [mixin/]: Instancing new MixinPlatformAgentMinecraftForge for SecureJarResource(mixinsquared)
[23Mar2025 15:21:25.171] [main/DEBUG] [mixin/]: MixinPlatformAgentMinecraftForge rejected container SecureJarResource(mixinsquared)
[23Mar2025 15:21:25.171] [main/DEBUG] [mixin/]: Instancing new MixinPlatformAgentDefault for SecureJarResource(mixinsquared)
[23Mar2025 15:21:25.171] [main/DEBUG] [mixin/]: MixinPlatformAgentDefault accepted container SecureJarResource(mixinsquared)
[23Mar2025 15:21:25.171] [main/DEBUG] [mixin/]: Processing prepare() for PlatformAgent[MixinPlatformAgentDefault:SecureJarResource(mixinsquared)]
[23Mar2025 15:21:25.171] [main/DEBUG] [mixin/]: Registering mixin config: mixinsquared.init.mixins.json
[23Mar2025 15:21:25.173] [main/DEBUG] [mixin/]: Adding mixin platform agents for container SecureJarResource(jade)
[23Mar2025 15:21:25.173] [main/DEBUG] [mixin/]: Instancing new MixinPlatformAgentMinecraftForge for SecureJarResource(jade)
[23Mar2025 15:21:25.173] [main/DEBUG] [mixin/]: MixinPlatformAgentMinecraftForge rejected container SecureJarResource(jade)
[23Mar2025 15:21:25.173] [main/DEBUG] [mixin/]: Instancing new MixinPlatformAgentDefault for SecureJarResource(jade)
[23Mar2025 15:21:25.173] [main/DEBUG] [mixin/]: MixinPlatformAgentDefault accepted container SecureJarResource(jade)
[23Mar2025 15:21:25.173] [main/DEBUG] [mixin/]: Processing prepare() for PlatformAgent[MixinPlatformAgentDefault:SecureJarResource(jade)]
[23Mar2025 15:21:25.173] [main/DEBUG] [mixin/]: Registering mixin config: jade.mixins.json
[23Mar2025 15:21:25.174] [main/DEBUG] [mixin/]: Compatibility level JAVA_16 specified by jade.mixins.json is higher than the maximum level supported by this version of mixin (JAVA_13).
[23Mar2025 15:21:25.174] [main/DEBUG] [mixin/]: Adding mixin platform agents for container SecureJarResource(knightquest)
[23Mar2025 15:21:25.174] [main/DEBUG] [mixin/]: Instancing new MixinPlatformAgentMinecraftForge for SecureJarResource(knightquest)
[23Mar2025 15:21:25.174] [main/DEBUG] [mixin/]: MixinPlatformAgentMinecraftForge rejected container SecureJarResource(knightquest)
[23Mar2025 15:21:25.174] [main/DEBUG] [mixin/]: Instancing new MixinPlatformAgentDefault for SecureJarResource(knightquest)
[23Mar2025 15:21:25.175] [main/DEBUG] [mixin/]: MixinPlatformAgentDefault accepted container SecureJarResource(knightquest)
[23Mar2025 15:21:25.175] [main/DEBUG] [mixin/]: Processing prepare() for PlatformAgent[MixinPlatformAgentDefault:SecureJarResource(knightquest)]
[23Mar2025 15:21:25.175] [main/DEBUG] [mixin/]: Registering mixin config: knightquest.mixins.json
[23Mar2025 15:21:25.177] [main/DEBUG] [mixin/]: Registering mixin config: knightquest.forge.mixins.json
[23Mar2025 15:21:25.178] [main/DEBUG] [mixin/]: Adding mixin platform agents for container SecureJarResource(creativecore)
[23Mar2025 15:21:25.178] [main/DEBUG] [mixin/]: Instancing new MixinPlatformAgentMinecraftForge for SecureJarResource(creativecore)
[23Mar2025 15:21:25.178] [main/DEBUG] [mixin/]: MixinPlatformAgentMinecraftForge rejected container SecureJarResource(creativecore)
[23Mar2025 15:21:25.178] [main/DEBUG] [mixin/]: Instancing new MixinPlatformAgentDefault for SecureJarResource(creativecore)
[23Mar2025 15:21:25.178] [main/DEBUG] [mixin/]: MixinPlatformAgentDefault accepted container SecureJarResource(creativecore)
[23Mar2025 15:21:25.178] [main/DEBUG] [mixin/]: Processing prepare() for PlatformAgent[MixinPlatformAgentDefault:SecureJarResource(creativecore)]
[23Mar2025 15:21:25.178] [main/DEBUG] [mixin/]: Registering mixin config: creativecore.mixins.json
[23Mar2025 15:21:25.179] [main/DEBUG] [mixin/]: Registering mixin config: creativecore.forge.mixins.json
[23Mar2025 15:21:25.181] [main/DEBUG] [mixin/]: Adding mixin platform agents for container SecureJarResource(watching)
[23Mar2025 15:21:25.181] [main/DEBUG] [mixin/]: Instancing new MixinPlatformAgentMinecraftForge for SecureJarResource(watching)
[23Mar2025 15:21:25.181] [main/DEBUG] [mixin/]: MixinPlatformAgentMinecraftForge rejected container SecureJarResource(watching)
[23Mar2025 15:21:25.181] [main/DEBUG] [mixin/]: Instancing new MixinPlatformAgentDefault for SecureJarResource(watching)
[23Mar2025 15:21:25.181] [main/DEBUG] [mixin/]: MixinPlatformAgentDefault accepted container SecureJarResource(watching)
[23Mar2025 15:21:25.181] [main/DEBUG] [mixin/]: Processing prepare() for PlatformAgent[MixinPlatformAgentDefault:SecureJarResource(watching)]
[23Mar2025 15:21:25.181] [main/DEBUG] [mixin/]: Adding mixin platform agents for container SecureJarResource(revive_hardcore_players)
[23Mar2025 15:21:25.181] [main/DEBUG] [mixin/]: Instancing new MixinPlatformAgentMinecraftForge for SecureJarResource(revive_hardcore_players)
[23Mar2025 15:21:25.181] [main/DEBUG] [mixin/]: MixinPlatformAgentMinecraftForge rejected container SecureJarResource(revive_hardcore_players)
[23Mar2025 15:21:25.181] [main/DEBUG] [mixin/]: Instancing new MixinPlatformAgentDefault for SecureJarResource(revive_hardcore_players)
[23Mar2025 15:21:25.181] [main/DEBUG] [mixin/]: MixinPlatformAgentDefault accepted container SecureJarResource(revive_hardcore_players)
[23Mar2025 15:21:25.181] [main/DEBUG] [mixin/]: Processing prepare() for PlatformAgent[MixinPlatformAgentDefault:SecureJarResource(revive_hardcore_players)]
[23Mar2025 15:21:25.181] [main/DEBUG] [mixin/]: Adding mixin platform agents for container SecureJarResource(spectrelib)
[23Mar2025 15:21:25.181] [main/DEBUG] [mixin/]: Instancing new MixinPlatformAgentMinecraftForge for SecureJarResource(spectrelib)
[23Mar2025 15:21:25.181] [main/DEBUG] [mixin/]: MixinPlatformAgentMinecraftForge rejected container SecureJarResource(spectrelib)
[23Mar2025 15:21:25.181] [main/DEBUG] [mixin/]: Instancing new MixinPlatformAgentDefault for SecureJarResource(spectrelib)
[23Mar2025 15:21:25.181] [main/DEBUG] [mixin/]: MixinPlatformAgentDefault accepted container SecureJarResource(spectrelib)
[23Mar2025 15:21:25.181] [main/DEBUG] [mixin/]: Processing prepare() for PlatformAgent[MixinPlatformAgentDefault:SecureJarResource(spectrelib)]
[23Mar2025 15:21:25.181] [main/DEBUG] [mixin/]: Adding mixin platform agents for container SecureJarResource(kotlinforforge)
[23Mar2025 15:21:25.181] [main/DEBUG] [mixin/]: Instancing new MixinPlatformAgentMinecraftForge for SecureJarResource(kotlinforforge)
[23Mar2025 15:21:25.181] [main/DEBUG] [mixin/]: MixinPlatformAgentMinecraftForge rejected container SecureJarResource(kotlinforforge)
[23Mar2025 15:21:25.181] [main/DEBUG] [mixin/]: Instancing new MixinPlatformAgentDefault for SecureJarResource(kotlinforforge)
[23Mar2025 15:21:25.181] [main/DEBUG] [mixin/]: MixinPlatformAgentDefault accepted container SecureJarResource(kotlinforforge)
[23Mar2025 15:21:25.181] [main/DEBUG] [mixin/]: Processing prepare() for PlatformAgent[MixinPlatformAgentDefault:SecureJarResource(kotlinforforge)]
[23Mar2025 15:21:25.181] [main/DEBUG] [mixin/]: Adding mixin platform agents for container SecureJarResource(ribbits)
[23Mar2025 15:21:25.181] [main/DEBUG] [mixin/]: Instancing new MixinPlatformAgentMinecraftForge for SecureJarResource(ribbits)
[23Mar2025 15:21:25.181] [main/DEBUG] [mixin/]: MixinPlatformAgentMinecraftForge rejected container SecureJarResource(ribbits)
[23Mar2025 15:21:25.181] [main/DEBUG] [mixin/]: Instancing new MixinPlatformAgentDefault for SecureJarResource(ribbits)
[23Mar2025 15:21:25.181] [main/DEBUG] [mixin/]: MixinPlatformAgentDefault accepted container SecureJarResource(ribbits)
[23Mar2025 15:21:25.181] [main/DEBUG] [mixin/]: Processing prepare() for PlatformAgent[MixinPlatformAgentDefault:SecureJarResource(ribbits)]
[23Mar2025 15:21:25.181] [main/DEBUG] [mixin/]: Registering mixin config: ribbits.mixins.json
[23Mar2025 15:21:25.183] [main/DEBUG] [mixin/]: Registering mixin config: ribbits_forge.mixins.json
[23Mar2025 15:21:25.185] [main/DEBUG] [mixin/]: Adding mixin platform agents for container SecureJarResource(flywheel)
[23Mar2025 15:21:25.185] [main/DEBUG] [mixin/]: Instancing new MixinPlatformAgentMinecraftForge for SecureJarResource(flywheel)
[23Mar2025 15:21:25.185] [main/DEBUG] [mixin/]: MixinPlatformAgentMinecraftForge rejected container SecureJarResource(flywheel)
[23Mar2025 15:21:25.185] [main/DEBUG] [mixin/]: Instancing new MixinPlatformAgentDefault for SecureJarResource(flywheel)
[23Mar2025 15:21:25.185] [main/DEBUG] [mixin/]: MixinPlatformAgentDefault accepted container SecureJarResource(flywheel)
[23Mar2025 15:21:25.185] [main/DEBUG] [mixin/]: Processing prepare() for PlatformAgent[MixinPlatformAgentDefault:SecureJarResource(flywheel)]
[23Mar2025 15:21:25.185] [main/DEBUG] [mixin/]: Registering mixin config: flywheel.backend.mixins.json
[23Mar2025 15:21:25.187] [main/DEBUG] [mixin/]: Registering mixin config: flywheel.impl.mixins.json
[23Mar2025 15:21:25.189] [main/DEBUG] [mixin/]: Adding mixin platform agents for container SecureJarResource(ponder)
[23Mar2025 15:21:25.189] [main/DEBUG] [mixin/]: Instancing new MixinPlatformAgentMinecraftForge for SecureJarResource(ponder)
[23Mar2025 15:21:25.189] [main/DEBUG] [mixin/]: MixinPlatformAgentMinecraftForge rejected container SecureJarResource(ponder)
[23Mar2025 15:21:25.189] [main/DEBUG] [mixin/]: Instancing new MixinPlatformAgentDefault for SecureJarResource(ponder)
[23Mar2025 15:21:25.189] [main/DEBUG] [mixin/]: MixinPlatformAgentDefault accepted container SecureJarResource(ponder)
[23Mar2025 15:21:25.189] [main/DEBUG] [mixin/]: Processing prepare() for PlatformAgent[MixinPlatformAgentDefault:SecureJarResource(ponder)]
[23Mar2025 15:21:25.189] [main/DEBUG] [mixin/]: Registering mixin config: ponder.mixins.json
[23Mar2025 15:21:25.191] [main/DEBUG] [mixin/]: Adding mixin platform agents for container SecureJarResource(create)
[23Mar2025 15:21:25.191] [main/DEBUG] [mixin/]: Instancing new MixinPlatformAgentMinecraftForge for SecureJarResource(create)
[23Mar2025 15:21:25.191] [main/DEBUG] [mixin/]: MixinPlatformAgentMinecraftForge rejected container SecureJarResource(create)
[23Mar2025 15:21:25.191] [main/DEBUG] [mixin/]: Instancing new MixinPlatformAgentDefault for SecureJarResource(create)
[23Mar2025 15:21:25.191] [main/DEBUG] [mixin/]: MixinPlatformAgentDefault accepted container SecureJarResource(create)
[23Mar2025 15:21:25.191] [main/DEBUG] [mixin/]: Processing prepare() for PlatformAgent[MixinPlatformAgentDefault:SecureJarResource(create)]
[23Mar2025 15:21:25.191] [main/DEBUG] [mixin/]: Registering mixin config: create.mixins.json
[23Mar2025 15:21:25.193] [main/DEBUG] [mixin/]: Adding mixin platform agents for container SecureJarResource(polymorph)
[23Mar2025 15:21:25.193] [main/DEBUG] [mixin/]: Instancing new MixinPlatformAgentMinecraftForge for SecureJarResource(polymorph)
[23Mar2025 15:21:25.193] [main/DEBUG] [mixin/]: MixinPlatformAgentMinecraftForge rejected container SecureJarResource(polymorph)
[23Mar2025 15:21:25.193] [main/DEBUG] [mixin/]: Instancing new MixinPlatformAgentDefault for SecureJarResource(polymorph)
[23Mar2025 15:21:25.194] [main/DEBUG] [mixin/]: MixinPlatformAgentDefault accepted container SecureJarResource(polymorph)
[23Mar2025 15:21:25.194] [main/DEBUG] [mixin/]: Processing prepare() for PlatformAgent[MixinPlatformAgentDefault:SecureJarResource(polymorph)]
[23Mar2025 15:21:25.194] [main/DEBUG] [mixin/]: Registering mixin config: polymorph.mixins.json
[23Mar2025 15:21:25.195] [main/DEBUG] [mixin/]: Registering mixin config: polymorph-integrations.forge.mixins.json
[23Mar2025 15:21:25.197] [main/DEBUG] [mixin/]: Compatibility level JAVA_16 specified by polymorph-integrations.forge.mixins.json is higher than the maximum level supported by this version of mixin (JAVA_13).
[23Mar2025 15:21:25.198] [main/DEBUG] [mixin/]: Adding mixin platform agents for container SecureJarResource(securitycraft)
[23Mar2025 15:21:25.198] [main/DEBUG] [mixin/]: Instancing new MixinPlatformAgentMinecraftForge for SecureJarResource(securitycraft)
[23Mar2025 15:21:25.198] [main/DEBUG] [mixin/]: MixinPlatformAgentMinecraftForge rejected container SecureJarResource(securitycraft)
[23Mar2025 15:21:25.198] [main/DEBUG] [mixin/]: Instancing new MixinPlatformAgentDefault for SecureJarResource(securitycraft)
[23Mar2025 15:21:25.198] [main/DEBUG] [mixin/]: MixinPlatformAgentDefault accepted container SecureJarResource(securitycraft)
[23Mar2025 15:21:25.198] [main/DEBUG] [mixin/]: Processing prepare() for PlatformAgent[MixinPlatformAgentDefault:SecureJarResource(securitycraft)]
[23Mar2025 15:21:25.198] [main/DEBUG] [mixin/]: Registering mixin config: securitycraft.mixins.json
[23Mar2025 15:21:25.200] [main/DEBUG] [mixin/]: Adding mixin platform agents for container SecureJarResource(zeta)
[23Mar2025 15:21:25.200] [main/DEBUG] [mixin/]: Instancing new MixinPlatformAgentMinecraftForge for SecureJarResource(zeta)
[23Mar2025 15:21:25.200] [main/DEBUG] [mixin/]: MixinPlatformAgentMinecraftForge rejected container SecureJarResource(zeta)
[23Mar2025 15:21:25.200] [main/DEBUG] [mixin/]: Instancing new MixinPlatformAgentDefault for SecureJarResource(zeta)
[23Mar2025 15:21:25.200] [main/DEBUG] [mixin/]: MixinPlatformAgentDefault accepted container SecureJarResource(zeta)
[23Mar2025 15:21:25.200] [main/DEBUG] [mixin/]: Processing prepare() for PlatformAgent[MixinPlatformAgentDefault:SecureJarResource(zeta)]
[23Mar2025 15:21:25.200] [main/DEBUG] [mixin/]: Registering mixin config: zeta.mixins.json
[23Mar2025 15:21:25.202] [main/DEBUG] [mixin/]: Registering mixin config: zeta_forge.mixins.json
[23Mar2025 15:21:25.203] [main/DEBUG] [mixin/]: Adding mixin platform agents for container SecureJarResource(cannibal)
[23Mar2025 15:21:25.203] [main/DEBUG] [mixin/]: Instancing new MixinPlatformAgentMinecraftForge for SecureJarResource(cannibal)
[23Mar2025 15:21:25.204] [main/DEBUG] [mixin/]: MixinPlatformAgentMinecraftForge rejected container SecureJarResource(cannibal)
[23Mar2025 15:21:25.204] [main/DEBUG] [mixin/]: Instancing new MixinPlatformAgentDefault for SecureJarResource(cannibal)
[23Mar2025 15:21:25.204] [main/DEBUG] [mixin/]: MixinPlatformAgentDefault accepted container SecureJarResource(cannibal)
[23Mar2025 15:21:25.204] [main/DEBUG] [mixin/]: Processing prepare() for PlatformAgent[MixinPlatformAgentDefault:SecureJarResource(cannibal)]
[23Mar2025 15:21:25.204] [main/DEBUG] [mixin/]: Registering mixin config: cannibal.mixin.json
[23Mar2025 15:21:25.205] [main/ERROR] [mixin/]: Mixin config cannibal.mixin.json does not specify "minVersion" property
[23Mar2025 15:21:25.206] [main/DEBUG] [mixin/]: Adding mixin platform agents for container SecureJarResource(coroutil)
[23Mar2025 15:21:25.206] [main/DEBUG] [mixin/]: Instancing new MixinPlatformAgentMinecraftForge for SecureJarResource(coroutil)
[23Mar2025 15:21:25.206] [main/DEBUG] [mixin/]: MixinPlatformAgentMinecraftForge rejected container SecureJarResource(coroutil)
[23Mar2025 15:21:25.206] [main/DEBUG] [mixin/]: Instancing new MixinPlatformAgentDefault for SecureJarResource(coroutil)
[23Mar2025 15:21:25.206] [main/DEBUG] [mixin/]: MixinPlatformAgentDefault accepted container SecureJarResource(coroutil)
[23Mar2025 15:21:25.206] [main/DEBUG] [mixin/]: Processing prepare() for PlatformAgent[MixinPlatformAgentDefault:SecureJarResource(coroutil)]
[23Mar2025 15:21:25.206] [main/DEBUG] [mixin/]: Registering mixin config: coroutil.mixins.json
[23Mar2025 15:21:25.208] [main/DEBUG] [mixin/]: Adding mixin platform agents for container SecureJarResource(lootr)
[23Mar2025 15:21:25.208] [main/DEBUG] [mixin/]: Instancing new MixinPlatformAgentMinecraftForge for SecureJarResource(lootr)
[23Mar2025 15:21:25.208] [main/DEBUG] [mixin/]: MixinPlatformAgentMinecraftForge rejected container SecureJarResource(lootr)
[23Mar2025 15:21:25.208] [main/DEBUG] [mixin/]: Instancing new MixinPlatformAgentDefault for SecureJarResource(lootr)
[23Mar2025 15:21:25.208] [main/DEBUG] [mixin/]: MixinPlatformAgentDefault accepted container SecureJarResource(lootr)
[23Mar2025 15:21:25.208] [main/DEBUG] [mixin/]: Processing prepare() for PlatformAgent[MixinPlatformAgentDefault:SecureJarResource(lootr)]
[23Mar2025 15:21:25.208] [main/DEBUG] [mixin/]: Registering mixin config: lootr.mixins.json
[23Mar2025 15:21:25.209] [main/DEBUG] [mixin/]: Adding mixin platform agents for container SecureJarResource(quark)
[23Mar2025 15:21:25.209] [main/DEBUG] [mixin/]: Instancing new MixinPlatformAgentMinecraftForge for SecureJarResource(quark)
[23Mar2025 15:21:25.209] [main/DEBUG] [mixin/]: MixinPlatformAgentMinecraftForge rejected container SecureJarResource(quark)
[23Mar2025 15:21:25.209] [main/DEBUG] [mixin/]: Instancing new MixinPlatformAgentDefault for SecureJarResource(quark)
[23Mar2025 15:21:25.209] [main/DEBUG] [mixin/]: MixinPlatformAgentDefault accepted container SecureJarResource(quark)
[23Mar2025 15:21:25.209] [main/DEBUG] [mixin/]: Processing prepare() for PlatformAgent[MixinPlatformAgentDefault:SecureJarResource(quark)]
[23Mar2025 15:21:25.209] [main/DEBUG] [mixin/]: Registering mixin config: quark.mixins.json
[23Mar2025 15:21:25.212] [main/DEBUG] [mixin/]: Registering mixin config: quark_integrations.mixins.json
[23Mar2025 15:21:25.213] [main/DEBUG] [mixin/]: Adding mixin platform agents for container SecureJarResource(supplementaries)
[23Mar2025 15:21:25.213] [main/DEBUG] [mixin/]: Instancing new MixinPlatformAgentMinecraftForge for SecureJarResource(supplementaries)
[23Mar2025 15:21:25.213] [main/DEBUG] [mixin/]: MixinPlatformAgentMinecraftForge rejected container SecureJarResource(supplementaries)
[23Mar2025 15:21:25.213] [main/DEBUG] [mixin/]: Instancing new MixinPlatformAgentDefault for SecureJarResource(supplementaries)
[23Mar2025 15:21:25.213] [main/DEBUG] [mixin/]: MixinPlatformAgentDefault accepted container SecureJarResource(supplementaries)
[23Mar2025 15:21:25.213] [main/DEBUG] [mixin/]: Processing prepare() for PlatformAgent[MixinPlatformAgentDefault:SecureJarResource(supplementaries)]
[23Mar2025 15:21:25.213] [main/DEBUG] [mixin/]: Registering mixin config: supplementaries-common.mixins.json
[23Mar2025 15:21:25.215] [main/DEBUG] [mixin/]: Registering mixin config: supplementaries.mixins.json
[23Mar2025 15:21:25.217] [main/DEBUG] [mixin/]: Adding mixin platform agents for container SecureJarResource(expandability)
[23Mar2025 15:21:25.217] [main/DEBUG] [mixin/]: Instancing new MixinPlatformAgentMinecraftForge for SecureJarResource(expandability)
[23Mar2025 15:21:25.217] [main/DEBUG] [mixin/]: MixinPlatformAgentMinecraftForge rejected container SecureJarResource(expandability)
[23Mar2025 15:21:25.217] [main/DEBUG] [mixin/]: Instancing new MixinPlatformAgentDefault for SecureJarResource(expandability)
[23Mar2025 15:21:25.217] [main/DEBUG] [mixin/]: MixinPlatformAgentDefault accepted container SecureJarResource(expandability)
[23Mar2025 15:21:25.217] [main/DEBUG] [mixin/]: Processing prepare() for PlatformAgent[MixinPlatformAgentDefault:SecureJarResource(expandability)]
[23Mar2025 15:21:25.217] [main/DEBUG] [mixin/]: Registering mixin config: expandability.mixins.json
[23Mar2025 15:21:25.219] [main/DEBUG] [mixin/]: Registering mixin config: expandability-common.mixins.json
[23Mar2025 15:21:25.220] [main/DEBUG] [mixin/]: Adding mixin platform agents for container SecureJarResource(aquamirae)
[23Mar2025 15:21:25.220] [main/DEBUG] [mixin/]: Instancing new MixinPlatformAgentMinecraftForge for SecureJarResource(aquamirae)
[23Mar2025 15:21:25.220] [main/DEBUG] [mixin/]: MixinPlatformAgentMinecraftForge rejected container SecureJarResource(aquamirae)
[23Mar2025 15:21:25.220] [main/DEBUG] [mixin/]: Instancing new MixinPlatformAgentDefault for SecureJarResource(aquamirae)
[23Mar2025 15:21:25.220] [main/DEBUG] [mixin/]: MixinPlatformAgentDefault accepted container SecureJarResource(aquamirae)
[23Mar2025 15:21:25.220] [main/DEBUG] [mixin/]: Processing prepare() for PlatformAgent[MixinPlatformAgentDefault:SecureJarResource(aquamirae)]
[23Mar2025 15:21:25.221] [main/DEBUG] [mixin/]: Registering mixin config: aquamirae.mixins.json
[23Mar2025 15:21:25.222] [main/DEBUG] [mixin/]: Compatibility level JAVA_8 specified by aquamirae.mixins.json is lower than the default level supported by the current mixin service (JAVA_16).
[23Mar2025 15:21:25.222] [main/DEBUG] [mixin/]: Adding mixin platform agents for container SecureJarResource(cristellib)
[23Mar2025 15:21:25.222] [main/DEBUG] [mixin/]: Instancing new MixinPlatformAgentMinecraftForge for SecureJarResource(cristellib)
[23Mar2025 15:21:25.222] [main/DEBUG] [mixin/]: MixinPlatformAgentMinecraftForge rejected container SecureJarResource(cristellib)
[23Mar2025 15:21:25.222] [main/DEBUG] [mixin/]: Instancing new MixinPlatformAgentDefault for SecureJarResource(cristellib)
[23Mar2025 15:21:25.222] [main/DEBUG] [mixin/]: MixinPlatformAgentDefault accepted container SecureJarResource(cristellib)
[23Mar2025 15:21:25.223] [main/DEBUG] [mixin/]: Processing prepare() for PlatformAgent[MixinPlatformAgentDefault:SecureJarResource(cristellib)]
[23Mar2025 15:21:25.223] [main/DEBUG] [mixin/]: Registering mixin config: cristellib-common.mixins.json
[23Mar2025 15:21:25.224] [main/DEBUG] [mixin/]: Registering mixin config: cristellib.mixins.json
[23Mar2025 15:21:25.226] [main/DEBUG] [mixin/]: Adding mixin platform agents for container SecureJarResource(ad_astra)
[23Mar2025 15:21:25.226] [main/DEBUG] [mixin/]: Instancing new MixinPlatformAgentMinecraftForge for SecureJarResource(ad_astra)
[23Mar2025 15:21:25.226] [main/DEBUG] [mixin/]: MixinPlatformAgentMinecraftForge rejected container SecureJarResource(ad_astra)
[23Mar2025 15:21:25.227] [main/DEBUG] [mixin/]: Instancing new MixinPlatformAgentDefault for SecureJarResource(ad_astra)
[23Mar2025 15:21:25.227] [main/DEBUG] [mixin/]: MixinPlatformAgentDefault accepted container SecureJarResource(ad_astra)
[23Mar2025 15:21:25.227] [main/DEBUG] [mixin/]: Processing prepare() for PlatformAgent[MixinPlatformAgentDefault:SecureJarResource(ad_astra)]
[23Mar2025 15:21:25.227] [main/DEBUG] [mixin/]: Registering mixin config: adastra-common.mixins.json
[23Mar2025 15:21:25.228] [main/DEBUG] [mixin/]: Registering mixin config: adastra.mixins.json
[23Mar2025 15:21:25.230] [main/DEBUG] [mixin/]: Adding mixin platform agents for container SecureJarResource(ad_astra_giselle_addon)
[23Mar2025 15:21:25.230] [main/DEBUG] [mixin/]: Instancing new MixinPlatformAgentMinecraftForge for SecureJarResource(ad_astra_giselle_addon)
[23Mar2025 15:21:25.230] [main/DEBUG] [mixin/]: MixinPlatformAgentMinecraftForge rejected container SecureJarResource(ad_astra_giselle_addon)
[23Mar2025 15:21:25.230] [main/DEBUG] [mixin/]: Instancing new MixinPlatformAgentDefault for SecureJarResource(ad_astra_giselle_addon)
[23Mar2025 15:21:25.230] [main/DEBUG] [mixin/]: MixinPlatformAgentDefault accepted container SecureJarResource(ad_astra_giselle_addon)
[23Mar2025 15:21:25.230] [main/DEBUG] [mixin/]: Processing prepare() for PlatformAgent[MixinPlatformAgentDefault:SecureJarResource(ad_astra_giselle_addon)]
[23Mar2025 15:21:25.230] [main/DEBUG] [mixin/]: Registering mixin config: ad_astra_giselle_addon.mixin.common.json
[23Mar2025 15:21:25.232] [main/DEBUG] [mixin/]: Registering mixin config: ad_astra_giselle_addon.mixin.client.json
[23Mar2025 15:21:25.234] [main/DEBUG] [mixin/]: Registering mixin config: ad_astra_giselle_addon.mixin.forge.common.json
[23Mar2025 15:21:25.236] [main/DEBUG] [mixin/]: Registering mixin config: ad_astra_giselle_addon.mixin.forge.client.json
[23Mar2025 15:21:25.238] [main/DEBUG] [mixin/]: Adding mixin platform agents for container SecureJarResource(mclib)
[23Mar2025 15:21:25.238] [main/DEBUG] [mixin/]: Instancing new MixinPlatformAgentMinecraftForge for SecureJarResource(mclib)
[23Mar2025 15:21:25.238] [main/DEBUG] [mixin/]: MixinPlatformAgentMinecraftForge rejected container SecureJarResource(mclib)
[23Mar2025 15:21:25.238] [main/DEBUG] [mixin/]: Instancing new MixinPlatformAgentDefault for SecureJarResource(mclib)
[23Mar2025 15:21:25.238] [main/DEBUG] [mixin/]: MixinPlatformAgentDefault accepted container SecureJarResource(mclib)
[23Mar2025 15:21:25.238] [main/DEBUG] [mixin/]: Processing prepare() for PlatformAgent[MixinPlatformAgentDefault:SecureJarResource(mclib)]
[23Mar2025 15:21:25.238] [main/DEBUG] [mixin/]: Adding mixin platform agents for container SecureJarResource(Registrate.MC1._20)
[23Mar2025 15:21:25.238] [main/DEBUG] [mixin/]: Instancing new MixinPlatformAgentMinecraftForge for SecureJarResource(Registrate.MC1._20)
[23Mar2025 15:21:25.238] [main/DEBUG] [mixin/]: MixinPlatformAgentMinecraftForge rejected container SecureJarResource(Registrate.MC1._20)
[23Mar2025 15:21:25.238] [main/DEBUG] [mixin/]: Instancing new MixinPlatformAgentDefault for SecureJarResource(Registrate.MC1._20)
[23Mar2025 15:21:25.238] [main/DEBUG] [mixin/]: MixinPlatformAgentDefault accepted container SecureJarResource(Registrate.MC1._20)
[23Mar2025 15:21:25.238] [main/DEBUG] [mixin/]: Processing prepare() for PlatformAgent[MixinPlatformAgentDefault:SecureJarResource(Registrate.MC1._20)]
[23Mar2025 15:21:25.238] [main/DEBUG] [mixin/]: Adding mixin platform agents for container SecureJarResource(jlayer)
[23Mar2025 15:21:25.238] [main/DEBUG] [mixin/]: Instancing new MixinPlatformAgentMinecraftForge for SecureJarResource(jlayer)
[23Mar2025 15:21:25.238] [main/DEBUG] [mixin/]: MixinPlatformAgentMinecraftForge rejected container SecureJarResource(jlayer)
[23Mar2025 15:21:25.238] [main/DEBUG] [mixin/]: Instancing new MixinPlatformAgentDefault for SecureJarResource(jlayer)
[23Mar2025 15:21:25.238] [main/DEBUG] [mixin/]: MixinPlatformAgentDefault accepted container SecureJarResource(jlayer)
[23Mar2025 15:21:25.238] [main/DEBUG] [mixin/]: Processing prepare() for PlatformAgent[MixinPlatformAgentDefault:SecureJarResource(jlayer)]
[23Mar2025 15:21:25.238] [main/DEBUG] [mixin/]: Adding mixin platform agents for container SecureJarResource(yabn)
[23Mar2025 15:21:25.238] [main/DEBUG] [mixin/]: Instancing new MixinPlatformAgentMinecraftForge for SecureJarResource(yabn)
[23Mar2025 15:21:25.238] [main/DEBUG] [mixin/]: MixinPlatformAgentMinecraftForge rejected container SecureJarResource(yabn)
[23Mar2025 15:21:25.238] [main/DEBUG] [mixin/]: Instancing new MixinPlatformAgentDefault for SecureJarResource(yabn)
[23Mar2025 15:21:25.238] [main/DEBUG] [mixin/]: MixinPlatformAgentDefault accepted container SecureJarResource(yabn)
[23Mar2025 15:21:25.238] [main/DEBUG] [mixin/]: Processing prepare() for PlatformAgent[MixinPlatformAgentDefault:SecureJarResource(yabn)]
[23Mar2025 15:21:25.238] [main/DEBUG] [mixin/]: Adding mixin platform agents for container SecureJarResource(bytecodecs)
[23Mar2025 15:21:25.238] [main/DEBUG] [mixin/]: Instancing new MixinPlatformAgentMinecraftForge for SecureJarResource(bytecodecs)
[23Mar2025 15:21:25.238] [main/DEBUG] [mixin/]: MixinPlatformAgentMinecraftForge rejected container SecureJarResource(bytecodecs)
[23Mar2025 15:21:25.238] [main/DEBUG] [mixin/]: Instancing new MixinPlatformAgentDefault for SecureJarResource(bytecodecs)
[23Mar2025 15:21:25.238] [main/DEBUG] [mixin/]: MixinPlatformAgentDefault accepted container SecureJarResource(bytecodecs)
[23Mar2025 15:21:25.238] [main/DEBUG] [mixin/]: Processing prepare() for PlatformAgent[MixinPlatformAgentDefault:SecureJarResource(bytecodecs)]
[23Mar2025 15:21:25.238] [main/DEBUG] [mixin/]: Adding mixin platform agents for container SecureJarResource(jankson)
[23Mar2025 15:21:25.238] [main/DEBUG] [mixin/]: Instancing new MixinPlatformAgentMinecraftForge for SecureJarResource(jankson)
[23Mar2025 15:21:25.238] [main/DEBUG] [mixin/]: MixinPlatformAgentMinecraftForge rejected container SecureJarResource(jankson)
[23Mar2025 15:21:25.238] [main/DEBUG] [mixin/]: Instancing new MixinPlatformAgentDefault for SecureJarResource(jankson)
[23Mar2025 15:21:25.238] [main/DEBUG] [mixin/]: MixinPlatformAgentDefault accepted container SecureJarResource(jankson)
[23Mar2025 15:21:25.238] [main/DEBUG] [mixin/]: Processing prepare() for PlatformAgent[MixinPlatformAgentDefault:SecureJarResource(jankson)]
[23Mar2025 15:21:25.238] [main/DEBUG] [mixin/]: Adding mixin platform agents for container SecureJarResource(MixinSquared)
[23Mar2025 15:21:25.238] [main/DEBUG] [mixin/]: Instancing new MixinPlatformAgentMinecraftForge for SecureJarResource(MixinSquared)
[23Mar2025 15:21:25.238] [main/DEBUG] [mixin/]: MixinPlatformAgentMinecraftForge rejected container SecureJarResource(MixinSquared)
[23Mar2025 15:21:25.238] [main/DEBUG] [mixin/]: Instancing new MixinPlatformAgentDefault for SecureJarResource(MixinSquared)
[23Mar2025 15:21:25.238] [main/DEBUG] [mixin/]: MixinPlatformAgentDefault accepted container SecureJarResource(MixinSquared)
[23Mar2025 15:21:25.238] [main/DEBUG] [mixin/]: Processing prepare() for PlatformAgent[MixinPlatformAgentDefault:SecureJarResource(MixinSquared)]
[23Mar2025 15:21:25.238] [main/DEBUG] [mixin/]: Adding mixin platform agents for container SecureJarResource(thedarkcolour.kotlinforforge.kfflib)
[23Mar2025 15:21:25.238] [main/DEBUG] [mixin/]: Instancing new MixinPlatformAgentMinecraftForge for SecureJarResource(thedarkcolour.kotlinforforge.kfflib)
[23Mar2025 15:21:25.238] [main/DEBUG] [mixin/]: MixinPlatformAgentMinecraftForge rejected container SecureJarResource(thedarkcolour.kotlinforforge.kfflib)
[23Mar2025 15:21:25.239] [main/DEBUG] [mixin/]: Instancing new MixinPlatformAgentDefault for SecureJarResource(thedarkcolour.kotlinforforge.kfflib)
[23Mar2025 15:21:25.239] [main/DEBUG] [mixin/]: MixinPlatformAgentDefault accepted container SecureJarResource(thedarkcolour.kotlinforforge.kfflib)
[23Mar2025 15:21:25.239] [main/DEBUG] [mixin/]: Processing prepare() for PlatformAgent[MixinPlatformAgentDefault:SecureJarResource(thedarkcolour.kotlinforforge.kfflib)]
[23Mar2025 15:21:25.239] [main/DEBUG] [mixin/]: Adding mixin platform agents for container SecureJarResource(MixinExtras)
[23Mar2025 15:21:25.239] [main/DEBUG] [mixin/]: Instancing new MixinPlatformAgentMinecraftForge for SecureJarResource(MixinExtras)
[23Mar2025 15:21:25.239] [main/DEBUG] [mixin/]: MixinPlatformAgentMinecraftForge rejected container SecureJarResource(MixinExtras)
[23Mar2025 15:21:25.239] [main/DEBUG] [mixin/]: Instancing new MixinPlatformAgentDefault for SecureJarResource(MixinExtras)
[23Mar2025 15:21:25.239] [main/DEBUG] [mixin/]: MixinPlatformAgentDefault accepted container SecureJarResource(MixinExtras)
[23Mar2025 15:21:25.239] [main/DEBUG] [mixin/]: Processing prepare() for PlatformAgent[MixinPlatformAgentDefault:SecureJarResource(MixinExtras)]
[23Mar2025 15:21:25.239] [main/DEBUG] [mixin/]: inject() running with 112 agents
[23Mar2025 15:21:25.239] [main/DEBUG] [mixin/]: Processing inject() for PlatformAgent[MixinPlatformAgentDefault:ModLauncher Root Container(ModLauncher:4f56a0a2)]
[23Mar2025 15:21:25.239] [main/DEBUG] [mixin/]: Processing inject() for PlatformAgent[MixinPlatformAgentDefault:SecureJarResource(indestructible_blocks)]
[23Mar2025 15:21:25.239] [main/DEBUG] [mixin/]: Processing inject() for PlatformAgent[MixinPlatformAgentDefault:SecureJarResource(treechop)]
[23Mar2025 15:21:25.239] [main/DEBUG] [mixin/]: Processing inject() for PlatformAgent[MixinPlatformAgentDefault:SecureJarResource(kuma_api)]
[23Mar2025 15:21:25.239] [main/DEBUG] [mixin/]: Processing inject() for PlatformAgent[MixinPlatformAgentDefault:SecureJarResource(playeranimator)]
[23Mar2025 15:21:25.239] [main/DEBUG] [mixin/]: Processing inject() for PlatformAgent[MixinPlatformAgentDefault:SecureJarResource(botarium)]
[23Mar2025 15:21:25.239] [main/DEBUG] [mixin/]: Processing inject() for PlatformAgent[MixinPlatformAgentDefault:SecureJarResource(sophisticatedcore)]
[23Mar2025 15:21:25.239] [main/DEBUG] [mixin/]: Processing inject() for PlatformAgent[MixinPlatformAgentDefault:SecureJarResource(create_jetpack)]
[23Mar2025 15:21:25.239] [main/DEBUG] [mixin/]: Processing inject() for PlatformAgent[MixinPlatformAgentDefault:SecureJarResource(citadel)]
[23Mar2025 15:21:25.239] [main/DEBUG] [mixin/]: Processing inject() for PlatformAgent[MixinPlatformAgentDefault:SecureJarResource(alexsmobs)]
[23Mar2025 15:21:25.239] [main/DEBUG] [mixin/]: Processing inject() for PlatformAgent[MixinPlatformAgentDefault:SecureJarResource(yungsapi)]
[23Mar2025 15:21:25.239] [main/DEBUG] [mixin/]: Processing inject() for PlatformAgent[MixinPlatformAgentDefault:SecureJarResource(mixinextras)]
[23Mar2025 15:21:25.239] [main/DEBUG] [mixin/]: Processing inject() for PlatformAgent[MixinPlatformAgentDefault:SecureJarResource(sophisticatedbackpacks)]
[23Mar2025 15:21:25.239] [main/DEBUG] [mixin/]: Processing inject() for PlatformAgent[MixinPlatformAgentDefault:SecureJarResource(guardvillagers)]
[23Mar2025 15:21:25.239] [main/DEBUG] [mixin/]: Processing inject() for PlatformAgent[MixinPlatformAgentDefault:SecureJarResource(balm)]
[23Mar2025 15:21:25.239] [main/DEBUG] [mixin/]: Processing inject() for PlatformAgent[MixinPlatformAgentDefault:SecureJarResource(carryon)]
[23Mar2025 15:21:25.239] [main/DEBUG] [mixin/]: Processing inject() for PlatformAgent[MixinPlatformAgentDefault:SecureJarResource(faded_conquest_2)]
[23Mar2025 15:21:25.239] [main/DEBUG] [mixin/]: Processing inject() for PlatformAgent[MixinPlatformAgentDefault:SecureJarResource(betterfortresses)]
[23Mar2025 15:21:25.239] [main/DEBUG] [mixin/]: Processing inject() for PlatformAgent[MixinPlatformAgentDefault:SecureJarResource(paraglider)]
[23Mar2025 15:21:25.239] [main/DEBUG] [mixin/]: Processing inject() for PlatformAgent[MixinPlatformAgentDefault:SecureJarResource(cloth_config)]
[23Mar2025 15:21:25.239] [main/DEBUG] [mixin/]: Processing inject() for PlatformAgent[MixinPlatformAgentDefault:SecureJarResource(ctov)]
[23Mar2025 15:21:25.239] [main/DEBUG] [mixin/]: Processing inject() for PlatformAgent[MixinPlatformAgentDefault:SecureJarResource(twilightforest)]
[23Mar2025 15:21:25.239] [main/DEBUG] [mixin/]: Processing inject() for PlatformAgent[MixinPlatformAgentDefault:SecureJarResource(ricksportalgun)]
[23Mar2025 15:21:25.239] [main/DEBUG] [mixin/]: Processing inject() for PlatformAgent[MixinPlatformAgentDefault:SecureJarResource(farmersdelight)]
[23Mar2025 15:21:25.239] [main/DEBUG] [mixin/]: Processing inject() for PlatformAgent[MixinPlatformAgentDefault:SecureJarResource(supermartijn642corelib)]
[23Mar2025 15:21:25.239] [main/DEBUG] [mixin/]: Processing inject() for PlatformAgent[MixinPlatformAgentDefault:SecureJarResource(resourcefulconfig)]
[23Mar2025 15:21:25.239] [main/DEBUG] [mixin/]: Processing inject() for PlatformAgent[MixinPlatformAgentDefault:SecureJarResource(lionfishapi)]
[23Mar2025 15:21:25.240] [main/DEBUG] [mixin/]: Processing inject() for PlatformAgent[MixinPlatformAgentDefault:SecureJarResource(portablemobs)]
[23Mar2025 15:21:25.240] [main/DEBUG] [mixin/]: Processing inject() for PlatformAgent[MixinPlatformAgentDefault:SecureJarResource(cataclysm)]
[23Mar2025 15:21:25.240] [main/DEBUG] [mixin/]: Processing inject() for PlatformAgent[MixinPlatformAgentDefault:SecureJarResource(integrated_cataclysm)]
[23Mar2025 15:21:25.240] [main/DEBUG] [mixin/]: Processing inject() for PlatformAgent[MixinPlatformAgentDefault:SecureJarResource(curios)]
[23Mar2025 15:21:25.240] [main/DEBUG] [mixin/]: Processing inject() for PlatformAgent[MixinPlatformAgentDefault:SecureJarResource(witherstormmod)]
[23Mar2025 15:21:25.240] [main/DEBUG] [mixin/]: Processing inject() for PlatformAgent[MixinPlatformAgentDefault:SecureJarResource(elevatorid)]
[23Mar2025 15:21:25.240] [main/DEBUG] [mixin/]: Processing inject() for PlatformAgent[MixinPlatformAgentDefault:SecureJarResource(betterstrongholds)]
[23Mar2025 15:21:25.240] [main/DEBUG] [mixin/]: Processing inject() for PlatformAgent[MixinPlatformAgentDefault:SecureJarResource(tombstone)]
[23Mar2025 15:21:25.240] [main/DEBUG] [mixin/]: Processing inject() for PlatformAgent[MixinPlatformAgentDefault:SecureJarResource(rootoffear)]
[23Mar2025 15:21:25.240] [main/DEBUG] [mixin/]: Processing inject() for PlatformAgent[MixinPlatformAgentDefault:SecureJarResource(resourcefullib)]
[23Mar2025 15:21:25.240] [main/DEBUG] [mixin/]: Processing inject() for PlatformAgent[MixinPlatformAgentDefault:SecureJarResource(deeperdarker)]
[23Mar2025 15:21:25.240] [main/DEBUG] [mixin/]: Processing inject() for PlatformAgent[MixinPlatformAgentDefault:SecureJarResource(architectury)]
[23Mar2025 15:21:25.240] [main/DEBUG] [mixin/]: Processing inject() for PlatformAgent[MixinPlatformAgentDefault:SecureJarResource(customvillagertrades)]
[23Mar2025 15:21:25.240] [main/DEBUG] [mixin/]: Processing inject() for PlatformAgent[MixinPlatformAgentDefault:SecureJarResource(mr_limesplatus_ending)]
[23Mar2025 15:21:25.240] [main/DEBUG] [mixin/]: Processing inject() for PlatformAgent[MixinPlatformAgentDefault:SecureJarResource(flightlib)]
[23Mar2025 15:21:25.240] [main/DEBUG] [mixin/]: Processing inject() for PlatformAgent[MixinPlatformAgentDefault:SecureJarResource(villainoushordemanager)]
[23Mar2025 15:21:25.240] [main/DEBUG] [mixin/]: Processing inject() for PlatformAgent[MixinPlatformAgentDefault:SecureJarResource(framework)]
[23Mar2025 15:21:25.240] [main/DEBUG] [mixin/]: Processing inject() for PlatformAgent[MixinPlatformAgentDefault:SecureJarResource(illageandspillage)]
[23Mar2025 15:21:25.240] [main/DEBUG] [mixin/]: Processing inject() for PlatformAgent[MixinPlatformAgentDefault:SecureJarResource(t_and_t)]
[23Mar2025 15:21:25.240] [main/DEBUG] [mixin/]: Processing inject() for PlatformAgent[MixinPlatformAgentDefault:SecureJarResource(bettermineshafts)]
[23Mar2025 15:21:25.240] [main/DEBUG] [mixin/]: Processing inject() for PlatformAgent[MixinPlatformAgentDefault:SecureJarResource(omni_card)]
[23Mar2025 15:21:25.240] [main/DEBUG] [mixin/]: Processing inject() for PlatformAgent[MixinPlatformAgentDefault:SecureJarResource(playerrevive)]
[23Mar2025 15:21:25.240] [main/DEBUG] [mixin/]: Processing inject() for PlatformAgent[MixinPlatformAgentDefault:SecureJarResource(betterjungletemples)]
[23Mar2025 15:21:25.240] [main/DEBUG] [mixin/]: Processing inject() for PlatformAgent[MixinPlatformAgentDefault:SecureJarResource(mowziesmobs)]
[23Mar2025 15:21:25.240] [main/DEBUG] [mixin/]: Processing inject() for PlatformAgent[MixinPlatformAgentDefault:SecureJarResource(geckolib)]
[23Mar2025 15:21:25.240] [main/DEBUG] [mixin/]: Processing inject() for PlatformAgent[MixinPlatformAgentDefault:SecureJarResource(tameablebeasts)]
[23Mar2025 15:21:25.240] [main/DEBUG] [mixin/]: Processing inject() for PlatformAgent[MixinPlatformAgentDefault:SecureJarResource(trashslot)]
[23Mar2025 15:21:25.240] [main/DEBUG] [mixin/]: Processing inject() for PlatformAgent[MixinPlatformAgentDefault:SecureJarResource(jei)]
[23Mar2025 15:21:25.240] [main/DEBUG] [mixin/]: Processing inject() for PlatformAgent[MixinPlatformAgentDefault:SecureJarResource(lithostitched)]
[23Mar2025 15:21:25.240] [main/DEBUG] [mixin/]: Processing inject() for PlatformAgent[MixinPlatformAgentDefault:SecureJarResource(graveyard)]
[23Mar2025 15:21:25.240] [main/DEBUG] [mixin/]: Processing inject() for PlatformAgent[MixinPlatformAgentDefault:SecureJarResource(commonnetworking)]
[23Mar2025 15:21:25.241] [main/DEBUG] [mixin/]: Processing inject() for PlatformAgent[MixinPlatformAgentDefault:SecureJarResource(goblintraders)]
[23Mar2025 15:21:25.241] [main/DEBUG] [mixin/]: Processing inject() for PlatformAgent[MixinPlatformAgentDefault:SecureJarResource(obscure_api)]
[23Mar2025 15:21:25.241] [main/DEBUG] [mixin/]: Processing inject() for PlatformAgent[MixinPlatformAgentDefault:SecureJarResource(waystones)]
[23Mar2025 15:21:25.241] [main/DEBUG] [mixin/]: Processing inject() for PlatformAgent[MixinPlatformAgentDefault:SecureJarResource(clumps)]
[23Mar2025 15:21:25.241] [main/DEBUG] [mixin/]: Processing inject() for PlatformAgent[MixinPlatformAgentDefault:SecureJarResource(integrated_api)]
[23Mar2025 15:21:25.241] [main/DEBUG] [mixin/]: Processing inject() for PlatformAgent[MixinPlatformAgentDefault:SecureJarResource(naturescompass)]
[23Mar2025 15:21:25.241] [main/DEBUG] [mixin/]: Processing inject() for PlatformAgent[MixinPlatformAgentDefault:SecureJarResource(artifacts)]
[23Mar2025 15:21:25.241] [main/DEBUG] [mixin/]: Processing inject() for PlatformAgent[MixinPlatformAgentDefault:SecureJarResource(crackerslib)]
[23Mar2025 15:21:25.241] [main/DEBUG] [mixin/]: Processing inject() for PlatformAgent[MixinPlatformAgentDefault:SecureJarResource(knightlib)]
[23Mar2025 15:21:25.241] [main/DEBUG] [mixin/]: Processing inject() for PlatformAgent[MixinPlatformAgentDefault:SecureJarResource(betterdeserttemples)]
[23Mar2025 15:21:25.241] [main/DEBUG] [mixin/]: Processing inject() for PlatformAgent[MixinPlatformAgentDefault:SecureJarResource(watut)]
[23Mar2025 15:21:25.241] [main/DEBUG] [mixin/]: Processing inject() for PlatformAgent[MixinPlatformAgentDefault:SecureJarResource(forge)]
[23Mar2025 15:21:25.241] [main/DEBUG] [mixin/]: Processing inject() for PlatformAgent[MixinPlatformAgentDefault:SecureJarResource(emotecraft)]
[23Mar2025 15:21:25.241] [main/DEBUG] [mixin/]: Processing inject() for PlatformAgent[MixinPlatformAgentDefault:SecureJarResource(minecraft)]
[23Mar2025 15:21:25.241] [main/DEBUG] [mixin/]: Processing inject() for PlatformAgent[MixinPlatformAgentDefault:SecureJarResource(born_in_chaos_v1)]
[23Mar2025 15:21:25.241] [main/DEBUG] [mixin/]: Processing inject() for PlatformAgent[MixinPlatformAgentDefault:SecureJarResource(undead_revamp2)]
[23Mar2025 15:21:25.241] [main/DEBUG] [mixin/]: Processing inject() for PlatformAgent[MixinPlatformAgentDefault:SecureJarResource(alexscaves)]
[23Mar2025 15:21:25.241] [main/DEBUG] [mixin/]: Processing inject() for PlatformAgent[MixinPlatformAgentDefault:SecureJarResource(terrablender)]
[23Mar2025 15:21:25.241] [main/DEBUG] [mixin/]: Processing inject() for PlatformAgent[MixinPlatformAgentDefault:SecureJarResource(biomesoplenty)]
[23Mar2025 15:21:25.241] [main/DEBUG] [mixin/]: Processing inject() for PlatformAgent[MixinPlatformAgentDefault:SecureJarResource(moonlight)]
[23Mar2025 15:21:25.241] [main/DEBUG] [mixin/]: Processing inject() for PlatformAgent[MixinPlatformAgentDefault:SecureJarResource(mixinsquared)]
[23Mar2025 15:21:25.241] [main/DEBUG] [mixin/]: Processing inject() for PlatformAgent[MixinPlatformAgentDefault:SecureJarResource(jade)]
[23Mar2025 15:21:25.241] [main/DEBUG] [mixin/]: Processing inject() for PlatformAgent[MixinPlatformAgentDefault:SecureJarResource(knightquest)]
[23Mar2025 15:21:25.241] [main/DEBUG] [mixin/]: Processing inject() for PlatformAgent[MixinPlatformAgentDefault:SecureJarResource(creativecore)]
[23Mar2025 15:21:25.241] [main/DEBUG] [mixin/]: Processing inject() for PlatformAgent[MixinPlatformAgentDefault:SecureJarResource(watching)]
[23Mar2025 15:21:25.241] [main/DEBUG] [mixin/]: Processing inject() for PlatformAgent[MixinPlatformAgentDefault:SecureJarResource(revive_hardcore_players)]
[23Mar2025 15:21:25.241] [main/DEBUG] [mixin/]: Processing inject() for PlatformAgent[MixinPlatformAgentDefault:SecureJarResource(spectrelib)]
[23Mar2025 15:21:25.241] [main/DEBUG] [mixin/]: Processing inject() for PlatformAgent[MixinPlatformAgentDefault:SecureJarResource(kotlinforforge)]
[23Mar2025 15:21:25.241] [main/DEBUG] [mixin/]: Processing inject() for PlatformAgent[MixinPlatformAgentDefault:SecureJarResource(ribbits)]
[23Mar2025 15:21:25.241] [main/DEBUG] [mixin/]: Processing inject() for PlatformAgent[MixinPlatformAgentDefault:SecureJarResource(flywheel)]
[23Mar2025 15:21:25.241] [main/DEBUG] [mixin/]: Processing inject() for PlatformAgent[MixinPlatformAgentDefault:SecureJarResource(ponder)]
[23Mar2025 15:21:25.241] [main/DEBUG] [mixin/]: Processing inject() for PlatformAgent[MixinPlatformAgentDefault:SecureJarResource(create)]
[23Mar2025 15:21:25.241] [main/DEBUG] [mixin/]: Processing inject() for PlatformAgent[MixinPlatformAgentDefault:SecureJarResource(polymorph)]
[23Mar2025 15:21:25.241] [main/DEBUG] [mixin/]: Processing inject() for PlatformAgent[MixinPlatformAgentDefault:SecureJarResource(securitycraft)]
[23Mar2025 15:21:25.241] [main/DEBUG] [mixin/]: Processing inject() for PlatformAgent[MixinPlatformAgentDefault:SecureJarResource(zeta)]
[23Mar2025 15:21:25.241] [main/DEBUG] [mixin/]: Processing inject() for PlatformAgent[MixinPlatformAgentDefault:SecureJarResource(cannibal)]
[23Mar2025 15:21:25.241] [main/DEBUG] [mixin/]: Processing inject() for PlatformAgent[MixinPlatformAgentDefault:SecureJarResource(coroutil)]
[23Mar2025 15:21:25.242] [main/DEBUG] [mixin/]: Processing inject() for PlatformAgent[MixinPlatformAgentDefault:SecureJarResource(lootr)]
[23Mar2025 15:21:25.242] [main/DEBUG] [mixin/]: Processing inject() for PlatformAgent[MixinPlatformAgentDefault:SecureJarResource(quark)]
[23Mar2025 15:21:25.242] [main/DEBUG] [mixin/]: Processing inject() for PlatformAgent[MixinPlatformAgentDefault:SecureJarResource(supplementaries)]
[23Mar2025 15:21:25.242] [main/DEBUG] [mixin/]: Processing inject() for PlatformAgent[MixinPlatformAgentDefault:SecureJarResource(expandability)]
[23Mar2025 15:21:25.242] [main/DEBUG] [mixin/]: Processing inject() for PlatformAgent[MixinPlatformAgentDefault:SecureJarResource(aquamirae)]
[23Mar2025 15:21:25.242] [main/DEBUG] [mixin/]: Processing inject() for PlatformAgent[MixinPlatformAgentDefault:SecureJarResource(cristellib)]
[23Mar2025 15:21:25.242] [main/DEBUG] [mixin/]: Processing inject() for PlatformAgent[MixinPlatformAgentDefault:SecureJarResource(ad_astra)]
[23Mar2025 15:21:25.242] [main/DEBUG] [mixin/]: Processing inject() for PlatformAgent[MixinPlatformAgentDefault:SecureJarResource(ad_astra_giselle_addon)]
[23Mar2025 15:21:25.242] [main/DEBUG] [mixin/]: Processing inject() for PlatformAgent[MixinPlatformAgentDefault:SecureJarResource(mclib)]
[23Mar2025 15:21:25.242] [main/DEBUG] [mixin/]: Processing inject() for PlatformAgent[MixinPlatformAgentDefault:SecureJarResource(Registrate.MC1._20)]
[23Mar2025 15:21:25.242] [main/DEBUG] [mixin/]: Processing inject() for PlatformAgent[MixinPlatformAgentDefault:SecureJarResource(jlayer)]
[23Mar2025 15:21:25.242] [main/DEBUG] [mixin/]: Processing inject() for PlatformAgent[MixinPlatformAgentDefault:SecureJarResource(yabn)]
[23Mar2025 15:21:25.242] [main/DEBUG] [mixin/]: Processing inject() for PlatformAgent[MixinPlatformAgentDefault:SecureJarResource(bytecodecs)]
[23Mar2025 15:21:25.242] [main/DEBUG] [mixin/]: Processing inject() for PlatformAgent[MixinPlatformAgentDefault:SecureJarResource(jankson)]
[23Mar2025 15:21:25.242] [main/DEBUG] [mixin/]: Processing inject() for PlatformAgent[MixinPlatformAgentDefault:SecureJarResource(MixinSquared)]
[23Mar2025 15:21:25.242] [main/DEBUG] [mixin/]: Processing inject() for PlatformAgent[MixinPlatformAgentDefault:SecureJarResource(thedarkcolour.kotlinforforge.kfflib)]
[23Mar2025 15:21:25.242] [main/DEBUG] [mixin/]: Processing inject() for PlatformAgent[MixinPlatformAgentDefault:SecureJarResource(MixinExtras)]
[23Mar2025 15:21:25.242] [main/INFO] [cpw.mods.modlauncher.LaunchServiceHandler/MODLAUNCHER]: Launching target 'forgeserver' with arguments [nogui]
[23Mar2025 15:21:25.271] [main/DEBUG] [mixin/]: Error cleaning class output directory: .mixin.out
[23Mar2025 15:21:25.272] [main/DEBUG] [mixin/]: Preparing mixins for MixinEnvironment[DEFAULT]
[23Mar2025 15:21:25.273] [main/DEBUG] [mixin/]: Selecting config indestructible_blocks-common.mixins.json
[23Mar2025 15:21:25.277] [main/DEBUG] [mixin/]: Selecting config treechop.mixins.json
[23Mar2025 15:21:25.279] [main/DEBUG] [mixin/]: Selecting config kuma_api.mixins.json
[23Mar2025 15:21:25.281] [main/DEBUG] [mixin/]: Selecting config kuma_api.forge.mixins.json
[23Mar2025 15:21:25.282] [main/DEBUG] [mixin/]: Selecting config playerAnimator-common.mixins.json
[23Mar2025 15:21:25.293] [main/DEBUG] [mixin/]: Selecting config citadel.mixins.json
[23Mar2025 15:21:25.295] [main/DEBUG] [mixin/]: Selecting config yungsapi.mixins.json
[23Mar2025 15:21:25.298] [main/DEBUG] [mixin/]: Selecting config yungsapi_forge.mixins.json
[23Mar2025 15:21:25.301] [main/DEBUG] [mixin/]: Selecting config mixinextras.init.mixins.json
[23Mar2025 15:21:25.332] [main/DEBUG] [MixinExtras|Service/]: com.llamalad7.mixinextras.service.MixinExtrasServiceImpl(version=0.4.1) is taking over from null
[23Mar2025 15:21:25.363] [main/DEBUG] [mixin/]: Registering new injector for @Inject with org.spongepowered.asm.mixin.injection.struct.CallbackInjectionInfo
[23Mar2025 15:21:25.364] [main/DEBUG] [mixin/]: Registering new injector for @ModifyArg with org.spongepowered.asm.mixin.injection.struct.ModifyArgInjectionInfo
[23Mar2025 15:21:25.365] [main/DEBUG] [mixin/]: Registering new injector for @ModifyArgs with org.spongepowered.asm.mixin.injection.struct.ModifyArgsInjectionInfo
[23Mar2025 15:21:25.366] [main/DEBUG] [mixin/]: Registering new injector for @Redirect with org.spongepowered.asm.mixin.injection.struct.RedirectInjectionInfo
[23Mar2025 15:21:25.367] [main/DEBUG] [mixin/]: Registering new injector for @ModifyVariable with org.spongepowered.asm.mixin.injection.struct.ModifyVariableInjectionInfo
[23Mar2025 15:21:25.368] [main/DEBUG] [mixin/]: Registering new injector for @ModifyConstant with org.spongepowered.asm.mixin.injection.struct.ModifyConstantInjectionInfo
[23Mar2025 15:21:25.381] [main/DEBUG] [mixin/]: Selecting config guardvillagers.mixins.json
[23Mar2025 15:21:25.383] [main/DEBUG] [mixin/]: Selecting config balm.mixins.json
[23Mar2025 15:21:25.385] [main/DEBUG] [mixin/]: Selecting config carryon.mixins.json
[23Mar2025 15:21:25.388] [main/DEBUG] [mixin/]: Selecting config carryon.forge.mixins.json
[23Mar2025 15:21:25.390] [main/DEBUG] [mixin/]: Selecting config betterfortresses.mixins.json
[23Mar2025 15:21:25.392] [main/DEBUG] [mixin/]: Selecting config betterfortresses_forge.mixins.json
[23Mar2025 15:21:25.393] [main/DEBUG] [mixin/]: Selecting config paraglider.mixins.json
[23Mar2025 15:21:25.395] [main/DEBUG] [mixin/]: Selecting config farmersdelight.mixins.json
[23Mar2025 15:21:25.397] [main/DEBUG] [mixin/]: Selecting config supermartijn642corelib.mixins.json
[23Mar2025 15:21:25.399] [main/DEBUG] [mixin/]: Selecting config lionfishapi.mixins.json
[23Mar2025 15:21:25.401] [main/DEBUG] [mixin/]: Selecting config cataclysm.mixins.json
[23Mar2025 15:21:25.403] [main/DEBUG] [mixin/]: Selecting config integrated_cataclysm.mixins.json
[23Mar2025 15:21:25.405] [main/WARN] [mixin/]: Reference map 'integrated_cataclysm.refmap.json' for integrated_cataclysm.mixins.json could not be read. If this is a development environment you can ignore this message
[23Mar2025 15:21:25.405] [main/DEBUG] [mixin/]: Selecting config curios.mixins.json
[23Mar2025 15:21:25.407] [main/DEBUG] [mixin/]: Selecting config witherstormmod.mixins.json
[23Mar2025 15:21:25.410] [main/DEBUG] [mixin/]: Selecting config betterstrongholds.mixins.json
[23Mar2025 15:21:25.412] [main/DEBUG] [mixin/]: Selecting config betterstrongholds_forge.mixins.json
[23Mar2025 15:21:25.413] [main/DEBUG] [mixin/]: Selecting config tombstone.mixins.json
[23Mar2025 15:21:25.415] [main/DEBUG] [mixin/]: Selecting config rootoffear.mixins.json
[23Mar2025 15:21:25.417] [main/DEBUG] [mixin/]: Selecting config mixins.deeperdarker.json
[23Mar2025 15:21:25.419] [main/DEBUG] [mixin/]: Selecting config architectury.mixins.json
[23Mar2025 15:21:25.422] [main/DEBUG] [mixin/]: Selecting config architectury-common.mixins.json
[23Mar2025 15:21:25.423] [main/DEBUG] [mixin/]: Selecting config customvillagertrades.mixins.json
[23Mar2025 15:21:25.425] [main/DEBUG] [mixin/]: Selecting config flightlib.mixins.json
[23Mar2025 15:21:25.427] [main/DEBUG] [mixin/]: Selecting config villainoushordemanager.mixins.json
[23Mar2025 15:21:25.428] [main/DEBUG] [mixin/]: Selecting config villainoushordemanager.forge.mixins.json
[23Mar2025 15:21:25.430] [main/DEBUG] [mixin/]: Selecting config illageandspillage.mixins.json
[23Mar2025 15:21:25.432] [main/DEBUG] [mixin/]: Selecting config bettermineshafts.mixins.json
[23Mar2025 15:21:25.434] [main/DEBUG] [mixin/]: Selecting config bettermineshafts_forge.mixins.json
[23Mar2025 15:21:25.435] [main/DEBUG] [mixin/]: Selecting config playerrevive.mixins.json
[23Mar2025 15:21:25.437] [main/DEBUG] [mixin/]: Selecting config betterjungletemples.mixins.json
[23Mar2025 15:21:25.439] [main/DEBUG] [mixin/]: Selecting config betterjungletemples_forge.mixins.json
[23Mar2025 15:21:25.440] [main/DEBUG] [mixin/]: Selecting config mowziesmobs.mixins.json
[23Mar2025 15:21:25.442] [main/DEBUG] [mixin/]: Selecting config geckolib.mixins.json
[23Mar2025 15:21:25.443] [main/DEBUG] [mixin/]: Selecting config tameablebeasts.mixins.json
[23Mar2025 15:21:25.445] [main/DEBUG] [mixin/]: Selecting config trashslot.mixins.json
[23Mar2025 15:21:25.447] [main/WARN] [mixin/]: Reference map 'trashslot.refmap.json' for trashslot.mixins.json could not be read. If this is a development environment you can ignore this message
[23Mar2025 15:21:25.447] [main/DEBUG] [mixin/]: Selecting config lithostitched.mixins.json
[23Mar2025 15:21:25.449] [main/DEBUG] [mixin/]: Selecting config lithostitched.forge.mixins.json
[23Mar2025 15:21:25.451] [main/DEBUG] [mixin/]: Selecting config graveyard-common.mixins.json
[23Mar2025 15:21:25.454] [main/DEBUG] [mixin/]: Selecting config graveyard-forge.mixins.json
[23Mar2025 15:21:25.456] [main/WARN] [mixin/]: Reference map 'graveyard-FORGE-forge-refmap.json' for graveyard-forge.mixins.json could not be read. If this is a development environment you can ignore this message
[23Mar2025 15:21:25.456] [main/DEBUG] [mixin/]: Selecting config goblintraders.common.mixins.json
[23Mar2025 15:21:25.458] [main/DEBUG] [mixin/]: Selecting config obscure_api.mixins.json
[23Mar2025 15:21:25.460] [main/DEBUG] [mixin/]: Selecting config waystones.mixins.json
[23Mar2025 15:21:25.461] [main/DEBUG] [mixin/]: Selecting config clumps.mixins.json
[23Mar2025 15:21:25.463] [main/DEBUG] [mixin/]: Selecting config integrated_api-common.mixins.json
[23Mar2025 15:21:25.465] [main/DEBUG] [mixin/]: Selecting config integrated_api-forge.mixins.json
[23Mar2025 15:21:25.467] [main/DEBUG] [mixin/]: Selecting config mixins.artifacts.common.json
[23Mar2025 15:21:25.470] [main/DEBUG] [mixin/]: Selecting config mixins.artifacts.forge.json
[23Mar2025 15:21:25.472] [main/DEBUG] [mixin/]: Selecting config crackerslib.mixins.json
[23Mar2025 15:21:25.475] [main/DEBUG] [mixin/]: Selecting config knightlib.mixins.json
[23Mar2025 15:21:25.478] [main/WARN] [mixin/]: Reference map 'knightlib.refmap.json' for knightlib.mixins.json could not be read. If this is a development environment you can ignore this message
[23Mar2025 15:21:25.478] [main/DEBUG] [mixin/]: Selecting config knightlib.forge.mixins.json
[23Mar2025 15:21:25.482] [main/WARN] [mixin/]: Reference map 'knightlib.refmap.json' for knightlib.forge.mixins.json could not be read. If this is a development environment you can ignore this message
[23Mar2025 15:21:25.482] [main/DEBUG] [mixin/]: Selecting config betterdeserttemples.mixins.json
[23Mar2025 15:21:25.484] [main/DEBUG] [mixin/]: Selecting config betterdeserttemples_forge.mixins.json
[23Mar2025 15:21:25.487] [main/DEBUG] [mixin/]: Selecting config watut.mixins.json
[23Mar2025 15:21:25.489] [main/DEBUG] [mixin/]: Selecting config emotecraft.mixins.json
[23Mar2025 15:21:25.492] [main/DEBUG] [mixin/]: Selecting config emotecraft-arch.mixins.json
[23Mar2025 15:21:25.495] [main/DEBUG] [mixin/]: Selecting config alexscaves.mixins.json
[23Mar2025 15:21:25.499] [main/DEBUG] [mixin/]: Selecting config terrablender.mixins.json
[23Mar2025 15:21:25.501] [main/DEBUG] [mixin/]: Selecting config terrablender_forge.mixins.json
[23Mar2025 15:21:25.503] [main/DEBUG] [mixin/]: Selecting config moonlight-common.mixins.json
[23Mar2025 15:21:25.511] [main/DEBUG] [mixin/]: Selecting config moonlight.mixins.json
[23Mar2025 15:21:25.513] [main/DEBUG] [mixin/]: Selecting config mixinsquared.init.mixins.json
[23Mar2025 15:21:25.524] [main/DEBUG] [mixin/]: Registering new target selector for @mixinsquared:handler with com.bawnorton.mixinsquared.selector.DynamicSelectorHandler
[23Mar2025 15:21:25.533] [main/DEBUG] [mixin/]: Selecting config jade.mixins.json
[23Mar2025 15:21:25.535] [main/DEBUG] [mixin/]: Selecting config knightquest.mixins.json
[23Mar2025 15:21:25.538] [main/WARN] [mixin/]: Reference map 'knightquest.refmap.json' for knightquest.mixins.json could not be read. If this is a development environment you can ignore this message
[23Mar2025 15:21:25.538] [main/DEBUG] [mixin/]: Selecting config knightquest.forge.mixins.json
[23Mar2025 15:21:25.540] [main/WARN] [mixin/]: Reference map 'knightquest.refmap.json' for knightquest.forge.mixins.json could not be read. If this is a development environment you can ignore this message
[23Mar2025 15:21:25.540] [main/DEBUG] [mixin/]: Selecting config creativecore.mixins.json
[23Mar2025 15:21:25.542] [main/DEBUG] [mixin/]: Selecting config creativecore.forge.mixins.json
[23Mar2025 15:21:25.544] [main/DEBUG] [mixin/]: Selecting config ribbits.mixins.json
[23Mar2025 15:21:25.546] [main/DEBUG] [mixin/]: Selecting config ribbits_forge.mixins.json
[23Mar2025 15:21:25.548] [main/DEBUG] [mixin/]: Selecting config flywheel.backend.mixins.json
[23Mar2025 15:21:25.550] [main/DEBUG] [mixin/]: Selecting config flywheel.impl.mixins.json
[23Mar2025 15:21:25.552] [main/DEBUG] [mixin/]: Selecting config ponder.mixins.json
[23Mar2025 15:21:25.554] [main/DEBUG] [mixin/]: Selecting config create.mixins.json
[23Mar2025 15:21:25.559] [main/DEBUG] [mixin/]: Selecting config polymorph.mixins.json
[23Mar2025 15:21:25.561] [main/DEBUG] [mixin/]: Selecting config polymorph-integrations.forge.mixins.json
[23Mar2025 15:21:25.567] [main/DEBUG] [mixin/]: Selecting config securitycraft.mixins.json
[23Mar2025 15:21:25.570] [main/DEBUG] [mixin/]: Selecting config zeta.mixins.json
[23Mar2025 15:21:25.572] [main/DEBUG] [mixin/]: Selecting config zeta_forge.mixins.json
[23Mar2025 15:21:25.577] [main/DEBUG] [mixin/]: Selecting config cannibal.mixin.json
[23Mar2025 15:21:25.579] [main/DEBUG] [mixin/]: Selecting config coroutil.mixins.json
[23Mar2025 15:21:25.582] [main/WARN] [mixin/]: Reference map 'coroutil.refmap.json' for coroutil.mixins.json could not be read. If this is a development environment you can ignore this message
[23Mar2025 15:21:25.582] [main/DEBUG] [mixin/]: Selecting config lootr.mixins.json
[23Mar2025 15:21:25.584] [main/DEBUG] [mixin/]: Selecting config quark.mixins.json
[23Mar2025 15:21:25.590] [main/DEBUG] [mixin/]: Selecting config quark_integrations.mixins.json
[23Mar2025 15:21:25.595] [main/DEBUG] [mixin/]: Selecting config supplementaries-common.mixins.json
[23Mar2025 15:21:25.601] [main/DEBUG] [mixin/]: Selecting config supplementaries.mixins.json
[23Mar2025 15:21:25.603] [main/DEBUG] [mixin/]: Selecting config expandability.mixins.json
[23Mar2025 15:21:25.605] [main/DEBUG] [mixin/]: Selecting config expandability-common.mixins.json
[23Mar2025 15:21:25.608] [main/DEBUG] [mixin/]: Selecting config aquamirae.mixins.json
[23Mar2025 15:21:25.611] [main/WARN] [mixin/]: Reference map 'Aquamirae.refmap.json' for aquamirae.mixins.json could not be read. If this is a development environment you can ignore this message
[23Mar2025 15:21:25.611] [main/DEBUG] [mixin/]: Selecting config cristellib-common.mixins.json
[23Mar2025 15:21:25.616] [main/DEBUG] [mixin/]: Selecting config cristellib.mixins.json
[23Mar2025 15:21:25.619] [main/WARN] [mixin/]: Reference map 'cristellib-forge-refmap.json' for cristellib.mixins.json could not be read. If this is a development environment you can ignore this message
[23Mar2025 15:21:25.620] [main/DEBUG] [mixin/]: Selecting config adastra-common.mixins.json
[23Mar2025 15:21:25.623] [main/DEBUG] [mixin/]: Selecting config adastra.mixins.json
[23Mar2025 15:21:25.626] [main/DEBUG] [mixin/]: Selecting config ad_astra_giselle_addon.mixin.common.json
[23Mar2025 15:21:25.629] [main/DEBUG] [mixin/]: Selecting config ad_astra_giselle_addon.mixin.client.json
[23Mar2025 15:21:25.632] [main/DEBUG] [mixin/]: Selecting config ad_astra_giselle_addon.mixin.forge.common.json
[23Mar2025 15:21:25.634] [main/DEBUG] [mixin/]: Selecting config ad_astra_giselle_addon.mixin.forge.client.json
[23Mar2025 15:21:25.638] [main/DEBUG] [mixin/]: Preparing indestructible_blocks-common.mixins.json (2)
[23Mar2025 15:21:25.687] [main/DEBUG] [mixin/]: Preparing treechop.mixins.json (3)
[23Mar2025 15:21:25.736] [main/DEBUG] [mixin/]: Preparing kuma_api.mixins.json (1)
[23Mar2025 15:21:25.736] [main/DEBUG] [mixin/]: Preparing kuma_api.forge.mixins.json (0)
[23Mar2025 15:21:25.736] [main/DEBUG] [mixin/]: Preparing playerAnimator-common.mixins.json (14)
[23Mar2025 15:21:25.736] [main/DEBUG] [mixin/]: Preparing citadel.mixins.json (15)
[23Mar2025 15:21:25.758] [main/DEBUG] [net.minecraftforge.coremod.transformer.CoreModBaseTransformer/COREMOD]: Transforming m_46758_ with desc (Lnet/minecraft/core/BlockPos;)Z
[23Mar2025 15:21:25.906] [main/DEBUG] [mixin/]: Preparing yungsapi.mixins.json (11)
[23Mar2025 15:21:25.911] [main/DEBUG] [yungsapi/]: Loaded com.yungnickyoung.minecraft.yungsapi.services.ForgePlatformHelper@1c68d0db for service interface com.yungnickyoung.minecraft.yungsapi.services.IPlatformHelper
[23Mar2025 15:21:25.913] [main/DEBUG] [yungsapi/]: Loaded com.yungnickyoung.minecraft.yungsapi.services.ForgeAutoRegisterHelper@609b041c for service interface com.yungnickyoung.minecraft.yungsapi.services.IAutoRegisterHelper
[23Mar2025 15:21:25.914] [main/DEBUG] [yungsapi/]: Loaded com.yungnickyoung.minecraft.yungsapi.services.ForgeBlockEntityTypeHelper@2eebce87 for service interface com.yungnickyoung.minecraft.yungsapi.services.IBlockEntityTypeHelper
[23Mar2025 15:21:25.915] [main/DEBUG] [yungsapi/]: Loaded com.yungnickyoung.minecraft.yungsapi.services.ForgeParticleTypeHelper@7c91fe86 for service interface com.yungnickyoung.minecraft.yungsapi.services.IParticleTypeHelper
[23Mar2025 15:21:25.963] [main/DEBUG] [mixin/]: Preparing yungsapi_forge.mixins.json (1)
[23Mar2025 15:21:25.964] [main/DEBUG] [mixin/]: Preparing mixinextras.init.mixins.json (0)
[23Mar2025 15:21:25.964] [main/DEBUG] [mixin/]: Preparing guardvillagers.mixins.json (3)
[23Mar2025 15:21:25.972] [main/DEBUG] [mixin/]: Preparing balm.mixins.json (17)
[23Mar2025 15:21:25.996] [main/DEBUG] [mixin/]: Preparing carryon.mixins.json (5)
[23Mar2025 15:21:26.013] [main/DEBUG] [mixin/]: Preparing carryon.forge.mixins.json (0)
[23Mar2025 15:21:26.013] [main/DEBUG] [mixin/]: Preparing betterfortresses.mixins.json (6)
[23Mar2025 15:21:26.029] [main/DEBUG] [mixin/]: Preparing betterfortresses_forge.mixins.json (0)
[23Mar2025 15:21:26.029] [main/DEBUG] [mixin/]: Preparing paraglider.mixins.json (4)
[23Mar2025 15:21:26.037] [main/DEBUG] [net.minecraftforge.coremod.transformer.CoreModBaseTransformer/COREMOD]: Transforming net/minecraft/world/entity/raid/Raid
[23Mar2025 15:21:26.201] [main/DEBUG] [mixin/]: Preparing farmersdelight.mixins.json (9)
[23Mar2025 15:21:26.222] [main/DEBUG] [mixin/]: Preparing supermartijn642corelib.mixins.json (9)
[23Mar2025 15:21:26.238] [main/DEBUG] [mixin/]: Preparing lionfishapi.mixins.json (2)
[23Mar2025 15:21:26.239] [main/DEBUG] [mixin/]: Preparing cataclysm.mixins.json (21)
[23Mar2025 15:21:26.280] [main/DEBUG] [net.minecraftforge.coremod.transformer.CoreModBaseTransformer/COREMOD]: Transforming net/minecraft/world/level/levelgen/structure/templatesystem/StructureTemplate
[23Mar2025 15:21:26.455] [main/DEBUG] [mixin/]: Preparing integrated_cataclysm.mixins.json (0)
[23Mar2025 15:21:26.455] [main/DEBUG] [mixin/]: Preparing curios.mixins.json (13)
[23Mar2025 15:21:26.480] [main/DEBUG] [mixin/]: Preparing witherstormmod.mixins.json (61)
[23Mar2025 15:21:26.515] [main/DEBUG] [net.minecraftforge.coremod.transformer.CoreModBaseTransformer/COREMOD]: Transforming net/minecraft/world/entity/monster/ZombieVillager
[23Mar2025 15:21:26.563] [main/DEBUG] [net.minecraftforge.coremod.transformer.CoreModBaseTransformer/COREMOD]: Transforming net/minecraft/world/entity/monster/Zombie
[23Mar2025 15:21:26.758] [main/DEBUG] [mixin/]: @Mixin target net/minecraft/server/level/ChunkMap$TrackedEntity is public in witherstormmod.mixins.json:MixinTrackedEntity and should be specified in value
[23Mar2025 15:21:26.762] [main/DEBUG] [net.minecraftforge.coremod.transformer.CoreModBaseTransformer/COREMOD]: Transforming net/minecraft/world/entity/npc/Villager
[23Mar2025 15:21:26.906] [main/DEBUG] [mixin/]: Preparing betterstrongholds.mixins.json (2)
[23Mar2025 15:21:26.908] [main/DEBUG] [mixin/]: Preparing betterstrongholds_forge.mixins.json (0)
[23Mar2025 15:21:26.908] [main/DEBUG] [mixin/]: Preparing tombstone.mixins.json (27)
[23Mar2025 15:21:26.924] [main/DEBUG] [net.minecraftforge.coremod.transformer.CoreModBaseTransformer/COREMOD]: Transforming net/minecraft/world/item/ItemStack
[23Mar2025 15:21:26.948] [main/DEBUG] [net.minecraftforge.coremod.transformer.CoreModBaseTransformer/COREMOD]: Transforming m_41435_ with desc (Lnet/minecraft/world/level/Level;Lnet/minecraft/world/entity/player/Player;Lnet/minecraft/world/level/ClipContext$Fluid;)Lnet/minecraft/world/phys/BlockHitResult;
[23Mar2025 15:21:26.981] [main/DEBUG] [mixin/]: Preparing rootoffear.mixins.json (10)
[23Mar2025 15:21:26.989] [main/DEBUG] [net.minecraftforge.coremod.transformer.CoreModBaseTransformer/COREMOD]: Transforming net/minecraft/world/item/BucketItem
[23Mar2025 15:21:26.994] [main/DEBUG] [mixin/]: Preparing mixins.deeperdarker.json (8)
[23Mar2025 15:21:27.019] [main/WARN] [mixin/]: Error loading class: net/minecraft/client/renderer/entity/PhantomRenderer (java.lang.ClassNotFoundException: net.minecraft.client.renderer.entity.PhantomRenderer)
[23Mar2025 15:21:27.019] [main/WARN] [mixin/]: @Mixin target net.minecraft.client.renderer.entity.PhantomRenderer was not found mixins.deeperdarker.json:PhantomRendererMixin
[23Mar2025 15:21:27.024] [main/DEBUG] [mixin/]: Preparing architectury.mixins.json (9)
[23Mar2025 15:21:27.035] [main/DEBUG] [mixin/]: Preparing architectury-common.mixins.json (10)
[23Mar2025 15:21:27.041] [main/DEBUG] [net.minecraftforge.coremod.transformer.CoreModBaseTransformer/COREMOD]: Transforming net/minecraft/world/entity/EntityType
[23Mar2025 15:21:27.126] [main/DEBUG] [net.minecraftforge.coremod.transformer.CoreModBaseTransformer/COREMOD]: Transforming net/minecraft/world/level/block/LiquidBlock
[23Mar2025 15:21:27.132] [main/DEBUG] [mixin/]: Preparing customvillagertrades.mixins.json (2)
[23Mar2025 15:21:27.136] [main/DEBUG] [mixin/]: Preparing flightlib.mixins.json (1)
[23Mar2025 15:21:27.146] [main/DEBUG] [mixin/]: Preparing villainoushordemanager.mixins.json (1)
[23Mar2025 15:21:27.147] [main/DEBUG] [mixin/]: Preparing villainoushordemanager.forge.mixins.json (0)
[23Mar2025 15:21:27.147] [main/DEBUG] [mixin/]: Preparing illageandspillage.mixins.json (3)
[23Mar2025 15:21:27.149] [main/DEBUG] [mixin/]: Preparing bettermineshafts.mixins.json (4)
[23Mar2025 15:21:27.154] [main/DEBUG] [mixin/]: Preparing bettermineshafts_forge.mixins.json (0)
[23Mar2025 15:21:27.154] [main/DEBUG] [mixin/]: Preparing playerrevive.mixins.json (5)
[23Mar2025 15:21:27.156] [main/DEBUG] [mixin/]: Preparing betterjungletemples.mixins.json (8)
[23Mar2025 15:21:27.161] [main/DEBUG] [mixin/]: Preparing betterjungletemples_forge.mixins.json (0)
[23Mar2025 15:21:27.161] [main/DEBUG] [mixin/]: Preparing mowziesmobs.mixins.json (1)
[23Mar2025 15:21:27.162] [main/DEBUG] [mixin/]: Preparing geckolib.mixins.json (1)
[23Mar2025 15:21:27.162] [main/DEBUG] [mixin/]: Preparing tameablebeasts.mixins.json (2)
[23Mar2025 15:21:27.162] [main/DEBUG] [mixin/]: Preparing trashslot.mixins.json (0)
[23Mar2025 15:21:27.162] [main/DEBUG] [mixin/]: Preparing lithostitched.mixins.json (18)
[23Mar2025 15:21:27.209] [main/DEBUG] [mixin/]: Preparing lithostitched.forge.mixins.json (2)
[23Mar2025 15:21:27.210] [main/DEBUG] [mixin/]: Preparing graveyard-common.mixins.json (11)
[23Mar2025 15:21:27.222] [main/DEBUG] [mixin/]: Preparing graveyard-forge.mixins.json (0)
[23Mar2025 15:21:27.222] [main/DEBUG] [mixin/]: Preparing goblintraders.common.mixins.json (5)
[23Mar2025 15:21:27.230] [main/DEBUG] [mixin/]: Preparing obscure_api.mixins.json (6)
[23Mar2025 15:21:27.232] [main/DEBUG] [mixin/]: Preparing waystones.mixins.json (3)
[23Mar2025 15:21:27.234] [main/DEBUG] [mixin/]: Preparing clumps.mixins.json (2)
[23Mar2025 15:21:27.237] [main/DEBUG] [mixin/]: Preparing integrated_api-common.mixins.json (30)
[23Mar2025 15:21:27.256] [main/DEBUG] [net.minecraftforge.coremod.transformer.CoreModBaseTransformer/COREMOD]: Transforming m_7373_ with desc (Lnet/minecraft/world/item/ItemStack;Lnet/minecraft/world/level/Level;Ljava/util/List;Lnet/minecraft/world/item/TooltipFlag;)V
[23Mar2025 15:21:27.276] [main/DEBUG] [mixin/]: Preparing integrated_api-forge.mixins.json (1)
[23Mar2025 15:21:27.277] [main/DEBUG] [mixin/]: Preparing mixins.artifacts.common.json (20)
[23Mar2025 15:21:27.285] [main/DEBUG] [net.minecraftforge.coremod.transformer.CoreModBaseTransformer/COREMOD]: Transforming net/minecraft/world/level/NaturalSpawner
[23Mar2025 15:21:27.349] [main/DEBUG] [mixin/]: Preparing mixins.artifacts.forge.json (3)
[23Mar2025 15:21:27.352] [main/DEBUG] [mixin/]: Preparing crackerslib.mixins.json (2)
[23Mar2025 15:21:27.358] [main/DEBUG] [mixin/]: Preparing knightlib.mixins.json (0)
[23Mar2025 15:21:27.358] [main/DEBUG] [mixin/]: Preparing knightlib.forge.mixins.json (0)
[23Mar2025 15:21:27.358] [main/DEBUG] [mixin/]: Preparing betterdeserttemples.mixins.json (9)
[23Mar2025 15:21:27.362] [main/DEBUG] [mixin/]: Preparing betterdeserttemples_forge.mixins.json (0)
[23Mar2025 15:21:27.362] [main/DEBUG] [mixin/]: Preparing watut.mixins.json (2)
[23Mar2025 15:21:27.362] [main/DEBUG] [mixin/]: Preparing emotecraft.mixins.json (3)
[23Mar2025 15:21:27.363] [main/DEBUG] [mixin/]: @Mixin target net/minecraft/server/level/ChunkMap$TrackedEntity is public in emotecraft.mixins.json:TrackedEntityAccessor and should be specified in value
[23Mar2025 15:21:27.364] [main/DEBUG] [mixin/]: Preparing emotecraft-arch.mixins.json (4)
[23Mar2025 15:21:27.365] [main/DEBUG] [net.minecraftforge.coremod.transformer.CoreModBaseTransformer/COREMOD]: Transforming m_8543_ with desc ()V
[23Mar2025 15:21:27.381] [main/DEBUG] [mixin/]: Preparing alexscaves.mixins.json (52)
[23Mar2025 15:21:27.425] [main/DEBUG] [net.minecraftforge.coremod.transformer.CoreModBaseTransformer/COREMOD]: Transforming net/minecraft/world/level/levelgen/structure/structures/SwampHutPiece
[23Mar2025 15:21:27.452] [main/DEBUG] [mixin/]: Preparing terrablender.mixins.json (7)
[23Mar2025 15:21:27.460] [main/DEBUG] [mixin/]: Preparing terrablender_forge.mixins.json (0)
[23Mar2025 15:21:27.460] [main/DEBUG] [mixin/]: Preparing moonlight-common.mixins.json (35)
[23Mar2025 15:21:27.496] [main/DEBUG] [mixin/]: Preparing moonlight.mixins.json (11)
[23Mar2025 15:21:27.507] [main/DEBUG] [mixin/]: Preparing mixinsquared.init.mixins.json (0)
[23Mar2025 15:21:27.507] [main/DEBUG] [mixin/]: Preparing jade.mixins.json (3)
[23Mar2025 15:21:27.507] [main/DEBUG] [mixin/]: Preparing knightquest.mixins.json (0)
[23Mar2025 15:21:27.507] [main/DEBUG] [mixin/]: Preparing knightquest.forge.mixins.json (0)
[23Mar2025 15:21:27.507] [main/DEBUG] [mixin/]: Preparing creativecore.mixins.json (8)
[23Mar2025 15:21:27.518] [main/DEBUG] [mixin/]: Preparing creativecore.forge.mixins.json (3)
[23Mar2025 15:21:27.519] [main/DEBUG] [mixin/]: Preparing ribbits.mixins.json (12)
[23Mar2025 15:21:27.523] [main/DEBUG] [mixin/]: Preparing ribbits_forge.mixins.json (1)
[23Mar2025 15:21:27.523] [main/DEBUG] [mixin/]: Preparing flywheel.backend.mixins.json (8)
[23Mar2025 15:21:27.523] [main/DEBUG] [mixin/]: Preparing flywheel.impl.mixins.json (15)
[23Mar2025 15:21:27.523] [main/DEBUG] [mixin/]: Preparing ponder.mixins.json (7)
[23Mar2025 15:21:27.524] [main/DEBUG] [mixin/]: Preparing polymorph.mixins.json (9)
[23Mar2025 15:21:27.531] [main/DEBUG] [mixin/]: Preparing polymorph-integrations.forge.mixins.json (2)
[23Mar2025 15:21:27.535] [main/DEBUG] [Polymorph/]: Loaded com.illusivesoulworks.polymorph.platform.ForgeIntegrationPlatform@9f1ca74 for service interface com.illusivesoulworks.polymorph.platform.services.IIntegrationPlatform
[23Mar2025 15:21:27.537] [main/DEBUG] [Polymorph/]: Loaded com.illusivesoulworks.polymorph.platform.ForgeClientPlatform@393ae7a0 for service interface com.illusivesoulworks.polymorph.platform.services.IClientPlatform
[23Mar2025 15:21:27.540] [main/DEBUG] [Polymorph/]: Loaded com.illusivesoulworks.polymorph.platform.ForgePlatform@4f7bb8df for service interface com.illusivesoulworks.polymorph.platform.services.IPlatform
[23Mar2025 15:21:27.546] [main/DEBUG] [mixin/]: Preparing securitycraft.mixins.json (19)
[23Mar2025 15:21:27.564] [main/DEBUG] [net.minecraftforge.coremod.transformer.CoreModBaseTransformer/COREMOD]: Transforming m_7626_ with desc (Lnet/minecraft/world/item/ItemStack;)Lnet/minecraft/network/chat/Component;
[23Mar2025 15:21:27.573] [main/DEBUG] [mixin/]: Preparing zeta.mixins.json (7)
[23Mar2025 15:21:27.579] [main/DEBUG] [net.minecraftforge.coremod.transformer.CoreModBaseTransformer/COREMOD]: Transforming m_226857_ with desc (Lnet/minecraft/world/level/levelgen/structure/pieces/StructurePieceSerializationContext;Lnet/minecraft/nbt/CompoundTag;J)Lnet/minecraft/world/level/levelgen/structure/StructureStart;
[23Mar2025 15:21:27.589] [main/DEBUG] [mixin/]: Preparing zeta_forge.mixins.json (9)
[23Mar2025 15:21:27.611] [main/DEBUG] [mixin/]: Preparing cannibal.mixin.json (6)
[23Mar2025 15:21:27.615] [main/DEBUG] [mixin/]: Preparing coroutil.mixins.json (0)
[23Mar2025 15:21:27.615] [main/DEBUG] [mixin/]: Preparing lootr.mixins.json (6)
[23Mar2025 15:21:27.622] [main/DEBUG] [mixin/]: Preparing quark.mixins.json (115)
[23Mar2025 15:21:27.697] [main/DEBUG] [mixin/]: Preparing quark_integrations.mixins.json (1)
[23Mar2025 15:21:27.703] [main/DEBUG] [mixin/]: Preparing supplementaries-common.mixins.json (78)
[23Mar2025 15:21:27.770] [main/DEBUG] [mixin/]: Preparing supplementaries.mixins.json (28)
[23Mar2025 15:21:27.782] [main/DEBUG] [mixin/]: @Mixin target net/minecraft/world/entity/npc/VillagerTrades$TreasureMapForEmeralds is public in supplementaries.mixins.json:TreasureMapForEmeraldsMixin and should be specified in value
[23Mar2025 15:21:27.794] [main/DEBUG] [mixin/]: Preparing expandability.mixins.json (4)
[23Mar2025 15:21:27.794] [main/DEBUG] [mixin/]: Preparing expandability-common.mixins.json (9)
[23Mar2025 15:21:27.798] [main/DEBUG] [mixin/]: Preparing aquamirae.mixins.json (0)
[23Mar2025 15:21:27.798] [main/DEBUG] [mixin/]: Preparing cristellib-common.mixins.json (1)
[23Mar2025 15:21:27.801] [main/DEBUG] [mixin/]: Preparing cristellib.mixins.json (0)
[23Mar2025 15:21:27.801] [main/DEBUG] [mixin/]: Preparing adastra-common.mixins.json (39)
[23Mar2025 15:21:27.812] [main/DEBUG] [mixin/]: @Mixin target net/minecraft/server/level/ServerLevel$EntityCallbacks is public in adastra-common.mixins.json:common.multipart.ServerLevelEntityCallbacksMixin and should be specified in value
[23Mar2025 15:21:27.812] [main/DEBUG] [mixin/]: Preparing adastra.mixins.json (5)
[23Mar2025 15:21:27.818] [main/DEBUG] [mixin/]: Preparing ad_astra_giselle_addon.mixin.common.json (3)
[23Mar2025 15:21:27.821] [main/DEBUG] [mixin/]: Preparing ad_astra_giselle_addon.mixin.client.json (1)
[23Mar2025 15:21:27.821] [main/DEBUG] [mixin/]: Preparing ad_astra_giselle_addon.mixin.forge.common.json (2)
[23Mar2025 15:21:27.825] [main/WARN] [mixin/]: Error loading class: me/desht/pneumaticcraft/common/upgrades/PNCUpgradeImpl (java.lang.ClassNotFoundException: me.desht.pneumaticcraft.common.upgrades.PNCUpgradeImpl)
[23Mar2025 15:21:27.825] [main/WARN] [mixin/]: @Mixin target me.desht.pneumaticcraft.common.upgrades.PNCUpgradeImpl was not found ad_astra_giselle_addon.mixin.forge.common.json:pneumaticcraft.PNCUpgradeImplInject
[23Mar2025 15:21:27.826] [main/DEBUG] [mixin/]: Preparing ad_astra_giselle_addon.mixin.forge.client.json (1)
[23Mar2025 15:21:27.826] [main/DEBUG] [mixin/]: Preparing create.mixins.json (47)
[23Mar2025 15:21:27.844] [main/DEBUG] [net.minecraftforge.coremod.transformer.CoreModBaseTransformer/COREMOD]: Transforming net/minecraft/world/effect/MobEffectInstance
[23Mar2025 15:21:28.022] [main/DEBUG] [mixin/]: Inner class net/mehvahdjukaar/supplementaries/mixins/forge/self/SelfFlammableFluidBlockMixin$1 in net/mehvahdjukaar/supplementaries/mixins/forge/self/SelfFlammableFluidBlockMixin on net/mehvahdjukaar/supplementaries/common/fluids/FlammableLiquidBlock gets unique name net/mehvahdjukaar/supplementaries/common/fluids/FlammableLiquidBlock$Anonymous$bc3a2d773a61452e93c5025fb280d797
[23Mar2025 15:21:28.037] [main/DEBUG] [mixin/]: Inner class earth/terrarium/adastra/mixins/forge/common/CustomDyeableArmorItemMixin$1 in earth/terrarium/adastra/mixins/forge/common/CustomDyeableArmorItemMixin on earth/terrarium/adastra/common/items/armor/base/CustomDyeableArmorItem gets unique name earth/terrarium/adastra/common/items/armor/base/CustomDyeableArmorItem$Anonymous$e71c308674ec4d4a9e0bd6e70e085c71
[23Mar2025 15:21:28.038] [main/DEBUG] [mixin/]: Inner class earth/terrarium/adastra/mixins/forge/common/RenderedItemMixin$1 in earth/terrarium/adastra/mixins/forge/common/RenderedItemMixin on earth/terrarium/adastra/common/items/rendered/RenderedItem gets unique name earth/terrarium/adastra/common/items/rendered/RenderedItem$Anonymous$9e1cbce60ade487f9312442d631c97c3
[23Mar2025 15:21:28.038] [main/DEBUG] [mixin/]: Inner class earth/terrarium/adastra/mixins/forge/common/RenderedItemMixin$1 in earth/terrarium/adastra/mixins/forge/common/RenderedItemMixin on earth/terrarium/adastra/common/items/rendered/RenderedBlockItem gets unique name earth/terrarium/adastra/common/items/rendered/RenderedBlockItem$Anonymous$ca2bcd2c24cf4dde8929723dd8571327
[23Mar2025 15:21:28.038] [main/DEBUG] [mixin/]: Inner class earth/terrarium/adastra/mixins/forge/common/RenderedItemMixin$1 in earth/terrarium/adastra/mixins/forge/common/RenderedItemMixin on earth/terrarium/adastra/common/items/rendered/TooltipRenderedBlockItem gets unique name earth/terrarium/adastra/common/items/rendered/TooltipRenderedBlockItem$Anonymous$22f9f9403f0e4fe8964e8e9df406988b
[23Mar2025 15:21:28.047] [main/DEBUG] [mixin/]: Prepared 641 mixins in 2.774 sec (4.3ms avg) (0ms load, 0ms transform, 0ms plugin)
[23Mar2025 15:21:28.066] [main/INFO] [MixinExtras|Service/]: Initializing MixinExtras via com.llamalad7.mixinextras.service.MixinExtrasServiceImpl(version=0.4.1).
[23Mar2025 15:21:28.067] [main/DEBUG] [mixin/]: Registering new injector for @SugarWrapper with com.llamalad7.mixinextras.sugar.impl.SugarWrapperInjectionInfo
[23Mar2025 15:21:28.068] [main/DEBUG] [mixin/]: Registering new injector for @FactoryRedirectWrapper with com.llamalad7.mixinextras.wrapper.factory.FactoryRedirectWrapperInjectionInfo
[23Mar2025 15:21:28.073] [main/DEBUG] [mixin/]: Mixing MinecraftServerMixin from citadel.mixins.json into net.minecraft.server.MinecraftServer
[23Mar2025 15:21:28.087] [main/DEBUG] [mixin/]: Mixing MinecraftServerMixin from balm.mixins.json into net.minecraft.server.MinecraftServer
[23Mar2025 15:21:28.087] [main/DEBUG] [mixin/]: Renaming synthetic method lambda$reloadResources$0(Ljava/lang/Void;)V to mdea3d73$lambda$reloadResources$0$0 in balm.mixins.json:MinecraftServerMixin
[23Mar2025 15:21:28.169] [main/DEBUG] [mixin/]: Mixing common.GameTestServerMixin from lithostitched.mixins.json into net.minecraft.gametest.framework.GameTestServer
[23Mar2025 15:21:28.175] [main/DEBUG] [mixin/]: Mixing server.DedicatedServerMixin from lithostitched.mixins.json into net.minecraft.server.dedicated.DedicatedServer
[23Mar2025 15:21:28.176] [main/DEBUG] [mixin/]: Mixing DedicatedServerMixin from tombstone.mixins.json into net.minecraft.server.dedicated.DedicatedServer
[23Mar2025 15:21:28.202] [main/DEBUG] [io.netty.util.internal.logging.InternalLoggerFactory/]: Using SLF4J as the default logging framework
[23Mar2025 15:21:28.204] [main/DEBUG] [io.netty.util.ResourceLeakDetector/]: -Dio.netty.leakDetection.level: simple
[23Mar2025 15:21:28.204] [main/DEBUG] [io.netty.util.ResourceLeakDetector/]: -Dio.netty.leakDetection.targetRecords: 4
[23Mar2025 15:21:28.335] [main/DEBUG] [mixin/]: Mixing accessor.SystemReportAccessor from create.mixins.json into net.minecraft.SystemReport
[23Mar2025 15:21:28.335] [main/DEBUG] [mixin/]: Renaming @Accessor method getOPERATING_SYSTEM()Ljava/lang/String; to getOPERATING_SYSTEM_$md$ea3d73$0 in create.mixins.json:accessor.SystemReportAccessor
[23Mar2025 15:21:28.339] [main/DEBUG] [mixin/]: Renaming @Accessor method getJAVA_VERSION()Ljava/lang/String; to getJAVA_VERSION_$md$ea3d73$1 in create.mixins.json:accessor.SystemReportAccessor
[23Mar2025 15:21:28.370] [main/DEBUG] [oshi.util.FileUtil/]: No oshi.properties file found from ClassLoader cpw.mods.modlauncher.TransformingClassLoader@501957bf
[23Mar2025 15:21:28.370] [main/DEBUG] [oshi.util.FileUtil/]: No oshi.properties file found from ClassLoader jdk.internal.loader.ClassLoaders$AppClassLoader@76ed5528
[23Mar2025 15:21:28.473] [main/DEBUG] [oshi.util.FileUtil/]: Reading file /proc/self/auxv
[23Mar2025 15:21:28.474] [main/DEBUG] [oshi.util.FileUtil/]: Reading file /proc/self/auxv
[23Mar2025 15:21:28.479] [main/DEBUG] [oshi.util.FileUtil/]: Reading file /proc/stat
[23Mar2025 15:21:28.486] [main/DEBUG] [oshi.util.FileUtil/]: Reading file /sys/devices/system/cpu/cpu0/topology/core_id
[23Mar2025 15:21:28.486] [main/DEBUG] [oshi.util.FileUtil/]: Reading file /sys/devices/system/cpu/cpu0/topology/core_id
[23Mar2025 15:21:28.486] [main/DEBUG] [oshi.util.FileUtil/]: Reading file /sys/devices/system/cpu/cpu0/topology/physical_package_id
[23Mar2025 15:21:28.486] [main/DEBUG] [oshi.util.FileUtil/]: Reading file /sys/devices/system/cpu/cpu0/topology/physical_package_id
[23Mar2025 15:21:28.486] [main/DEBUG] [oshi.util.FileUtil/]: Reading file /sys/devices/system/cpu/cpu0/cpu_capacity
[23Mar2025 15:21:28.487] [main/DEBUG] [oshi.util.FileUtil/]: Reading file /sys/devices/system/cpu/cpu1/topology/core_id
[23Mar2025 15:21:28.487] [main/DEBUG] [oshi.util.FileUtil/]: Reading file /sys/devices/system/cpu/cpu1/topology/core_id
[23Mar2025 15:21:28.488] [main/DEBUG] [oshi.util.FileUtil/]: Reading file /sys/devices/system/cpu/cpu1/topology/physical_package_id
[23Mar2025 15:21:28.488] [main/DEBUG] [oshi.util.FileUtil/]: Reading file /sys/devices/system/cpu/cpu1/topology/physical_package_id
[23Mar2025 15:21:28.488] [main/DEBUG] [oshi.util.FileUtil/]: Reading file /sys/devices/system/cpu/cpu1/cpu_capacity
[23Mar2025 15:21:28.488] [main/DEBUG] [oshi.util.FileUtil/]: Reading file /sys/devices/system/cpu/cpu2/topology/core_id
[23Mar2025 15:21:28.488] [main/DEBUG] [oshi.util.FileUtil/]: Reading file /sys/devices/system/cpu/cpu2/topology/core_id
[23Mar2025 15:21:28.488] [main/DEBUG] [oshi.util.FileUtil/]: Reading file /sys/devices/system/cpu/cpu2/topology/physical_package_id
[23Mar2025 15:21:28.488] [main/DEBUG] [oshi.util.FileUtil/]: Reading file /sys/devices/system/cpu/cpu2/topology/physical_package_id
[23Mar2025 15:21:28.488] [main/DEBUG] [oshi.util.FileUtil/]: Reading file /sys/devices/system/cpu/cpu2/cpu_capacity
[23Mar2025 15:21:28.489] [main/DEBUG] [oshi.util.FileUtil/]: Reading file /sys/devices/system/cpu/cpu3/topology/core_id
[23Mar2025 15:21:28.489] [main/DEBUG] [oshi.util.FileUtil/]: Reading file /sys/devices/system/cpu/cpu3/topology/core_id
[23Mar2025 15:21:28.489] [main/DEBUG] [oshi.util.FileUtil/]: Reading file /sys/devices/system/cpu/cpu3/topology/physical_package_id
[23Mar2025 15:21:28.489] [main/DEBUG] [oshi.util.FileUtil/]: Reading file /sys/devices/system/cpu/cpu3/topology/physical_package_id
[23Mar2025 15:21:28.489] [main/DEBUG] [oshi.util.FileUtil/]: Reading file /sys/devices/system/cpu/cpu3/cpu_capacity
[23Mar2025 15:21:28.491] [main/DEBUG] [oshi.util.FileUtil/]: Reading file /proc/cpuinfo
[23Mar2025 15:21:28.501] [main/DEBUG] [oshi.util.FileUtil/]: Reading file /proc/self/auxv
[23Mar2025 15:21:28.503] [main/DEBUG] [oshi.util.FileUtil/]: No oshi.architecture.properties file found from ClassLoader cpw.mods.modlauncher.TransformingClassLoader@501957bf
[23Mar2025 15:21:28.503] [main/DEBUG] [oshi.util.FileUtil/]: No oshi.architecture.properties file found from ClassLoader jdk.internal.loader.ClassLoaders$AppClassLoader@76ed5528
[23Mar2025 15:21:28.516] [main/DEBUG] [oshi.util.FileUtil/]: Reading file /proc/meminfo
[23Mar2025 15:21:28.516] [main/DEBUG] [oshi.util.FileUtil/]: Reading file /proc/meminfo
[23Mar2025 15:21:28.519] [main/DEBUG] [mixin/]: Mixing SuppressLogMixin from bettermineshafts.mixins.json into net.minecraft.Util
[23Mar2025 15:21:28.575] [main/DEBUG] [mixin/]: Mixing MixinBuiltInRegistries from terrablender.mixins.json into net.minecraft.core.registries.BuiltInRegistries
[23Mar2025 15:21:28.575] [main/DEBUG] [mixin/]: Renaming synthetic method lambda$registerSimple$0(Lnet/minecraft/core/registries/BuiltInRegistries$RegistryBootstrap;Lnet/minecraft/core/Registry;)Ljava/lang/Object; to mdea3d73$lambda$registerSimple$0$0 in terrablender.mixins.json:MixinBuiltInRegistries
[23Mar2025 15:21:28.583] [main/DEBUG] [mixin/]: Mixing BuiltInRegistriesMixin from create.mixins.json into net.minecraft.core.registries.BuiltInRegistries
[23Mar2025 15:21:28.583] [main/DEBUG] [mixin/]: Renaming synthetic method lambda$create$ourRegistriesAreNotEmpty$0(Ljava/util/function/Consumer;Lnet/minecraft/core/Registry;)V to mdea3d73$lambda$create$ourRegistriesAreNotEmpty$0$1 in create.mixins.json:BuiltInRegistriesMixin
[23Mar2025 15:21:28.586] [main/DEBUG] [mixin/]: Mixing accessor.BuiltInRegistriesAccessor from create.mixins.json into net.minecraft.core.registries.BuiltInRegistries
[23Mar2025 15:21:28.586] [main/DEBUG] [mixin/]: Renaming @Accessor method create$getWRITABLE_REGISTRY()Lnet/minecraft/core/WritableRegistry; to create$getWRITABLE_REGISTRY_$md$ea3d73$2 in create.mixins.json:accessor.BuiltInRegistriesAccessor
[23Mar2025 15:21:28.613] [main/DEBUG] [mixin/]: Mixing common.MappedRegistryAccessor from lithostitched.mixins.json into net.minecraft.core.MappedRegistry
[23Mar2025 15:21:28.656] [main/DEBUG] [mixin/]: Mixing inject.MixinGameEvent from architectury-common.mixins.json into net.minecraft.world.level.gameevent.GameEvent
[23Mar2025 15:21:28.663] [main/DEBUG] [mixin/]: Mixing common.HolderReferenceAccessor from lithostitched.mixins.json into net.minecraft.core.Holder$Reference
[23Mar2025 15:21:28.669] [main/DEBUG] [mixin/]: Mixing GameDataMixin from supermartijn642corelib.mixins.json into net.minecraftforge.registries.GameData
[23Mar2025 15:21:28.710] [main/DEBUG] [mixin/]: Mixing BlockMixin from indestructible_blocks-common.mixins.json into net.minecraft.world.level.block.Block
[23Mar2025 15:21:28.713] [main/DEBUG] [mixin/]: Mixing inject.MixinBlock from architectury-common.mixins.json into net.minecraft.world.level.block.Block
[23Mar2025 15:21:28.728] [main/DEBUG] [mixin/]: Mixing BlockBehaviourMixin from quark.mixins.json into net.minecraft.world.level.block.state.BlockBehaviour
[23Mar2025 15:21:28.734] [main/DEBUG] [mixin/]: Mixing fluidcollision.BlockStateBaseMixin from expandability-common.mixins.json into net.minecraft.world.level.block.state.BlockBehaviour$BlockStateBase
[23Mar2025 15:21:28.748] [main/DEBUG] [mixin/]: Mixing accessor.StateHolderAccessor from create.mixins.json into net.minecraft.world.level.block.state.StateHolder
[23Mar2025 15:21:28.768] [main/DEBUG] [mixin/]: Mixing EntityChopSettingsMixin from treechop.mixins.json into net.minecraft.world.entity.Entity
[23Mar2025 15:21:28.773] [main/DEBUG] [mixin/]: Mixing EntityMixin from balm.mixins.json into net.minecraft.world.entity.Entity
[23Mar2025 15:21:28.775] [main/DEBUG] [mixin/]: Mixing EntityMixin from carryon.mixins.json into net.minecraft.world.entity.Entity
[23Mar2025 15:21:28.788] [main/DEBUG] [mixin/]: Mixing EntityMixin from lionfishapi.mixins.json into net.minecraft.world.entity.Entity
[23Mar2025 15:21:28.802] [main/DEBUG] [mixin/]: Mixing AccessorEntity from curios.mixins.json into net.minecraft.world.entity.Entity
[23Mar2025 15:21:28.803] [main/DEBUG] [mixin/]: Mixing EntityMixin from tombstone.mixins.json into net.minecraft.world.entity.Entity
[23Mar2025 15:21:28.807] [main/DEBUG] [mixin/]: Mixing EntityMixin from rootoffear.mixins.json into net.minecraft.world.entity.Entity
[23Mar2025 15:21:28.834] [main/DEBUG] [mixin/]: Mixing item.umbrella.EntityMixin from mixins.artifacts.common.json into net.minecraft.world.entity.Entity
[23Mar2025 15:21:28.836] [main/DEBUG] [mixin/]: Mixing item.wearable.aquadashers.EntityMixin from mixins.artifacts.common.json into net.minecraft.world.entity.Entity
[23Mar2025 15:21:28.849] [main/DEBUG] [mixin/]: Mixing EntityMixin from alexscaves.mixins.json into net.minecraft.world.entity.Entity
[23Mar2025 15:21:28.899] [main/DEBUG] [mixin/]: Mixing accessor.EntityAccessor from ponder.mixins.json into net.minecraft.world.entity.Entity
[23Mar2025 15:21:28.900] [main/DEBUG] [mixin/]: Mixing EntityMixin from quark.mixins.json into net.minecraft.world.entity.Entity
[23Mar2025 15:21:28.903] [main/DEBUG] [mixin/]: Mixing EntityMixin from supplementaries-common.mixins.json into net.minecraft.world.entity.Entity
[23Mar2025 15:21:28.906] [main/DEBUG] [mixin/]: Mixing swimming.EntityMixin from expandability.mixins.json into net.minecraft.world.entity.Entity
[23Mar2025 15:21:28.911] [main/DEBUG] [mixin/]: Mixing swimming.EntityMixin from expandability-common.mixins.json into net.minecraft.world.entity.Entity
[23Mar2025 15:21:28.930] [main/DEBUG] [mixin/]: Mixing common.EntityBelowWorldMixin from adastra-common.mixins.json into net.minecraft.world.entity.Entity
[23Mar2025 15:21:28.930] [main/DEBUG] [mixin/]: Renaming synthetic method lambda$adastra$onBelowWorld$0(Lnet/minecraft/server/level/ServerLevel;Lnet/minecraft/world/entity/Entity;Lorg/spongepowered/asm/mixin/injection/callback/CallbackInfo;Lnet/minecraft/resources/ResourceKey;)V to mdea3d73$lambda$adastra$onBelowWorld$0$0 in adastra-common.mixins.json:common.EntityBelowWorldMixin
[23Mar2025 15:21:28.938] [main/DEBUG] [mixin/]: Mixing minecraft.EntityMixin from ad_astra_giselle_addon.mixin.common.json into net.minecraft.world.entity.Entity
[23Mar2025 15:21:28.956] [main/DEBUG] [mixin/]: Mixing EntityMixin from create.mixins.json into net.minecraft.world.entity.Entity
[23Mar2025 15:21:29.130] [main/DEBUG] [mixin/]: Mixing LivingEntityMixin from citadel.mixins.json into net.minecraft.world.entity.LivingEntity
[23Mar2025 15:21:29.134] [main/DEBUG] [mixin/]: Mixing LivingEntityMixin from cataclysm.mixins.json into net.minecraft.world.entity.LivingEntity
[23Mar2025 15:21:29.135] [main/DEBUG] [mixin/]: Mixing MixinLivingEntity from curios.mixins.json into net.minecraft.world.entity.LivingEntity
[23Mar2025 15:21:29.136] [main/DEBUG] [mixin/]: Mixing MixinLivingEntity from witherstormmod.mixins.json into net.minecraft.world.entity.LivingEntity
[23Mar2025 15:21:29.138] [main/DEBUG] [mixin/]: Renaming synthetic method lambda$witherstormmod$preventDrops_dropAllDeathLoot$0(Lorg/apache/commons/lang3/mutable/MutableBoolean;Lnet/minecraft/world/phys/Vec3;)V to mdea3d73$lambda$witherstormmod$preventDrops_dropAllDeathLoot$0$0 in witherstormmod.mixins.json:MixinLivingEntity
[23Mar2025 15:21:29.152] [main/DEBUG] [mixin/]: Mixing MixinLivingEntityAccessor from witherstormmod.mixins.json into net.minecraft.world.entity.LivingEntity
[23Mar2025 15:21:29.153] [main/DEBUG] [mixin/]: Mixing LivingEntityMixin from tombstone.mixins.json into net.minecraft.world.entity.LivingEntity
[23Mar2025 15:21:29.153] [main/DEBUG] [mixin/]: Mixing LivingEntityMixin from illageandspillage.mixins.json into net.minecraft.world.entity.LivingEntity
[23Mar2025 15:21:29.154] [main/DEBUG] [mixin/]: illageandspillage.mixins.json:LivingEntityMixin: Class version 61 required is higher than the class version supported by the current version of Mixin (JAVA_16 supports class version 60)
[23Mar2025 15:21:29.168] [main/DEBUG] [mixin/]: Mixing accessors.LivingEntityAccessor from mixins.artifacts.common.json into net.minecraft.world.entity.LivingEntity
[23Mar2025 15:21:29.168] [main/DEBUG] [mixin/]: Mixing item.hurtsound.LivingEntityMixin from mixins.artifacts.common.json into net.minecraft.world.entity.LivingEntity
[23Mar2025 15:21:29.169] [main/DEBUG] [mixin/]: Mixing item.wearable.chorustotem.LivingEntityMixin from mixins.artifacts.common.json into net.minecraft.world.entity.LivingEntity
[23Mar2025 15:21:29.182] [main/DEBUG] [mixin/]: Mixing item.wearable.snowshoes.LivingEntityMixin from mixins.artifacts.forge.json into net.minecraft.world.entity.LivingEntity
[23Mar2025 15:21:29.184] [main/DEBUG] [mixin/]: Mixing PharaohKilledMixin from betterdeserttemples.mixins.json into net.minecraft.world.entity.LivingEntity
[23Mar2025 15:21:29.185] [main/DEBUG] [mixin/]: Renaming synthetic method lambda$betterdeserttemples_pharaohDie$0(Lnet/minecraft/server/level/ServerLevel;Lnet/minecraft/server/level/ServerPlayer;)V to mdea3d73$lambda$betterdeserttemples_pharaohDie$0$1 in betterdeserttemples.mixins.json:PharaohKilledMixin
[23Mar2025 15:21:29.203] [main/DEBUG] [mixin/]: Mixing LivingEntityMixin from alexscaves.mixins.json into net.minecraft.world.entity.LivingEntity
[23Mar2025 15:21:29.215] [main/DEBUG] [mixin/]: Mixing accessor.AccessorLivingEntity from quark.mixins.json into net.minecraft.world.entity.LivingEntity
[23Mar2025 15:21:29.215] [main/DEBUG] [mixin/]: Mixing LivingEntityAccessor from supplementaries-common.mixins.json into net.minecraft.world.entity.LivingEntity
[23Mar2025 15:21:29.215] [main/DEBUG] [mixin/]: Mixing LivingEntityMixin from supplementaries-common.mixins.json into net.minecraft.world.entity.LivingEntity
[23Mar2025 15:21:29.227] [main/DEBUG] [mixin/]: Mixing LivingEntityMixin from supplementaries.mixins.json into net.minecraft.world.entity.LivingEntity
[23Mar2025 15:21:29.230] [main/DEBUG] [mixin/]: Mixing swimming.LivingEntityMixin from expandability.mixins.json into net.minecraft.world.entity.LivingEntity
[23Mar2025 15:21:29.232] [main/DEBUG] [mixin/]: Mixing swimming.LivingEntityMixin from expandability-common.mixins.json into net.minecraft.world.entity.LivingEntity
[23Mar2025 15:21:29.234] [main/DEBUG] [mixin/]: Mixing common.EntityBelowWorldMixin from adastra-common.mixins.json into net.minecraft.world.entity.LivingEntity
[23Mar2025 15:21:29.237] [main/DEBUG] [mixin/]: Mixing common.LivingEntityAccessor from adastra-common.mixins.json into net.minecraft.world.entity.LivingEntity
[23Mar2025 15:21:29.237] [main/DEBUG] [mixin/]: Mixing common.LivingEntityMixin from adastra-common.mixins.json into net.minecraft.world.entity.LivingEntity
[23Mar2025 15:21:29.268] [main/DEBUG] [mixin/]: Mixing common.radio.LivingEntityMixin from adastra-common.mixins.json into net.minecraft.world.entity.LivingEntity
[23Mar2025 15:21:29.271] [main/DEBUG] [mixin/]: Mixing minecraft.LivingEntityMixin from ad_astra_giselle_addon.mixin.common.json into net.minecraft.world.entity.LivingEntity
[23Mar2025 15:21:29.277] [main/DEBUG] [mixin/]: Mixing CustomItemUseEffectsMixin from create.mixins.json into net.minecraft.world.entity.LivingEntity
[23Mar2025 15:21:29.282] [main/DEBUG] [mixin/]: Mixing LavaSwimmingMixin from create.mixins.json into net.minecraft.world.entity.LivingEntity
[23Mar2025 15:21:29.288] [main/DEBUG] [mixin/]: Mixing accessor.LivingEntityAccessor from create.mixins.json into net.minecraft.world.entity.LivingEntity
[23Mar2025 15:21:29.288] [main/DEBUG] [mixin/]: Mixing LivingEntityMixin from obscure_api.mixins.json into net.minecraft.world.entity.LivingEntity
[23Mar2025 15:21:29.486] [main/DEBUG] [net.minecraftforge.coremod.transformer.CoreModBaseTransformer/COREMOD]: Transforming m_46758_ with desc (Lnet/minecraft/core/BlockPos;)Z
[23Mar2025 15:21:29.497] [main/DEBUG] [net.minecraftforge.coremod.transformer.CoreModBaseTransformer/COREMOD]: Transforming m_41435_ with desc (Lnet/minecraft/world/level/Level;Lnet/minecraft/world/entity/player/Player;Lnet/minecraft/world/level/ClipContext$Fluid;)Lnet/minecraft/world/phys/BlockHitResult;
[23Mar2025 15:21:29.527] [main/DEBUG] [net.minecraftforge.coremod.transformer.CoreModBaseTransformer/COREMOD]: Transforming m_46758_ with desc (Lnet/minecraft/core/BlockPos;)Z
[23Mar2025 15:21:29.530] [main/DEBUG] [mixin/]: Mixing LevelMixin from citadel.mixins.json into net.minecraft.world.level.Level
[23Mar2025 15:21:29.533] [main/DEBUG] [mixin/]: Mixing LevelMixin from rootoffear.mixins.json into net.minecraft.world.level.Level
[23Mar2025 15:21:29.539] [main/DEBUG] [mixin/]: Mixing common.multipart.LevelMixin from adastra.mixins.json into net.minecraft.world.level.Level
[23Mar2025 15:21:29.571] [main/DEBUG] [mixin/]: Mixing ServerLevelMixin from citadel.mixins.json into net.minecraft.server.level.ServerLevel
[23Mar2025 15:21:29.572] [main/DEBUG] [mixin/]: Mixing ServerLevelAccessor from rootoffear.mixins.json into net.minecraft.server.level.ServerLevel
[23Mar2025 15:21:29.572] [main/DEBUG] [mixin/]: Mixing ServerLevelMixin from betterdeserttemples.mixins.json into net.minecraft.server.level.ServerLevel
[23Mar2025 15:21:29.574] [main/DEBUG] [mixin/]: Mixing ServerLevelMixin from moonlight-common.mixins.json into net.minecraft.server.level.ServerLevel
[23Mar2025 15:21:29.579] [main/DEBUG] [mixin/]: Mixing ServerLevelMixin from supplementaries-common.mixins.json into net.minecraft.server.level.ServerLevel
[23Mar2025 15:21:29.580] [main/DEBUG] [mixin/]: Discarding sythetic bridge method synthetic in m_6325_ because existing method in supplementaries-common.mixins.json:ServerLevelMixin is compatible
[23Mar2025 15:21:29.580] [main/DEBUG] [mixin/]: Renaming synthetic method lambda$unluckyLightning$0(Lnet/minecraft/world/entity/LivingEntity;)Z to mdea3d73$lambda$unluckyLightning$0$0 in supplementaries-common.mixins.json:ServerLevelMixin
[23Mar2025 15:21:29.587] [main/DEBUG] [mixin/]: Mixing common.ServerLevelMixin from adastra-common.mixins.json into net.minecraft.server.level.ServerLevel
[23Mar2025 15:21:29.588] [main/DEBUG] [mixin/]: Renaming synthetic method lambda$adastra$tick$0(JLnet/minecraft/server/level/ServerLevel;)V to mdea3d73$lambda$adastra$tick$0$1 in adastra-common.mixins.json:common.ServerLevelMixin
[23Mar2025 15:21:29.595] [main/DEBUG] [mixin/]: Mixing common.multipart.ServerLevelMixin from adastra-common.mixins.json into net.minecraft.server.level.ServerLevel
[23Mar2025 15:21:29.596] [main/DEBUG] [mixin/]: Mixing accessor.ServerLevelAccessor from create.mixins.json into net.minecraft.server.level.ServerLevel
[23Mar2025 15:21:29.648] [main/DEBUG] [mixin/]: Mixing MixinItemEntity from witherstormmod.mixins.json into net.minecraft.world.entity.item.ItemEntity
[23Mar2025 15:21:29.650] [main/DEBUG] [mixin/]: Mixing ItemMixin from cataclysm.mixins.json into net.minecraft.world.entity.item.ItemEntity
[23Mar2025 15:21:29.652] [main/DEBUG] [mixin/]: Mixing common.gravity.GravityEntityMixin from adastra-common.mixins.json into net.minecraft.world.entity.item.ItemEntity
[23Mar2025 15:21:29.666] [main/DEBUG] [mixin/]: Mixing PlayerMixin from carryon.mixins.json into net.minecraft.world.entity.player.Player
[23Mar2025 15:21:29.668] [main/DEBUG] [mixin/]: Mixing MixinPlayer from paraglider.mixins.json into net.minecraft.world.entity.player.Player
[23Mar2025 15:21:29.670] [main/DEBUG] [mixin/]: Mixing MixinPlayer from witherstormmod.mixins.json into net.minecraft.world.entity.player.Player
[23Mar2025 15:21:29.674] [main/DEBUG] [mixin/]: Mixing PlayerMixin from playerrevive.mixins.json into net.minecraft.world.entity.player.Player
[23Mar2025 15:21:29.679] [main/DEBUG] [mixin/]: Mixing ServerPlayerMixin from emotecraft-arch.mixins.json into net.minecraft.world.entity.player.Player
[23Mar2025 15:21:29.679] [main/DEBUG] [mixin/]: emotecraft-arch.mixins.json:ServerPlayerMixin: Class version 61 required is higher than the class version supported by the current version of Mixin (JAVA_16 supports class version 60)
[23Mar2025 15:21:29.682] [main/DEBUG] [mixin/]: Mixing PlayerMixin from alexscaves.mixins.json into net.minecraft.world.entity.player.Player
[23Mar2025 15:21:29.689] [main/DEBUG] [mixin/]: Mixing PlayerMixin from supplementaries-common.mixins.json into net.minecraft.world.entity.player.Player
[23Mar2025 15:21:29.690] [main/DEBUG] [mixin/]: Mixing PlayerProjectileMixin from supplementaries.mixins.json into net.minecraft.world.entity.player.Player
[23Mar2025 15:21:29.692] [main/DEBUG] [mixin/]: Mixing swimming.PlayerMixin from expandability-common.mixins.json into net.minecraft.world.entity.player.Player
[23Mar2025 15:21:29.694] [main/DEBUG] [mixin/]: Mixing common.PlayerMixin from adastra-common.mixins.json into net.minecraft.world.entity.player.Player
[23Mar2025 15:21:29.702] [main/DEBUG] [mixin/]: Mixing PlayerMixin from create.mixins.json into net.minecraft.world.entity.player.Player
[23Mar2025 15:21:29.790] [main/DEBUG] [mixin/]: Mixing inject.MixinFluid from architectury-common.mixins.json into net.minecraft.world.level.material.Fluid
[23Mar2025 15:21:29.794] [main/DEBUG] [net.minecraftforge.coremod.transformer.CoreModBaseTransformer/COREMOD]: Transforming m_41435_ with desc (Lnet/minecraft/world/level/Level;Lnet/minecraft/world/entity/player/Player;Lnet/minecraft/world/level/ClipContext$Fluid;)Lnet/minecraft/world/phys/BlockHitResult;
[23Mar2025 15:21:29.794] [main/DEBUG] [mixin/]: Mixing ItemMixin from tombstone.mixins.json into net.minecraft.world.item.Item
[23Mar2025 15:21:29.794] [main/DEBUG] [mixin/]: Renaming synthetic method lambda$methodIsFoil$1(Lnet/minecraft/world/item/ItemStack;Lovh/corail/tombstone/api/capability/ISoulConsumer;)Ljava/lang/Boolean; to mdea3d73$lambda$methodIsFoil$1$0 in tombstone.mixins.json:ItemMixin
[23Mar2025 15:21:29.795] [main/DEBUG] [mixin/]: Renaming synthetic method lambda$methodGetName$0(Lnet/minecraft/world/item/ItemStack;Lovh/corail/tombstone/api/capability/ISoulConsumer;)Ljava/lang/Boolean; to mdea3d73$lambda$methodGetName$0$1 in tombstone.mixins.json:ItemMixin
[23Mar2025 15:21:29.800] [main/DEBUG] [mixin/]: Mixing inject.MixinItem from architectury-common.mixins.json into net.minecraft.world.item.Item
[23Mar2025 15:21:29.802] [main/DEBUG] [mixin/]: Mixing ItemMixin from moonlight-common.mixins.json into net.minecraft.world.item.Item
[23Mar2025 15:21:29.805] [main/DEBUG] [mixin/]: Mixing ItemMixin from cannibal.mixin.json into net.minecraft.world.item.Item
[23Mar2025 15:21:29.806] [main/DEBUG] [mixin/]: Mixing ItemMixin from quark.mixins.json into net.minecraft.world.item.Item
[23Mar2025 15:21:29.825] [main/DEBUG] [mixin/]: Mixing IForgeItemMixin from quark.mixins.json into net.minecraftforge.common.extensions.IForgeItem
[23Mar2025 15:21:29.834] [main/DEBUG] [net.minecraftforge.coremod.transformer.CoreModBaseTransformer/COREMOD]: Transforming net/minecraft/world/entity/EntityType
[23Mar2025 15:21:29.884] [main/DEBUG] [mixin/]: Mixing inject.MixinEntityType from architectury-common.mixins.json into net.minecraft.world.entity.EntityType
[23Mar2025 15:21:29.897] [main/DEBUG] [mixin/]: Mixing MixinMobEffect from witherstormmod.mixins.json into net.minecraft.world.effect.MobEffect
[23Mar2025 15:21:29.906] [main/DEBUG] [mixin/]: Mixing EnchantmentMixin from goblintraders.common.mixins.json into net.minecraft.world.item.enchantment.Enchantment
[23Mar2025 15:21:29.908] [main/DEBUG] [mixin/]: Mixing EnchantmentMixin from quark.mixins.json into net.minecraft.world.item.enchantment.Enchantment
[23Mar2025 15:21:29.924] [main/DEBUG] [mixin/]: Mixing MixinBlockEntityType from crackerslib.mixins.json into net.minecraft.world.level.block.entity.BlockEntityType
[23Mar2025 15:21:29.930] [main/DEBUG] [mixin/]: Mixing ChunkStatusMixin from alexscaves.mixins.json into net.minecraft.world.level.chunk.ChunkStatus
[23Mar2025 15:21:29.948] [main/DEBUG] [mixin/]: Mixing MixinPoiTypes from lootr.mixins.json into net.minecraft.world.entity.ai.village.poi.PoiTypes
[23Mar2025 15:21:29.954] [main/DEBUG] [mixin/]: Mixing MixinPoiType from lootr.mixins.json into net.minecraft.world.entity.ai.village.poi.PoiType
[23Mar2025 15:21:29.973] [main/DEBUG] [mixin/]: Mixing KeepRichSoilGiantTreeMixin from farmersdelight.mixins.json into net.minecraft.world.level.levelgen.feature.Feature
[23Mar2025 15:21:29.974] [main/DEBUG] [mixin/]: Renaming synthetic method lambda$keepRichSoil$0(Lnet/minecraft/world/level/block/state/BlockState;)Z to mdea3d73$lambda$keepRichSoil$0$0 in farmersdelight.mixins.json:KeepRichSoilGiantTreeMixin
[23Mar2025 15:21:29.987] [main/DEBUG] [mixin/]: Mixing TrunkPlacerTypeInvoker from graveyard-common.mixins.json into net.minecraft.world.level.levelgen.feature.trunkplacers.TrunkPlacerType
[23Mar2025 15:21:29.987] [main/DEBUG] [mixin/]: Renaming @Invoker method callRegister(Ljava/lang/String;Lcom/mojang/serialization/Codec;)Lnet/minecraft/world/level/levelgen/feature/trunkplacers/TrunkPlacerType; to callRegister_$md$ea3d73$0 in graveyard-common.mixins.json:TrunkPlacerTypeInvoker
[23Mar2025 15:21:30.005] [main/DEBUG] [mixin/]: Mixing CreativeModeTabsMixin from quark.mixins.json into net.minecraft.world.item.CreativeModeTabs
[23Mar2025 15:21:30.005] [main/DEBUG] [mixin/]: Renaming synthetic method lambda$quark$filterEnchantments2$1(Lnet/minecraft/world/item/enchantment/Enchantment;)Z to mdea3d73$lambda$quark$filterEnchantments2$1$0 in quark.mixins.json:CreativeModeTabsMixin
[23Mar2025 15:21:30.005] [main/DEBUG] [mixin/]: Renaming synthetic method lambda$quark$filterEnchantments$0(Lnet/minecraft/world/item/enchantment/Enchantment;)Z to mdea3d73$lambda$quark$filterEnchantments$0$1 in quark.mixins.json:CreativeModeTabsMixin
[23Mar2025 15:21:30.051] [main/DEBUG] [mixin/]: Mixing ServerPlayerEntityTickMixin from yungsapi.mixins.json into net.minecraft.server.level.ServerPlayer
[23Mar2025 15:21:30.052] [main/DEBUG] [mixin/]: Mixing ServerPlayerMixin from playerrevive.mixins.json into net.minecraft.server.level.ServerPlayer
[23Mar2025 15:21:30.054] [main/DEBUG] [mixin/]: Mixing ServerPlayerTickMixin from betterdeserttemples.mixins.json into net.minecraft.server.level.ServerPlayer
[23Mar2025 15:21:30.061] [main/DEBUG] [mixin/]: Mixing ServerPlayerMixin from moonlight-common.mixins.json into net.minecraft.server.level.ServerPlayer
[23Mar2025 15:21:30.062] [main/DEBUG] [mixin/]: Mixing common.radio.ServerPlayerMixin from adastra-common.mixins.json into net.minecraft.server.level.ServerPlayer
[23Mar2025 15:21:30.067] [main/DEBUG] [mixin/]: Mixing ServerPlayerMixin from tombstone.mixins.json into net.minecraft.server.level.ServerPlayer
[23Mar2025 15:21:30.069] [main/DEBUG] [mixin/]: Mixing camera.ServerPlayerMixin from securitycraft.mixins.json into net.minecraft.server.level.ServerPlayer
[23Mar2025 15:21:30.102] [main/DEBUG] [mixin/]: Mixing FireBlockMixin from moonlight.mixins.json into net.minecraft.world.level.block.FireBlock
[23Mar2025 15:21:30.105] [main/DEBUG] [mixin/]: Mixing FireBlockMixin from supplementaries-common.mixins.json into net.minecraft.world.level.block.FireBlock
[23Mar2025 15:21:30.106] [main/DEBUG] [mixin/]: Mixing FireBlockAccessor from supplementaries.mixins.json into net.minecraft.world.level.block.FireBlock
[23Mar2025 15:21:30.164] [main/DEBUG] [mixin/]: Mixing ShapesMixin from creativecore.mixins.json into net.minecraft.world.phys.shapes.Shapes
[23Mar2025 15:21:30.197] [main/DEBUG] [mixin/]: Mixing VoxelShapeAccessor from creativecore.mixins.json into net.minecraft.world.phys.shapes.VoxelShape
[23Mar2025 15:21:30.338] [main/DEBUG] [mixin/]: Mixing PlantBlockMixin from graveyard-common.mixins.json into net.minecraft.world.level.block.BushBlock
[23Mar2025 15:21:30.345] [main/DEBUG] [net.minecraftforge.coremod.transformer.CoreModBaseTransformer/COREMOD]: Transforming net/minecraft/world/level/block/LiquidBlock
[23Mar2025 15:21:30.345] [main/DEBUG] [mixin/]: Mixing inject.MixinLiquidBlock from architectury-common.mixins.json into net.minecraft.world.level.block.LiquidBlock
[23Mar2025 15:21:30.347] [main/DEBUG] [mixin/]: Mixing MixinFallingBlock from witherstormmod.mixins.json into net.minecraft.world.level.block.FallingBlock
[23Mar2025 15:21:30.355] [main/DEBUG] [mixin/]: Mixing SpongeBlockMixin from quark.mixins.json into net.minecraft.world.level.block.SpongeBlock
[23Mar2025 15:21:30.362] [main/DEBUG] [mixin/]: Mixing HalfTransparentBlockMixin from quark.mixins.json into net.minecraft.world.level.block.HalfTransparentBlock
[23Mar2025 15:21:30.365] [main/DEBUG] [mixin/]: Mixing CuttingBoardDispenserMixin from farmersdelight.mixins.json into net.minecraft.world.level.block.DispenserBlock
[23Mar2025 15:21:30.368] [main/DEBUG] [mixin/]: Mixing DispenserBlockMixin from rootoffear.mixins.json into net.minecraft.world.level.block.DispenserBlock
[23Mar2025 15:21:30.369] [main/DEBUG] [mixin/]: Mixing accessor.DispenserBlockAccessor from moonlight-common.mixins.json into net.minecraft.world.level.block.DispenserBlock
[23Mar2025 15:21:30.369] [main/DEBUG] [mixin/]: Renaming @Accessor method getDispenserRegistry()Ljava/util/Map; to getDispenserRegistry_$md$ea3d73$0 in moonlight-common.mixins.json:accessor.DispenserBlockAccessor
[23Mar2025 15:21:30.369] [main/DEBUG] [mixin/]: Mixing accessor.DispenserBlockAccessor from create.mixins.json into net.minecraft.world.level.block.DispenserBlock
[23Mar2025 15:21:30.382] [main/DEBUG] [mixin/]: Mixing PistonBaseBlockMixin from zeta.mixins.json into net.minecraft.world.level.block.piston.PistonBaseBlock
[23Mar2025 15:21:30.384] [main/DEBUG] [mixin/]: Mixing PistonBaseBlockMixin from quark.mixins.json into net.minecraft.world.level.block.piston.PistonBaseBlock
[23Mar2025 15:21:30.416] [main/DEBUG] [net.minecraftforge.coremod.transformer.CoreModBaseTransformer/COREMOD]: Transforming m_7898_ with desc (Lnet/minecraft/world/level/block/state/BlockState;Lnet/minecraft/world/level/LevelReader;Lnet/minecraft/core/BlockPos;)Z
[23Mar2025 15:21:30.430] [main/DEBUG] [net.minecraftforge.coremod.transformer.CoreModBaseTransformer/COREMOD]: Transforming net/minecraft/world/level/block/StairBlock
[23Mar2025 15:21:30.436] [main/DEBUG] [mixin/]: Mixing ChestBlockMixin from tombstone.mixins.json into net.minecraft.world.level.block.ChestBlock
[23Mar2025 15:21:30.444] [main/DEBUG] [mixin/]: Mixing CropBlockMixin from balm.mixins.json into net.minecraft.world.level.block.CropBlock
[23Mar2025 15:21:30.452] [main/DEBUG] [mixin/]: Mixing accessor.DoorBlockAccessor from ribbits.mixins.json into net.minecraft.world.level.block.DoorBlock
[23Mar2025 15:21:30.452] [main/DEBUG] [mixin/]: Renaming @Invoker method createDoorBlock(Lnet/minecraft/world/level/block/state/BlockBehaviour$Properties;Lnet/minecraft/world/level/block/state/properties/BlockSetType;)Lnet/minecraft/world/level/block/DoorBlock; to createDoorBlock_$md$ea3d73$0 in ribbits.mixins.json:accessor.DoorBlockAccessor
[23Mar2025 15:21:30.455] [main/DEBUG] [mixin/]: Mixing LadderBlockMixin from quark.mixins.json into net.minecraft.world.level.block.LadderBlock
[23Mar2025 15:21:30.463] [main/DEBUG] [mixin/]: Mixing CeilingHangingSignBlockMixin from quark.mixins.json into net.minecraft.world.level.block.CeilingHangingSignBlock
[23Mar2025 15:21:30.475] [main/DEBUG] [mixin/]: Mixing common.environment.IceBlockMixin from adastra-common.mixins.json into net.minecraft.world.level.block.IceBlock
[23Mar2025 15:21:30.493] [main/DEBUG] [mixin/]: Mixing IronBarsBlockMixin from quark.mixins.json into net.minecraft.world.level.block.IronBarsBlock
[23Mar2025 15:21:30.494] [main/DEBUG] [mixin/]: Mixing IronBarsBlockMixin from supplementaries-common.mixins.json into net.minecraft.world.level.block.IronBarsBlock
[23Mar2025 15:21:30.504] [main/DEBUG] [mixin/]: Mixing StemBlockMixin from balm.mixins.json into net.minecraft.world.level.block.StemBlock
[23Mar2025 15:21:30.518] [main/DEBUG] [mixin/]: Mixing TripWireHookBlockMixin from quark.mixins.json into net.minecraft.world.level.block.TripWireHookBlock
[23Mar2025 15:21:30.524] [main/DEBUG] [mixin/]: Mixing WallBlockMixin from quark.mixins.json into net.minecraft.world.level.block.WallBlock
[23Mar2025 15:21:30.527] [main/DEBUG] [net.minecraftforge.coremod.transformer.CoreModBaseTransformer/COREMOD]: Transforming net/minecraft/world/level/block/FlowerPotBlock
[23Mar2025 15:21:30.538] [main/DEBUG] [mixin/]: Mixing ComparatorBlockMixin from supplementaries-common.mixins.json into net.minecraft.world.level.block.ComparatorBlock
[23Mar2025 15:21:30.560] [main/DEBUG] [mixin/]: Mixing ObserverBlockMixin from supplementaries-common.mixins.json into net.minecraft.world.level.block.ObserverBlock
[23Mar2025 15:21:30.565] [main/DEBUG] [mixin/]: Mixing ShulkerBoxBlockMixin from create.mixins.json into net.minecraft.world.level.block.ShulkerBoxBlock
[23Mar2025 15:21:30.569] [main/DEBUG] [mixin/]: Mixing ConcretePowderBlockMixin from quark.mixins.json into net.minecraft.world.level.block.ConcretePowderBlock
[23Mar2025 15:21:30.578] [main/DEBUG] [mixin/]: Mixing BaseCoralPlantTypeBlockMixin from quark.mixins.json into net.minecraft.world.level.block.BaseCoralPlantTypeBlock
[23Mar2025 15:21:30.588] [main/DEBUG] [mixin/]: Mixing reinforced.BubbleColumnBlockMixin from securitycraft.mixins.json into net.minecraft.world.level.block.BubbleColumnBlock
[23Mar2025 15:21:30.604] [main/DEBUG] [mixin/]: Mixing swimming.BubbleColumnBlockMixin from expandability-common.mixins.json into net.minecraft.world.level.block.BubbleColumnBlock
[23Mar2025 15:21:30.617] [main/DEBUG] [mixin/]: Mixing MixinBellBlock from witherstormmod.mixins.json into net.minecraft.world.level.block.BellBlock
[23Mar2025 15:21:30.622] [main/DEBUG] [mixin/]: Mixing LanternBlockMixin from quark.mixins.json into net.minecraft.world.level.block.LanternBlock
[23Mar2025 15:21:30.624] [main/DEBUG] [mixin/]: Mixing CampfireBaleMixin from farmersdelight.mixins.json into net.minecraft.world.level.block.CampfireBlock
[23Mar2025 15:21:30.625] [main/DEBUG] [mixin/]: Mixing CampfireBlockMixin from supplementaries-common.mixins.json into net.minecraft.world.level.block.CampfireBlock
[23Mar2025 15:21:30.643] [main/DEBUG] [mixin/]: Mixing MixinPowderSnowBlock from curios.mixins.json into net.minecraft.world.level.block.PowderSnowBlock
[23Mar2025 15:21:30.649] [main/DEBUG] [mixin/]: Mixing common.environment.WeatheringCopperFullBlockMixin from adastra-common.mixins.json into net.minecraft.world.level.block.WeatheringCopperFullBlock
[23Mar2025 15:21:30.651] [main/DEBUG] [mixin/]: Mixing WeatheringCopperMixin from zeta_forge.mixins.json into net.minecraft.world.level.block.WeatheringCopper
[23Mar2025 15:21:30.656] [main/DEBUG] [mixin/]: Mixing MixinPointedDripstoneBlock from witherstormmod.mixins.json into net.minecraft.world.level.block.PointedDripstoneBlock
[23Mar2025 15:21:30.656] [main/DEBUG] [mixin/]: Renaming @Invoker method callIsStalagmite(Lnet/minecraft/world/level/block/state/BlockState;)Z to callIsStalagmite_$md$ea3d73$0 in witherstormmod.mixins.json:MixinPointedDripstoneBlock
[23Mar2025 15:21:30.656] [main/DEBUG] [mixin/]: Renaming @Invoker method callSpawnFallingStalactite(Lnet/minecraft/world/level/block/state/BlockState;Lnet/minecraft/server/level/ServerLevel;Lnet/minecraft/core/BlockPos;)V to callSpawnFallingStalactite_$md$ea3d73$1 in witherstormmod.mixins.json:MixinPointedDripstoneBlock
[23Mar2025 15:21:30.670] [main/DEBUG] [mixin/]: Mixing BlockPropertiesAccessor from supermartijn642corelib.mixins.json into net.minecraft.world.level.block.state.BlockBehaviour$Properties
[23Mar2025 15:21:30.671] [main/DEBUG] [mixin/]: Mixing BlockBehaviourMixin from mowziesmobs.mixins.json into net.minecraft.world.level.block.state.BlockBehaviour$Properties
[23Mar2025 15:21:30.695] [main/DEBUG] [mixin/]: Mixing FlowingFluidMixin from alexscaves.mixins.json into net.minecraft.world.level.material.FlowingFluid
[23Mar2025 15:21:30.695] [main/DEBUG] [mixin/]: Mixing common.environment.FlowingFluidMixin from adastra-common.mixins.json into net.minecraft.world.level.material.FlowingFluid
[23Mar2025 15:21:30.695] [main/DEBUG] [mixin/]: Mixing WaterWheelFluidSpreadMixin from create.mixins.json into net.minecraft.world.level.material.FlowingFluid
[23Mar2025 15:21:30.704] [main/DEBUG] [mixin/]: Mixing accessor.FlowingFluidAccessor from create.mixins.json into net.minecraft.world.level.material.FlowingFluid
[23Mar2025 15:21:30.792] [main/DEBUG] [mixin/]: Mixing BrushableBlockEntityMixin from tombstone.mixins.json into net.minecraft.world.level.block.entity.BrushableBlockEntity
[23Mar2025 15:21:30.808] [main/DEBUG] [mixin/]: Mixing MixinFallingBlockEntity from architectury.mixins.json into net.minecraft.world.entity.item.FallingBlockEntity
[23Mar2025 15:21:30.809] [main/DEBUG] [mixin/]: Mixing FallingBlockEntityMixin from alexscaves.mixins.json into net.minecraft.world.entity.item.FallingBlockEntity
[23Mar2025 15:21:30.810] [main/DEBUG] [mixin/]: Mixing FallingBlockEntityMixin from quark.mixins.json into net.minecraft.world.entity.item.FallingBlockEntity
[23Mar2025 15:21:30.811] [main/DEBUG] [mixin/]: Mixing FallingBlockEntityMixin from supplementaries-common.mixins.json into net.minecraft.world.entity.item.FallingBlockEntity
[23Mar2025 15:21:30.811] [main/DEBUG] [mixin/]: Mixing accessor.FallingBlockEntityAccessor from create.mixins.json into net.minecraft.world.entity.item.FallingBlockEntity
[23Mar2025 15:21:30.811] [main/DEBUG] [mixin/]: Renaming @Invoker method create$callInit(Lnet/minecraft/world/level/Level;DDDLnet/minecraft/world/level/block/state/BlockState;)Lnet/minecraft/world/entity/item/FallingBlockEntity; to create$callInit_$md$ea3d73$0 in create.mixins.json:accessor.FallingBlockEntityAccessor
[23Mar2025 15:21:30.863] [main/DEBUG] [mixin/]: Mixing accessor.DispenserBlockEntityAccessor from moonlight-common.mixins.json into net.minecraft.world.level.block.entity.DispenserBlockEntity
[23Mar2025 15:21:31.078] [main/DEBUG] [mixin/]: Mixing AccessorPistonStructureResolver from zeta.mixins.json into net.minecraft.world.level.block.piston.PistonStructureResolver
[23Mar2025 15:21:31.098] [main/DEBUG] [mixin/]: Mixing PistonBlockEntityMixin from moonlight-common.mixins.json into net.minecraft.world.level.block.piston.PistonMovingBlockEntity
[23Mar2025 15:21:31.102] [main/DEBUG] [mixin/]: Mixing PistonMovingBlockEntityMixin from quark.mixins.json into net.minecraft.world.level.block.piston.PistonMovingBlockEntity
[23Mar2025 15:21:31.129] [main/DEBUG] [mixin/]: Mixing KeepRichSoilTreeMixin from farmersdelight.mixins.json into net.minecraft.world.level.levelgen.feature.trunkplacers.TrunkPlacer
[23Mar2025 15:21:31.129] [main/DEBUG] [mixin/]: Renaming synthetic method lambda$cancelSetDirtIfRichSoil$0(Lnet/minecraft/world/level/block/state/BlockState;)Z to mdea3d73$lambda$cancelSetDirtIfRichSoil$0$0 in farmersdelight.mixins.json:KeepRichSoilTreeMixin
[23Mar2025 15:21:31.197] [main/DEBUG] [mixin/]: Mixing MixinPrimedTnt from witherstormmod.mixins.json into net.minecraft.world.entity.item.PrimedTnt
[23Mar2025 15:21:31.202] [main/DEBUG] [mixin/]: Mixing common.gravity.GravityEntityMixin from adastra-common.mixins.json into net.minecraft.world.entity.item.PrimedTnt
[23Mar2025 15:21:31.328] [main/DEBUG] [mixin/]: Mixing SpawnerBlockEntityMixin from quark.mixins.json into net.minecraft.world.level.block.entity.SpawnerBlockEntity
[23Mar2025 15:21:31.482] [main/DEBUG] [mixin/]: Mixing ContainerMenuMixin from mixins.deeperdarker.json into net.minecraft.world.inventory.CraftingMenu
[23Mar2025 15:21:31.494] [main/DEBUG] [mixin/]: Mixing AccessorCraftingMenu from polymorph.mixins.json into net.minecraft.world.inventory.CraftingMenu
[23Mar2025 15:21:31.494] [main/DEBUG] [mixin/]: Mixing MixinCraftingMenu from polymorph.mixins.json into net.minecraft.world.inventory.CraftingMenu
[23Mar2025 15:21:31.505] [main/DEBUG] [mixin/]: Mixing AccessorAbstractFurnaceBlockEntity from polymorph.mixins.json into net.minecraft.world.level.block.entity.AbstractFurnaceBlockEntity
[23Mar2025 15:21:31.554] [main/DEBUG] [net.minecraftforge.coremod.transformer.CoreModBaseTransformer/COREMOD]: Transforming net/minecraft/world/item/ItemStack
[23Mar2025 15:21:31.555] [main/DEBUG] [mixin/]: Mixing ItemStackMixin from tombstone.mixins.json into net.minecraft.world.item.ItemStack
[23Mar2025 15:21:31.556] [main/DEBUG] [mixin/]: Mixing ItemStackMixin from mixins.deeperdarker.json into net.minecraft.world.item.ItemStack
[23Mar2025 15:21:31.557] [main/DEBUG] [mixin/]: Mixing ItemStackMixin from quark.mixins.json into net.minecraft.world.item.ItemStack
[23Mar2025 15:21:31.665] [main/DEBUG] [mixin/]: Mixing AbstractArrowMixin from alexscaves.mixins.json into net.minecraft.world.entity.projectile.AbstractArrow
[23Mar2025 15:21:31.666] [main/DEBUG] [mixin/]: Mixing accessor.AccessorAbstractArrow from quark.mixins.json into net.minecraft.world.entity.projectile.AbstractArrow
[23Mar2025 15:21:31.666] [main/DEBUG] [mixin/]: Mixing AbstractArrowMixin from supplementaries-common.mixins.json into net.minecraft.world.entity.projectile.AbstractArrow
[23Mar2025 15:21:31.668] [main/DEBUG] [mixin/]: Mixing common.gravity.AbstractArrowMixin from adastra-common.mixins.json into net.minecraft.world.entity.projectile.AbstractArrow
[23Mar2025 15:21:31.761] [main/DEBUG] [mixin/]: Mixing MixinMob from witherstormmod.mixins.json into net.minecraft.world.entity.Mob
[23Mar2025 15:21:31.762] [main/DEBUG] [mixin/]: Mixing MobMixin from tombstone.mixins.json into net.minecraft.world.entity.Mob
[23Mar2025 15:21:31.763] [main/DEBUG] [mixin/]: Renaming synthetic method lambda$methodSetTarget$2(Lnet/minecraft/world/entity/LivingEntity;Ljava/util/UUID;)Ljava/lang/Boolean; to mdea3d73$lambda$methodSetTarget$2$0 in tombstone.mixins.json:MobMixin
[23Mar2025 15:21:31.763] [main/DEBUG] [mixin/]: Renaming synthetic method lambda$methodCanBeLeashed$1(Lnet/minecraft/world/entity/player/Player;Ljava/util/UUID;)Ljava/lang/Boolean; to mdea3d73$lambda$methodCanBeLeashed$1$1 in tombstone.mixins.json:MobMixin
[23Mar2025 15:21:31.763] [main/DEBUG] [mixin/]: Renaming synthetic method lambda$methodTick$0(Lnet/minecraft/world/entity/Mob;Lovh/corail/tombstone/api/capability/ISpellCaster;)V to mdea3d73$lambda$methodTick$0$2 in tombstone.mixins.json:MobMixin
[23Mar2025 15:21:31.768] [main/DEBUG] [mixin/]: Mixing LivingGoalAccessor from villainoushordemanager.mixins.json into net.minecraft.world.entity.Mob
[23Mar2025 15:21:31.768] [main/DEBUG] [mixin/]: Mixing accessors.MobAccessor from mixins.artifacts.common.json into net.minecraft.world.entity.Mob
[23Mar2025 15:21:31.768] [main/DEBUG] [mixin/]: Mixing MobMixin from alexscaves.mixins.json into net.minecraft.world.entity.Mob
[23Mar2025 15:21:31.769] [main/DEBUG] [mixin/]: Mixing EntityMixin from moonlight-common.mixins.json into net.minecraft.world.entity.Mob
[23Mar2025 15:21:31.770] [main/DEBUG] [mixin/]: Mixing MobMixinForge from ribbits_forge.mixins.json into net.minecraft.world.entity.Mob
[23Mar2025 15:21:31.778] [main/DEBUG] [mixin/]: Mixing common.MobMixin from adastra-common.mixins.json into net.minecraft.world.entity.Mob
[23Mar2025 15:21:31.851] [main/DEBUG] [mixin/]: Mixing MonsterMixin from tombstone.mixins.json into net.minecraft.world.entity.monster.Monster
[23Mar2025 15:21:31.853] [main/DEBUG] [mixin/]: Mixing MonsterMixin from alexscaves.mixins.json into net.minecraft.world.entity.monster.Monster
[23Mar2025 15:21:31.948] [main/DEBUG] [mixin/]: Mixing ContainerMenuMixin from mixins.deeperdarker.json into net.minecraft.world.inventory.EnchantmentMenu
[23Mar2025 15:21:31.977] [main/DEBUG] [mixin/]: Mixing ContainerMenuMixin from mixins.deeperdarker.json into net.minecraft.world.inventory.ChestMenu
[23Mar2025 15:21:32.009] [main/DEBUG] [mixin/]: Mixing BeaconBlockEntityMixin from quark.mixins.json into net.minecraft.world.level.block.entity.BeaconBlockEntity
[23Mar2025 15:21:32.097] [main/DEBUG] [mixin/]: Mixing RepairContainerMixin from goblintraders.common.mixins.json into net.minecraft.world.inventory.AnvilMenu
[23Mar2025 15:21:32.098] [main/DEBUG] [mixin/]: Mixing AnvilMenuMixin from quark.mixins.json into net.minecraft.world.inventory.AnvilMenu
[23Mar2025 15:21:32.112] [main/DEBUG] [mixin/]: Mixing ContainerMenuMixin from mixins.deeperdarker.json into net.minecraft.world.inventory.ItemCombinerMenu
[23Mar2025 15:21:32.318] [main/DEBUG] [mixin/]: Mixing ShulkerBoxBlockEntityMixin from supplementaries-common.mixins.json into net.minecraft.world.level.block.entity.ShulkerBoxBlockEntity
[23Mar2025 15:21:32.333] [main/DEBUG] [mixin/]: Mixing AnimalMixin from quark.mixins.json into net.minecraft.world.entity.animal.Animal
[23Mar2025 15:21:32.742] [main/DEBUG] [mixin/]: Mixing ContainerMenuMixin from mixins.deeperdarker.json into net.minecraft.world.inventory.LoomMenu
[23Mar2025 15:21:32.744] [main/DEBUG] [mixin/]: Mixing LoomMenuMixin from quark.mixins.json into net.minecraft.world.inventory.LoomMenu
[23Mar2025 15:21:32.744] [main/DEBUG] [mixin/]: Mixing LoomMenuMixin from supplementaries-common.mixins.json into net.minecraft.world.inventory.LoomMenu
[23Mar2025 15:21:32.754] [main/DEBUG] [mixin/]: Mixing ContainerMenuMixin from mixins.deeperdarker.json into net.minecraft.world.inventory.CartographyTableMenu
[23Mar2025 15:21:32.755] [main/DEBUG] [mixin/]: Mixing CartographyTableMixin from supplementaries-common.mixins.json into net.minecraft.world.inventory.CartographyTableMenu
[23Mar2025 15:21:32.761] [main/DEBUG] [mixin/]: Mixing ContainerMenuMixin from mixins.deeperdarker.json into net.minecraft.world.inventory.GrindstoneMenu
[23Mar2025 15:21:32.761] [main/DEBUG] [mixin/]: Mixing GrindstoneMenuMixin from supplementaries-common.mixins.json into net.minecraft.world.inventory.GrindstoneMenu
[23Mar2025 15:21:32.770] [main/DEBUG] [mixin/]: Mixing SmithingMenuMixin from citadel.mixins.json into net.minecraft.world.inventory.SmithingMenu
[23Mar2025 15:21:32.771] [main/DEBUG] [mixin/]: Mixing MixinSmithingMenu from polymorph.mixins.json into net.minecraft.world.inventory.SmithingMenu
[23Mar2025 15:21:32.772] [main/DEBUG] [mixin/]: Mixing SmithingMenuMixin from create.mixins.json into net.minecraft.world.inventory.SmithingMenu
[23Mar2025 15:21:32.772] [main/DEBUG] [mixin/]: Renaming synthetic method lambda$create$preventUnbreakingOnBacktanks$0(Lnet/minecraft/world/item/ItemStack;Ljava/util/Map;Lnet/minecraft/world/item/enchantment/Enchantment;Ljava/lang/Integer;)V to mdea3d73$lambda$create$preventUnbreakingOnBacktanks$0$0 in create.mixins.json:SmithingMenuMixin
[23Mar2025 15:21:32.780] [main/DEBUG] [mixin/]: Mixing ContainerMenuMixin from mixins.deeperdarker.json into net.minecraft.world.inventory.StonecutterMenu
[23Mar2025 15:21:32.828] [main/DEBUG] [mixin/]: Mixing blocks.StructureBlockUnlimit from integrated_api-common.mixins.json into net.minecraft.world.level.block.entity.StructureBlockEntity
[23Mar2025 15:21:32.829] [main/DEBUG] [mixin/]: Renaming synthetic method lambda$getRelatedCorners$0(Lnet/minecraft/world/level/Level;Lnet/minecraft/world/level/block/entity/StructureBlockEntity;Ljava/util/List;Lnet/minecraft/core/BlockPos;)Z to mdea3d73$lambda$getRelatedCorners$0$0 in integrated_api-common.mixins.json:blocks.StructureBlockUnlimit
[23Mar2025 15:21:32.846] [main/DEBUG] [mixin/]: Mixing BeehiveBlockEntityMixin from quark.mixins.json into net.minecraft.world.level.block.entity.BeehiveBlockEntity
[23Mar2025 15:21:32.987] [main/DEBUG] [mixin/]: Mixing MixinLightningBolt from architectury-common.mixins.json into net.minecraft.world.entity.LightningBolt
[23Mar2025 15:21:32.988] [main/DEBUG] [mixin/]: Mixing LightningEntityMixin from moonlight-common.mixins.json into net.minecraft.world.entity.LightningBolt
[23Mar2025 15:21:32.988] [main/DEBUG] [mixin/]: Mixing LightningBoltMixin from quark.mixins.json into net.minecraft.world.entity.LightningBolt
[23Mar2025 15:21:33.157] [main/DEBUG] [net.minecraftforge.coremod.transformer.CoreModBaseTransformer/COREMOD]: Transforming net/minecraft/world/entity/animal/frog/Tadpole
[23Mar2025 15:21:33.184] [main/DEBUG] [mixin/]: Mixing BlockItemMixin from moonlight-common.mixins.json into net.minecraft.world.item.BlockItem
[23Mar2025 15:21:33.184] [main/DEBUG] [mixin/]: Mixing BlockItemMixin from quark.mixins.json into net.minecraft.world.item.BlockItem
[23Mar2025 15:21:33.185] [main/DEBUG] [mixin/]: Mixing accessor.AccessorBlockItem from quark.mixins.json into net.minecraft.world.item.BlockItem
[23Mar2025 15:21:33.185] [main/DEBUG] [mixin/]: Mixing BlockItemMixin from create.mixins.json into net.minecraft.world.item.BlockItem
[23Mar2025 15:21:33.194] [main/DEBUG] [mixin/]: Mixing ElytraItemMixin from quark.mixins.json into net.minecraft.world.item.ElytraItem
[23Mar2025 15:21:33.195] [main/DEBUG] [mixin/]: Mixing boat.BoatItemMixin from securitycraft.mixins.json into net.minecraft.world.item.BoatItem
[23Mar2025 15:21:33.201] [main/DEBUG] [mixin/]: Mixing BowMixin from supplementaries-common.mixins.json into net.minecraft.world.item.BowItem
[23Mar2025 15:21:33.201] [main/DEBUG] [mixin/]: Renaming synthetic method lambda$getAllSupportedProjectiles$0(Ljava/util/function/Predicate;Lnet/minecraft/world/item/ItemStack;)Z to mdea3d73$lambda$getAllSupportedProjectiles$0$0 in supplementaries-common.mixins.json:BowMixin
[23Mar2025 15:21:33.204] [main/DEBUG] [mixin/]: Mixing ProjectileWeaponItemMixin from supplementaries-common.mixins.json into net.minecraft.world.item.ProjectileWeaponItem
[23Mar2025 15:21:33.210] [main/DEBUG] [mixin/]: Mixing DiggerItemMixin from quark.mixins.json into net.minecraft.world.item.DiggerItem
[23Mar2025 15:21:33.214] [main/DEBUG] [mixin/]: Mixing SoupItemMixin from farmersdelight.mixins.json into net.minecraft.world.item.BowlFoodItem
[23Mar2025 15:21:33.219] [main/DEBUG] [mixin/]: Mixing HangingEntityItemMixin from mixins.deeperdarker.json into net.minecraft.world.item.HangingEntityItem
[23Mar2025 15:21:33.221] [main/DEBUG] [mixin/]: Mixing PaintingItemMixin from supplementaries-common.mixins.json into net.minecraft.world.item.HangingEntityItem
[23Mar2025 15:21:33.225] [main/DEBUG] [net.minecraftforge.coremod.transformer.CoreModBaseTransformer/COREMOD]: Transforming m_218868_ with desc ()Ljava/util/OptionalInt;
[23Mar2025 15:21:33.232] [main/DEBUG] [net.minecraftforge.coremod.transformer.CoreModBaseTransformer/COREMOD]: Transforming net/minecraft/world/item/BucketItem
[23Mar2025 15:21:33.232] [main/DEBUG] [mixin/]: Mixing BucketItemMixin from rootoffear.mixins.json into net.minecraft.world.item.BucketItem
[23Mar2025 15:21:33.233] [main/DEBUG] [mixin/]: Mixing inject.MixinBucketItem from architectury-common.mixins.json into net.minecraft.world.item.BucketItem
[23Mar2025 15:21:33.242] [main/DEBUG] [mixin/]: Mixing MobBucketItemAccessor from supplementaries.mixins.json into net.minecraft.world.item.MobBucketItem
[23Mar2025 15:21:33.246] [main/DEBUG] [mixin/]: Mixing BundleItemMixin from tombstone.mixins.json into net.minecraft.world.item.BundleItem
[23Mar2025 15:21:33.246] [main/DEBUG] [mixin/]: Renaming synthetic method lambda$getEnchantmentLevel$0(Lnet/minecraft/world/item/ItemStack;Lovh/corail/tombstone/api/capability/ISoulConsumer;)Ljava/lang/Boolean; to mdea3d73$lambda$getEnchantmentLevel$0$0 in tombstone.mixins.json:BundleItemMixin
[23Mar2025 15:21:33.249] [main/DEBUG] [mixin/]: Mixing item.wearable.anglershat.FishingRodItemMixin from mixins.artifacts.common.json into net.minecraft.world.item.FishingRodItem
[23Mar2025 15:21:33.252] [main/DEBUG] [mixin/]: Mixing InkSackMixin from supplementaries-common.mixins.json into net.minecraft.world.item.InkSacItem
[23Mar2025 15:21:33.256] [main/DEBUG] [net.minecraftforge.coremod.transformer.CoreModBaseTransformer/COREMOD]: Transforming m_7373_ with desc (Lnet/minecraft/world/item/ItemStack;Lnet/minecraft/world/level/Level;Ljava/util/List;Lnet/minecraft/world/item/TooltipFlag;)V
[23Mar2025 15:21:33.257] [main/DEBUG] [mixin/]: Mixing items.MapItemAccessor from integrated_api-common.mixins.json into net.minecraft.world.item.MapItem
[23Mar2025 15:21:33.257] [main/DEBUG] [mixin/]: Renaming @Invoker method callCreateAndStoreSavedData(Lnet/minecraft/world/item/ItemStack;Lnet/minecraft/world/level/Level;IIIZZLnet/minecraft/resources/ResourceKey;)V to callCreateAndStoreSavedData_$md$ea3d73$0 in integrated_api-common.mixins.json:items.MapItemAccessor
[23Mar2025 15:21:33.257] [main/DEBUG] [mixin/]: Mixing MapItemMixin from moonlight-common.mixins.json into net.minecraft.world.item.MapItem
[23Mar2025 15:21:33.258] [main/DEBUG] [mixin/]: Renaming synthetic method lambda$update$1(Lnet/minecraft/world/level/saveddata/maps/MapItemSavedData;Lnet/minecraft/world/entity/Entity;Ljava/util/concurrent/atomic/AtomicBoolean;Lnet/minecraft/resources/ResourceLocation;Lnet/mehvahdjukaar/moonlight/api/map/CustomMapData;)V to mdea3d73$lambda$update$1$1 in moonlight-common.mixins.json:MapItemMixin
[23Mar2025 15:21:33.258] [main/DEBUG] [mixin/]: Renaming synthetic method lambda$appendHoverText$0(Lnet/minecraft/world/level/saveddata/maps/MapItemSavedData;Lnet/minecraft/world/item/ItemStack;Ljava/util/List;Lnet/minecraft/resources/ResourceLocation;Lnet/mehvahdjukaar/moonlight/api/map/CustomMapData;)V to mdea3d73$lambda$appendHoverText$0$2 in moonlight-common.mixins.json:MapItemMixin
[23Mar2025 15:21:33.259] [main/DEBUG] [mixin/]: Mixing MapItemMixin from supplementaries-common.mixins.json into net.minecraft.world.item.MapItem
[23Mar2025 15:21:33.260] [main/DEBUG] [mixin/]: Renaming synthetic method lambda$updateCustomColor$3(Lorg/joml/Vector2i;)D to mdea3d73$lambda$updateCustomColor$3$3 in supplementaries-common.mixins.json:MapItemMixin
[23Mar2025 15:21:33.260] [main/DEBUG] [mixin/]: Renaming synthetic method lambda$updateCustomColor$2(Lorg/joml/Vector2i;)D to mdea3d73$lambda$updateCustomColor$2$4 in supplementaries-common.mixins.json:MapItemMixin
[23Mar2025 15:21:33.260] [main/DEBUG] [mixin/]: Renaming synthetic method lambda$removeXrayAndAddAccurateColor$1(Lnet/minecraft/core/BlockPos;Lorg/joml/Vector2i;)Lcom/mojang/datafixers/util/Pair; to mdea3d73$lambda$removeXrayAndAddAccurateColor$1$5 in supplementaries-common.mixins.json:MapItemMixin
[23Mar2025 15:21:33.260] [main/DEBUG] [mixin/]: Renaming synthetic method lambda$removeXrayAndAddAccurateColor$0(Lorg/joml/Vector2i;)Ljava/util/List; to mdea3d73$lambda$removeXrayAndAddAccurateColor$0$6 in supplementaries-common.mixins.json:MapItemMixin
[23Mar2025 15:21:33.283] [main/DEBUG] [mixin/]: Mixing MixinShearsItem from curios.mixins.json into net.minecraft.world.item.ShearsItem
[23Mar2025 15:21:33.284] [main/DEBUG] [mixin/]: Mixing ShearItemMixin from moonlight-common.mixins.json into net.minecraft.world.item.ShearsItem
[23Mar2025 15:21:33.284] [main/DEBUG] [mixin/]: Mixing ShearsItemMixin from quark.mixins.json into net.minecraft.world.item.ShearsItem
[23Mar2025 15:21:33.288] [main/DEBUG] [mixin/]: Mixing PotionItemMixin from tombstone.mixins.json into net.minecraft.world.item.PotionItem
[23Mar2025 15:21:33.289] [main/DEBUG] [mixin/]: Renaming synthetic method lambda$methodFinishUsingItemReturn$1(Lnet/minecraft/world/entity/LivingEntity;Lovh/corail/tombstone/api/capability/ITBCapability;)V to mdea3d73$lambda$methodFinishUsingItemReturn$1$0 in tombstone.mixins.json:PotionItemMixin
[23Mar2025 15:21:33.289] [main/DEBUG] [mixin/]: Renaming synthetic method lambda$effectList$0(Lnet/minecraft/world/effect/MobEffectInstance;)Ljava/lang/Integer; to mdea3d73$lambda$effectList$0$1 in tombstone.mixins.json:PotionItemMixin
[23Mar2025 15:21:33.297] [main/DEBUG] [mixin/]: Mixing SpawnEggItemMixin from goblintraders.common.mixins.json into net.minecraft.world.item.SpawnEggItem
[23Mar2025 15:21:33.297] [main/DEBUG] [mixin/]: Renaming @Accessor method goblinTradersGetEggMap()Ljava/util/Map; to goblinTradersGetEggMap_$md$ea3d73$0 in goblintraders.common.mixins.json:SpawnEggItemMixin
[23Mar2025 15:21:33.300] [main/DEBUG] [mixin/]: Mixing reinforced.WritableAndWrittenBookItemMixin from securitycraft.mixins.json into net.minecraft.world.item.WritableBookItem
[23Mar2025 15:21:33.305] [main/DEBUG] [net.minecraftforge.coremod.transformer.CoreModBaseTransformer/COREMOD]: Transforming m_7626_ with desc (Lnet/minecraft/world/item/ItemStack;)Lnet/minecraft/network/chat/Component;
[23Mar2025 15:21:33.305] [main/DEBUG] [mixin/]: Mixing reinforced.WritableAndWrittenBookItemMixin from securitycraft.mixins.json into net.minecraft.world.item.WrittenBookItem
[23Mar2025 15:21:33.320] [main/DEBUG] [mixin/]: Mixing MixinCrossbowItem from witherstormmod.mixins.json into net.minecraft.world.item.CrossbowItem
[23Mar2025 15:21:33.320] [main/DEBUG] [mixin/]: Renaming synthetic method lambda$shootProjectile$1(Lnet/minecraft/world/InteractionHand;Lnet/minecraft/world/entity/LivingEntity;)V to mdea3d73$lambda$shootProjectile$1$0 in witherstormmod.mixins.json:MixinCrossbowItem
[23Mar2025 15:21:33.320] [main/DEBUG] [mixin/]: Renaming synthetic method lambda$static$0(Lnet/minecraft/world/item/ItemStack;)Z to mdea3d73$lambda$static$0$1 in witherstormmod.mixins.json:MixinCrossbowItem
[23Mar2025 15:21:33.327] [main/DEBUG] [mixin/]: Mixing CrossbowMultishotMixin from quark.mixins.json into net.minecraft.world.item.CrossbowItem
[23Mar2025 15:21:33.328] [main/DEBUG] [mixin/]: Mixing CrossbowItemRopeMixin from supplementaries-common.mixins.json into net.minecraft.world.item.CrossbowItem
[23Mar2025 15:21:33.334] [main/DEBUG] [mixin/]: Mixing accessor.SuspiciousStewItemAccessor from create.mixins.json into net.minecraft.world.item.SuspiciousStewItem
[23Mar2025 15:21:33.334] [main/DEBUG] [mixin/]: Renaming @Invoker method create$listPotionEffects(Lnet/minecraft/world/item/ItemStack;Ljava/util/function/Consumer;)V to create$listPotionEffects_$md$ea3d73$0 in create.mixins.json:accessor.SuspiciousStewItemAccessor
[23Mar2025 15:21:33.336] [main/DEBUG] [mixin/]: Mixing BannerPatternItemMixin from supplementaries-common.mixins.json into net.minecraft.world.item.BannerPatternItem
[23Mar2025 15:21:33.340] [main/DEBUG] [mixin/]: Mixing suspiciousmines.BrushItemMixin from securitycraft.mixins.json into net.minecraft.world.item.BrushItem
[23Mar2025 15:21:33.340] [main/DEBUG] [mixin/]: Renaming synthetic method lambda$securitycraft$checkForSuspiciousMine$1(Lnet/minecraft/world/entity/player/Player;)V to mdea3d73$lambda$securitycraft$checkForSuspiciousMine$1$0 in securitycraft.mixins.json:suspiciousmines.BrushItemMixin
[23Mar2025 15:21:33.340] [main/DEBUG] [mixin/]: Renaming synthetic method lambda$securitycraft$makeSuspiciousMinesBrushablePartTwo$0(Lnet/minecraft/world/entity/Entity;)Z to mdea3d73$lambda$securitycraft$makeSuspiciousMinesBrushablePartTwo$0$1 in securitycraft.mixins.json:suspiciousmines.BrushItemMixin
[23Mar2025 15:21:33.342] [main/DEBUG] [mixin/]: Mixing BrushItemMixin from supplementaries-common.mixins.json into net.minecraft.world.item.BrushItem
[23Mar2025 15:21:33.356] [main/DEBUG] [mixin/]: Mixing inject.MixinItemProperties from architectury-common.mixins.json into net.minecraft.world.item.Item$Properties
[23Mar2025 15:21:33.378] [main/DEBUG] [mixin/]: Mixing AbstractMinecartMixin from alexscaves.mixins.json into net.minecraft.world.entity.vehicle.AbstractMinecart
[23Mar2025 15:21:33.392] [main/DEBUG] [mixin/]: Mixing common.gravity.GravityEntityMixin from adastra-common.mixins.json into net.minecraft.world.entity.vehicle.AbstractMinecart
[23Mar2025 15:21:33.437] [main/DEBUG] [net.minecraftforge.coremod.transformer.CoreModBaseTransformer/COREMOD]: Transforming m_7088_ with desc ()Z
[23Mar2025 15:21:33.443] [main/DEBUG] [mixin/]: Mixing entities.HangingEntityMixin from integrated_api-common.mixins.json into net.minecraft.world.entity.decoration.HangingEntity
[23Mar2025 15:21:34.151] [main/DEBUG] [mixin/]: Mixing MixinAreaEffectCloud from witherstormmod.mixins.json into net.minecraft.world.entity.AreaEffectCloud
[23Mar2025 15:21:34.154] [main/DEBUG] [mixin/]: Mixing ArmorStandMixin from quark.mixins.json into net.minecraft.world.entity.decoration.ArmorStand
[23Mar2025 15:21:34.164] [main/DEBUG] [mixin/]: Mixing ExperienceOrbAccess from clumps.mixins.json into net.minecraft.world.entity.ExperienceOrb
[23Mar2025 15:21:34.165] [main/DEBUG] [mixin/]: Mixing ExperienceOrbMixin from quark.mixins.json into net.minecraft.world.entity.ExperienceOrb
[23Mar2025 15:21:34.165] [main/DEBUG] [mixin/]: Mixing MixinExperienceOrb from clumps.mixins.json into net.minecraft.world.entity.ExperienceOrb
[23Mar2025 15:21:34.166] [main/DEBUG] [mixin/]: Renaming synthetic method lambda$clumps$resolve$7(Ljava/util/Map$Entry;)Ljava/lang/Integer; to mdea3d73$lambda$clumps$resolve$7$0 in clumps.mixins.json:MixinExperienceOrb
[23Mar2025 15:21:34.166] [main/DEBUG] [mixin/]: Renaming synthetic method lambda$addAdditionalSaveData$6(Lnet/minecraft/nbt/CompoundTag;Ljava/lang/Integer;Ljava/lang/Integer;)V to mdea3d73$lambda$addAdditionalSaveData$6$1 in clumps.mixins.json:MixinExperienceOrb
[23Mar2025 15:21:34.166] [main/DEBUG] [mixin/]: Renaming synthetic method lambda$tryMergeToExisting$5(Ljava/util/Map;)Ljava/util/stream/Stream; to mdea3d73$lambda$tryMergeToExisting$5$2 in clumps.mixins.json:MixinExperienceOrb
[23Mar2025 15:21:34.166] [main/DEBUG] [mixin/]: Renaming synthetic method lambda$tryMergeToExisting$4(IILnet/minecraft/world/entity/ExperienceOrb;)Z to mdea3d73$lambda$tryMergeToExisting$4$3 in clumps.mixins.json:MixinExperienceOrb
[23Mar2025 15:21:34.166] [main/DEBUG] [mixin/]: Renaming synthetic method lambda$merge$3(Ljava/util/Map;)Ljava/util/stream/Stream; to mdea3d73$lambda$merge$3$4 in clumps.mixins.json:MixinExperienceOrb
[23Mar2025 15:21:34.166] [main/DEBUG] [mixin/]: Renaming synthetic method lambda$clumps$repairPlayerItems$2(ILnet/minecraft/world/entity/player/Player;Lnet/minecraft/world/item/ItemStack;)Ljava/lang/Integer; to mdea3d73$lambda$clumps$repairPlayerItems$2$5 in clumps.mixins.json:MixinExperienceOrb
[23Mar2025 15:21:34.166] [main/DEBUG] [mixin/]: Renaming synthetic method lambda$clumps$repairPlayerItems$1(Lnet/minecraft/world/item/ItemStack;Ljava/lang/Integer;)Ljava/lang/Float; to mdea3d73$lambda$clumps$repairPlayerItems$1$6 in clumps.mixins.json:MixinExperienceOrb
[23Mar2025 15:21:34.167] [main/DEBUG] [mixin/]: Renaming synthetic method lambda$playerTouch$0(Lnet/minecraft/world/entity/player/Player;Ljava/util/concurrent/atomic/AtomicInteger;Ljava/lang/Integer;Ljava/lang/Integer;)V to mdea3d73$lambda$playerTouch$0$7 in clumps.mixins.json:MixinExperienceOrb
[23Mar2025 15:21:34.186] [main/DEBUG] [mixin/]: Mixing MixinBee from witherstormmod.mixins.json into net.minecraft.world.entity.animal.Bee
[23Mar2025 15:21:34.191] [main/DEBUG] [mixin/]: Mixing MeleeAttackMixin from cannibal.mixin.json into net.minecraft.world.entity.ai.goal.MeleeAttackGoal
[23Mar2025 15:21:34.195] [main/DEBUG] [mixin/]: Mixing TemptGoalMixin from quark.mixins.json into net.minecraft.world.entity.ai.goal.TemptGoal
[23Mar2025 15:21:34.196] [main/DEBUG] [mixin/]: Mixing MixinBeePollinateGoal from witherstormmod.mixins.json into net.minecraft.world.entity.animal.Bee$BeePollinateGoal
[23Mar2025 15:21:34.199] [main/DEBUG] [mixin/]: Mixing BeeGoalMixin from moonlight-common.mixins.json into net.minecraft.world.entity.animal.Bee$BeeGrowCropGoal
[23Mar2025 15:21:34.202] [main/DEBUG] [mixin/]: Mixing HurtByTargetGoalMixin from tombstone.mixins.json into net.minecraft.world.entity.ai.goal.target.HurtByTargetGoal
[23Mar2025 15:21:34.202] [main/DEBUG] [mixin/]: Mixing HurtByTargetGoalMixin from illageandspillage.mixins.json into net.minecraft.world.entity.ai.goal.target.HurtByTargetGoal
[23Mar2025 15:21:34.202] [main/DEBUG] [mixin/]: illageandspillage.mixins.json:HurtByTargetGoalMixin: Class version 61 required is higher than the class version supported by the current version of Mixin (JAVA_16 supports class version 60)
[23Mar2025 15:21:34.207] [main/DEBUG] [mixin/]: Mixing accessor.TargetGoalAccessor from tombstone.mixins.json into net.minecraft.world.entity.ai.goal.target.TargetGoal
[23Mar2025 15:21:34.217] [main/DEBUG] [mixin/]: Mixing boat.BoatMixin from securitycraft.mixins.json into net.minecraft.world.entity.vehicle.Boat
[23Mar2025 15:21:34.217] [main/DEBUG] [mixin/]: Mixing BoatMixin from quark.mixins.json into net.minecraft.world.entity.vehicle.Boat
[23Mar2025 15:21:34.218] [main/DEBUG] [mixin/]: Mixing common.gravity.BoatMixin from adastra-common.mixins.json into net.minecraft.world.entity.vehicle.Boat
[23Mar2025 15:21:34.226] [main/DEBUG] [mixin/]: Mixing AbstractHorseMixin from supplementaries-common.mixins.json into net.minecraft.world.entity.animal.horse.AbstractHorse
[23Mar2025 15:21:34.247] [main/DEBUG] [mixin/]: Mixing MixinCatSitOnBlockGoal from lootr.mixins.json into net.minecraft.world.entity.ai.goal.CatSitOnBlockGoal
[23Mar2025 15:21:34.249] [main/DEBUG] [mixin/]: Mixing CatSitOnBlockGoalMixin from supplementaries-common.mixins.json into net.minecraft.world.entity.ai.goal.CatSitOnBlockGoal
[23Mar2025 15:21:34.256] [main/DEBUG] [net.minecraftforge.coremod.transformer.CoreModBaseTransformer/COREMOD]: Transforming net/minecraft/world/entity/monster/Spider
[23Mar2025 15:21:34.271] [main/DEBUG] [mixin/]: Mixing SkeletonMixin from supplementaries-common.mixins.json into net.minecraft.world.entity.monster.Skeleton
[23Mar2025 15:21:34.278] [main/DEBUG] [mixin/]: Mixing MixinAbstractSkeleton from witherstormmod.mixins.json into net.minecraft.world.entity.monster.AbstractSkeleton
[23Mar2025 15:21:34.279] [main/DEBUG] [mixin/]: Mixing AbstractSkeletonMixin from supplementaries-common.mixins.json into net.minecraft.world.entity.monster.AbstractSkeleton
[23Mar2025 15:21:34.307] [main/DEBUG] [mixin/]: Mixing IMixinCreeper from witherstormmod.mixins.json into net.minecraft.world.entity.monster.Creeper
[23Mar2025 15:21:34.307] [main/DEBUG] [mixin/]: Mixing CreeperEntityMixin from graveyard-common.mixins.json into net.minecraft.world.entity.monster.Creeper
[23Mar2025 15:21:34.308] [main/DEBUG] [mixin/]: Mixing CreeperMixin from supplementaries-common.mixins.json into net.minecraft.world.entity.monster.Creeper
[23Mar2025 15:21:34.310] [main/DEBUG] [mixin/]: Mixing common.entities.CreeperMixin from adastra-common.mixins.json into net.minecraft.world.entity.monster.Creeper
[23Mar2025 15:21:34.318] [main/DEBUG] [mixin/]: Mixing MixinSwellGoal from witherstormmod.mixins.json into net.minecraft.world.entity.ai.goal.SwellGoal
[23Mar2025 15:21:34.319] [main/WARN] [mixin/]: @Inject(@At("INVOKE")) Shift.BY=2 on witherstormmod.mixins.json:MixinSwellGoal::handler$zfa000$canUseInvoke exceeds the maximum allowed value: 0. Increase the value of maxShiftBy to suppress this warning.
[23Mar2025 15:21:34.326] [main/DEBUG] [mixin/]: Mixing accessor.AccessorAbstractChestedHorse from quark.mixins.json into net.minecraft.world.entity.animal.horse.AbstractChestedHorse
[23Mar2025 15:21:34.329] [main/DEBUG] [mixin/]: Mixing MixinDragonFireball from witherstormmod.mixins.json into net.minecraft.world.entity.projectile.DragonFireball
[23Mar2025 15:21:34.335] [main/DEBUG] [net.minecraftforge.coremod.transformer.CoreModBaseTransformer/COREMOD]: Transforming net/minecraft/world/entity/monster/Zombie
[23Mar2025 15:21:34.369] [main/DEBUG] [net.minecraftforge.coremod.transformer.CoreModBaseTransformer/COREMOD]: Transforming net/minecraft/world/entity/monster/ZombieVillager
[23Mar2025 15:21:34.390] [main/DEBUG] [mixin/]: Mixing IMixinZombieVillager from witherstormmod.mixins.json into net.minecraft.world.entity.monster.ZombieVillager
[23Mar2025 15:21:34.391] [main/DEBUG] [net.minecraftforge.coremod.transformer.CoreModBaseTransformer/COREMOD]: Transforming net/minecraft/world/entity/monster/Zombie
[23Mar2025 15:21:34.438] [main/DEBUG] [mixin/]: Mixing common.gravity.ThrowableProjectileMixin from adastra-common.mixins.json into net.minecraft.world.entity.projectile.ThrowableProjectile
[23Mar2025 15:21:34.451] [main/DEBUG] [mixin/]: Mixing EndermanMixin from supplementaries-common.mixins.json into net.minecraft.world.entity.monster.EnderMan
[23Mar2025 15:21:34.457] [main/DEBUG] [mixin/]: Mixing EvokerMixin from supplementaries-common.mixins.json into net.minecraft.world.entity.monster.Evoker
[23Mar2025 15:21:34.467] [main/DEBUG] [net.minecraftforge.coremod.transformer.CoreModBaseTransformer/COREMOD]: Transforming net/minecraft/world/entity/monster/Evoker$EvokerSummonSpellGoal
[23Mar2025 15:21:34.476] [main/DEBUG] [mixin/]: Mixing common.gravity.ThrownExperienceBottleMixin from adastra-common.mixins.json into net.minecraft.world.entity.projectile.ThrownExperienceBottle
[23Mar2025 15:21:34.481] [main/DEBUG] [mixin/]: Mixing FixBlockPlaceContextMixin from moonlight-common.mixins.json into net.minecraft.world.item.context.BlockPlaceContext
[23Mar2025 15:21:34.483] [main/DEBUG] [mixin/]: Mixing accessor.UseOnContextAccessor from create.mixins.json into net.minecraft.world.item.context.UseOnContext
[23Mar2025 15:21:34.497] [main/DEBUG] [mixin/]: Mixing FrogMixin from alexscaves.mixins.json into net.minecraft.world.entity.animal.frog.Frog
[23Mar2025 15:21:34.507] [main/DEBUG] [net.minecraftforge.coremod.transformer.CoreModBaseTransformer/COREMOD]: Transforming m_218868_ with desc ()Ljava/util/OptionalInt;
[23Mar2025 15:21:34.515] [main/DEBUG] [mixin/]: Mixing common.entities.HoglinMixin from adastra-common.mixins.json into net.minecraft.world.entity.monster.hoglin.Hoglin
[23Mar2025 15:21:34.519] [main/DEBUG] [mixin/]: Mixing common.entities.ZoglinMixin from adastra-common.mixins.json into net.minecraft.world.entity.monster.Zoglin
[23Mar2025 15:21:34.522] [main/DEBUG] [mixin/]: Mixing ContainerMenuMixin from mixins.deeperdarker.json into net.minecraft.world.inventory.HopperMenu
[23Mar2025 15:21:34.529] [main/DEBUG] [mixin/]: Mixing RangedBowAttackMixin from cannibal.mixin.json into net.minecraft.world.entity.ai.goal.RangedBowAttackGoal
[23Mar2025 15:21:34.535] [main/DEBUG] [mixin/]: Mixing DefendVillageGoalGolemMixin from guardvillagers.mixins.json into net.minecraft.world.entity.ai.goal.target.DefendVillageTargetGoal
[23Mar2025 15:21:34.536] [main/WARN] [mixin/]: @Final field f_26027_:Lnet/minecraft/world/entity/ai/targeting/TargetingConditions; in guardvillagers.mixins.json:DefendVillageGoalGolemMixin should be final
[23Mar2025 15:21:34.547] [main/DEBUG] [mixin/]: Mixing SlimeMixin from quark.mixins.json into net.minecraft.world.entity.monster.Slime
[23Mar2025 15:21:34.548] [main/DEBUG] [mixin/]: Mixing SlimeMixin from supplementaries-common.mixins.json into net.minecraft.world.entity.monster.Slime
[23Mar2025 15:21:34.558] [main/DEBUG] [mixin/]: Mixing PaintingMixin from mixins.deeperdarker.json into net.minecraft.world.entity.decoration.Painting
[23Mar2025 15:21:34.570] [main/DEBUG] [mixin/]: Mixing IMixinPhantom from witherstormmod.mixins.json into net.minecraft.world.entity.monster.Phantom
[23Mar2025 15:21:34.571] [main/DEBUG] [mixin/]: Mixing PhantomMixin from mixins.deeperdarker.json into net.minecraft.world.entity.monster.Phantom
[23Mar2025 15:21:34.577] [main/DEBUG] [mixin/]: Mixing PigMixin from quark.mixins.json into net.minecraft.world.entity.animal.Pig
[23Mar2025 15:21:34.590] [main/DEBUG] [mixin/]: Mixing ThrownPotionMixin from moonlight-common.mixins.json into net.minecraft.world.entity.projectile.ThrownPotion
[23Mar2025 15:21:34.591] [main/DEBUG] [mixin/]: Mixing common.gravity.ThrownPotionMixin from adastra-common.mixins.json into net.minecraft.world.entity.projectile.ThrownPotion
[23Mar2025 15:21:34.596] [main/DEBUG] [mixin/]: Mixing RabbitsEatCabbageMixin from farmersdelight.mixins.json into net.minecraft.world.entity.animal.Rabbit
[23Mar2025 15:21:34.596] [main/DEBUG] [mixin/]: Mixing RabbitScaredScarecrowMixin from tameablebeasts.mixins.json into net.minecraft.world.entity.animal.Rabbit
[23Mar2025 15:21:34.608] [main/DEBUG] [mixin/]: Mixing entities.ShulkerEntityInvoker from integrated_api-common.mixins.json into net.minecraft.world.entity.monster.Shulker
[23Mar2025 15:21:34.613] [main/DEBUG] [mixin/]: Mixing IMixinShulkerBullet from witherstormmod.mixins.json into net.minecraft.world.entity.projectile.ShulkerBullet
[23Mar2025 15:21:34.624] [main/DEBUG] [mixin/]: Mixing SkellyHorseMixin from supplementaries-common.mixins.json into net.minecraft.world.entity.animal.horse.SkeletonHorse
[23Mar2025 15:21:34.625] [main/DEBUG] [mixin/]: Renaming synthetic method lambda$tick$0(Ljava/lang/Integer;)V to mdea3d73$lambda$tick$0$0 in supplementaries-common.mixins.json:SkellyHorseMixin
[23Mar2025 15:21:34.633] [main/DEBUG] [net.minecraftforge.coremod.transformer.CoreModBaseTransformer/COREMOD]: Transforming net/minecraft/world/entity/animal/horse/SkeletonTrapGoal
[23Mar2025 15:21:34.648] [main/DEBUG] [mixin/]: Mixing MixinSnowball from witherstormmod.mixins.json into net.minecraft.world.entity.projectile.Snowball
[23Mar2025 15:21:34.654] [main/DEBUG] [mixin/]: Mixing StrayMixin from supplementaries-common.mixins.json into net.minecraft.world.entity.monster.Stray
[23Mar2025 15:21:34.659] [main/DEBUG] [net.minecraftforge.coremod.transformer.CoreModBaseTransformer/COREMOD]: Transforming net/minecraft/world/entity/monster/Strider
[23Mar2025 15:21:34.703] [main/DEBUG] [mixin/]: Mixing FriendlyByteBufMixin from supplementaries.mixins.json into net.minecraft.network.FriendlyByteBuf
[23Mar2025 15:21:34.722] [main/DEBUG] [mixin/]: Mixing IMixinSynchedEntityData from witherstormmod.mixins.json into net.minecraft.network.syncher.SynchedEntityData
[23Mar2025 15:21:34.737] [main/DEBUG] [mixin/]: Mixing TemptingSensorMixin from quark.mixins.json into net.minecraft.world.entity.ai.sensing.TemptingSensor
[23Mar2025 15:21:34.738] [main/DEBUG] [mixin/]: Mixing accessor.AccessorTemptingSensor from quark.mixins.json into net.minecraft.world.entity.ai.sensing.TemptingSensor
[23Mar2025 15:21:34.742] [main/DEBUG] [mixin/]: Mixing WardenMixin from mixins.deeperdarker.json into net.minecraft.world.entity.monster.warden.Warden
[23Mar2025 15:21:34.750] [main/DEBUG] [mixin/]: Mixing accessor.AccessorChunkAccess from quark.mixins.json into net.minecraft.world.level.chunk.ChunkAccess
[23Mar2025 15:21:34.753] [main/DEBUG] [mixin/]: Mixing LevelChunkMixin from indestructible_blocks-common.mixins.json into net.minecraft.world.level.chunk.LevelChunk
[23Mar2025 15:21:34.754] [main/DEBUG] [mixin/]: Mixing LevelChunkMixin from moonlight-common.mixins.json into net.minecraft.world.level.chunk.LevelChunk
[23Mar2025 15:21:34.754] [main/DEBUG] [mixin/]: Mixing MixinLevelChunk from lootr.mixins.json into net.minecraft.world.level.chunk.LevelChunk
[23Mar2025 15:21:34.776] [main/DEBUG] [net.minecraftforge.coremod.transformer.CoreModBaseTransformer/COREMOD]: Transforming net/minecraft/world/entity/npc/Villager
[23Mar2025 15:21:34.822] [main/DEBUG] [mixin/]: Mixing MixinVillager from witherstormmod.mixins.json into net.minecraft.world.entity.npc.Villager
[23Mar2025 15:21:34.822] [main/DEBUG] [mixin/]: Mixing accessor.VillagerAccessor from tombstone.mixins.json into net.minecraft.world.entity.npc.Villager
[23Mar2025 15:21:34.822] [main/DEBUG] [mixin/]: Mixing VillagerEntityMixin from graveyard-common.mixins.json into net.minecraft.world.entity.npc.Villager
[23Mar2025 15:21:34.823] [main/DEBUG] [mixin/]: Mixing item.wearable.villagerhat.VillagerMixin from mixins.artifacts.common.json into net.minecraft.world.entity.npc.Villager
[23Mar2025 15:21:34.823] [main/DEBUG] [mixin/]: Mixing VillagerMixin from moonlight-common.mixins.json into net.minecraft.world.entity.npc.Villager
[23Mar2025 15:21:34.825] [main/DEBUG] [mixin/]: Mixing VillagerMixin from quark.mixins.json into net.minecraft.world.entity.npc.Villager
[23Mar2025 15:21:34.826] [main/DEBUG] [mixin/]: Mixing MixinVillagerTrades from customvillagertrades.mixins.json into net.minecraft.world.entity.npc.Villager
[23Mar2025 15:21:34.843] [main/DEBUG] [mixin/]: Mixing AbstractVillagerMixin from cannibal.mixin.json into net.minecraft.world.entity.npc.AbstractVillager
[23Mar2025 15:21:34.844] [main/DEBUG] [mixin/]: Mixing AbstractVillagerMixin from quark.mixins.json into net.minecraft.world.entity.npc.AbstractVillager
[23Mar2025 15:21:34.850] [main/DEBUG] [mixin/]: Mixing MerchantMenuMixin from goblintraders.common.mixins.json into net.minecraft.world.inventory.MerchantMenu
[23Mar2025 15:21:34.850] [main/DEBUG] [mixin/]: Renaming synthetic method lambda$goblinTraders$isMatching$0(Ljava/util/Map;Ljava/util/Map$Entry;)Z to mdea3d73$lambda$goblinTraders$isMatching$0$0 in goblintraders.common.mixins.json:MerchantMenuMixin
[23Mar2025 15:21:34.852] [main/DEBUG] [mixin/]: Mixing MerchantMenuMixin from quark.mixins.json into net.minecraft.world.inventory.MerchantMenu
[23Mar2025 15:21:34.860] [main/DEBUG] [mixin/]: Mixing WanderingTraderEntityMixin from graveyard-common.mixins.json into net.minecraft.world.entity.npc.WanderingTrader
[23Mar2025 15:21:34.861] [main/DEBUG] [mixin/]: Mixing WanderingTraderMixin from supplementaries-common.mixins.json into net.minecraft.world.entity.npc.WanderingTrader
[23Mar2025 15:21:34.861] [main/DEBUG] [mixin/]: Mixing MixinWandererTrades from customvillagertrades.mixins.json into net.minecraft.world.entity.npc.WanderingTrader
[23Mar2025 15:21:34.878] [main/DEBUG] [mixin/]: Mixing ZombieHorseMixin from supplementaries-common.mixins.json into net.minecraft.world.entity.animal.horse.ZombieHorse
[23Mar2025 15:21:34.887] [main/DEBUG] [mixin/]: Mixing MixinFishingHook from witherstormmod.mixins.json into net.minecraft.world.entity.projectile.FishingHook
[23Mar2025 15:21:34.888] [main/DEBUG] [mixin/]: Mixing common.gravity.FishingHookMixin from adastra-common.mixins.json into net.minecraft.world.entity.projectile.FishingHook
[23Mar2025 15:21:34.899] [main/DEBUG] [mixin/]: Mixing IngredientMixin from zeta_forge.mixins.json into net.minecraft.world.item.crafting.Ingredient
[23Mar2025 15:21:34.904] [main/DEBUG] [mixin/]: Mixing inject.MixinFoodPropertiesBuilder from architectury-common.mixins.json into net.minecraft.world.food.FoodProperties$Builder
[23Mar2025 15:21:34.906] [main/DEBUG] [net.minecraftforge.coremod.transformer.CoreModBaseTransformer/COREMOD]: Transforming net/minecraft/world/effect/MobEffectInstance
[23Mar2025 15:21:34.906] [main/DEBUG] [mixin/]: Mixing accessor.MobEffectInstanceAccessor from create.mixins.json into net.minecraft.world.effect.MobEffectInstance
[23Mar2025 15:21:34.929] [main/DEBUG] [mixin/]: Mixing ServerGamePacketListenerImplAccessor from flightlib.mixins.json into net.minecraft.server.network.ServerGamePacketListenerImpl
[23Mar2025 15:21:34.929] [main/DEBUG] [mixin/]: flightlib.mixins.json:ServerGamePacketListenerImplAccessor: Class version 61 required is higher than the class version supported by the current version of Mixin (JAVA_8 supports class version 52)
[23Mar2025 15:21:34.929] [main/DEBUG] [mixin/]: Mixing ServerPlayNetworkHandlerMixin from graveyard-common.mixins.json into net.minecraft.server.network.ServerGamePacketListenerImpl
[23Mar2025 15:21:34.930] [main/DEBUG] [mixin/]: Mixing item.umbrella.server.ServerGamePacketListenerImplMixin from mixins.artifacts.common.json into net.minecraft.server.network.ServerGamePacketListenerImpl
[23Mar2025 15:21:34.930] [main/DEBUG] [mixin/]: Mixing ServerPlayNetworkInstance from emotecraft.mixins.json into net.minecraft.server.network.ServerGamePacketListenerImpl
[23Mar2025 15:21:34.931] [main/DEBUG] [mixin/]: emotecraft.mixins.json:ServerPlayNetworkInstance: Class version 61 required is higher than the class version supported by the current version of Mixin (JAVA_16 supports class version 60)
[23Mar2025 15:21:34.931] [main/DEBUG] [mixin/]: Renaming synthetic method lambda$presenceResponse$0(Lnet/minecraft/server/level/ServerPlayer;)V to mdea3d73$lambda$presenceResponse$0$0 in emotecraft.mixins.json:ServerPlayNetworkInstance
[23Mar2025 15:21:34.932] [main/DEBUG] [mixin/]: Mixing accessor.AccessorServerGamePacketListener from quark.mixins.json into net.minecraft.server.network.ServerGamePacketListenerImpl
[23Mar2025 15:21:34.933] [main/DEBUG] [mixin/]: Mixing ServerGamePacketListenerMixin from supplementaries-common.mixins.json into net.minecraft.server.network.ServerGamePacketListenerImpl
[23Mar2025 15:21:34.933] [main/DEBUG] [mixin/]: Renaming synthetic method lambda$addAntiqueInk$0(Ljava/util/function/UnaryOperator;Ljava/lang/String;)Ljava/lang/String; to mdea3d73$lambda$addAntiqueInk$0$1 in supplementaries-common.mixins.json:ServerGamePacketListenerMixin
[23Mar2025 15:21:34.934] [main/DEBUG] [mixin/]: Mixing swimming.server.ServerGamePacketListenerImplMixin from expandability-common.mixins.json into net.minecraft.server.network.ServerGamePacketListenerImpl
[23Mar2025 15:21:34.935] [main/DEBUG] [mixin/]: Mixing common.ServerGamePacketListenerImplMixin from adastra-common.mixins.json into net.minecraft.server.network.ServerGamePacketListenerImpl
[23Mar2025 15:21:34.941] [main/DEBUG] [mixin/]: Unexpected: Registered method setAboveGroundTickCount(I)V in net.minecraft.server.network.ServerGamePacketListenerImpl was not merged
[23Mar2025 15:21:34.956] [main/DEBUG] [mixin/]: Mixing accessor.PotionBrewingAccessor from yungsapi.mixins.json into net.minecraft.world.item.alchemy.PotionBrewing
[23Mar2025 15:21:34.956] [main/DEBUG] [mixin/]: Renaming @Invoker method callAddMix(Lnet/minecraft/world/item/alchemy/Potion;Lnet/minecraft/world/item/Item;Lnet/minecraft/world/item/alchemy/Potion;)V to callAddMix_$md$ea3d73$0 in yungsapi.mixins.json:accessor.PotionBrewingAccessor
[23Mar2025 15:21:34.956] [main/DEBUG] [mixin/]: Mixing AccessorPotionBrewing from zeta_forge.mixins.json into net.minecraft.world.item.alchemy.PotionBrewing
[23Mar2025 15:21:34.956] [main/DEBUG] [mixin/]: Renaming @Accessor method zeta$getPotionMixes()Ljava/util/List; to zeta$getPotionMixes_$md$ea3d73$1 in zeta_forge.mixins.json:AccessorPotionBrewing
[23Mar2025 15:21:34.977] [main/DEBUG] [mixin/]: Mixing AbstractProjectileBehaviorAccessor from supplementaries-common.mixins.json into net.minecraft.core.dispenser.AbstractProjectileDispenseBehavior
[23Mar2025 15:21:34.977] [main/DEBUG] [mixin/]: Mixing accessor.AbstractProjectileDispenseBehaviorAccessor from create.mixins.json into net.minecraft.core.dispenser.AbstractProjectileDispenseBehavior
[23Mar2025 15:21:34.995] [main/DEBUG] [mixin/]: Mixing DamageEnchantmentMixin from quark.mixins.json into net.minecraft.world.item.enchantment.DamageEnchantment
[23Mar2025 15:21:35.003] [main/DEBUG] [mixin/]: Mixing ArrowPiercingEnchantmentMixin from quark.mixins.json into net.minecraft.world.item.enchantment.ArrowPiercingEnchantment
[23Mar2025 15:21:35.012] [main/DEBUG] [mixin/]: Mixing ContainerMenuMixin from mixins.deeperdarker.json into net.minecraft.world.inventory.AbstractFurnaceMenu
[23Mar2025 15:21:35.018] [main/DEBUG] [mixin/]: Mixing ContainerMenuMixin from mixins.deeperdarker.json into net.minecraft.world.inventory.DispenserMenu
[23Mar2025 15:21:35.022] [main/DEBUG] [mixin/]: Mixing ContainerMenuMixin from mixins.deeperdarker.json into net.minecraft.world.inventory.BrewingStandMenu
[23Mar2025 15:21:35.022] [main/DEBUG] [mixin/]: Mixing potion.BrewingStandMenuMixin from securitycraft.mixins.json into net.minecraft.world.inventory.BrewingStandMenu
[23Mar2025 15:21:35.025] [main/DEBUG] [mixin/]: Mixing ContainerMenuMixin from mixins.deeperdarker.json into net.minecraft.world.inventory.BeaconMenu
[23Mar2025 15:21:35.030] [main/DEBUG] [mixin/]: Mixing StructureProcessorAccessor from cataclysm.mixins.json into net.minecraft.world.level.levelgen.structure.templatesystem.StructureProcessor
[23Mar2025 15:21:35.030] [main/DEBUG] [mixin/]: Mixing accessor.StructureProcessorAccessor from betterjungletemples.mixins.json into net.minecraft.world.level.levelgen.structure.templatesystem.StructureProcessor
[23Mar2025 15:21:35.030] [main/DEBUG] [mixin/]: Mixing structures.StructureProcessorAccessor from integrated_api-common.mixins.json into net.minecraft.world.level.levelgen.structure.templatesystem.StructureProcessor
[23Mar2025 15:21:35.030] [main/DEBUG] [mixin/]: Mixing accessor.StructureProcessorAccessor from betterdeserttemples.mixins.json into net.minecraft.world.level.levelgen.structure.templatesystem.StructureProcessor
[23Mar2025 15:21:35.030] [main/DEBUG] [mixin/]: Unexpected: Registered method callGetType()Lnet/minecraft/world/level/levelgen/structure/templatesystem/StructureProcessorType; in net.minecraft.world.level.levelgen.structure.templatesystem.StructureProcessor was not merged
[23Mar2025 15:21:35.030] [main/DEBUG] [mixin/]: Unexpected: Registered method callGetType()Lnet/minecraft/world/level/levelgen/structure/templatesystem/StructureProcessorType; in net.minecraft.world.level.levelgen.structure.templatesystem.StructureProcessor was not merged
[23Mar2025 15:21:35.030] [main/DEBUG] [mixin/]: Unexpected: Registered method callGetType()Lnet/minecraft/world/level/levelgen/structure/templatesystem/StructureProcessorType; in net.minecraft.world.level.levelgen.structure.templatesystem.StructureProcessor was not merged
[23Mar2025 15:21:35.034] [main/DEBUG] [mixin/]: Mixing ContainerMenuMixin from mixins.deeperdarker.json into net.minecraft.world.inventory.ShulkerBoxMenu
[23Mar2025 15:21:35.053] [main/DEBUG] [mixin/]: Mixing structures.StructureTemplateManagerAccessor from integrated_api-common.mixins.json into net.minecraft.world.level.levelgen.structure.templatesystem.StructureTemplateManager
[23Mar2025 15:21:35.056] [main/DEBUG] [mixin/]: Mixing ChunkGeneratorMixin from citadel.mixins.json into net.minecraft.world.level.chunk.ChunkGenerator
[23Mar2025 15:21:35.057] [main/DEBUG] [net.minecraftforge.coremod.transformer.CoreModBaseTransformer/COREMOD]: Transforming net/minecraft/world/level/biome/Biome
[23Mar2025 15:21:35.062] [main/DEBUG] [mixin/]: Mixing DisableVanillaFortressesMixin from betterfortresses.mixins.json into net.minecraft.world.level.chunk.ChunkGenerator
[23Mar2025 15:21:35.063] [main/DEBUG] [net.minecraftforge.coremod.transformer.CoreModBaseTransformer/COREMOD]: Transforming net/minecraft/world/level/levelgen/structure/Structure
[23Mar2025 15:21:35.066] [main/DEBUG] [mixin/]: Mixing DisableVanillaStrongholdsMixin from betterstrongholds.mixins.json into net.minecraft.world.level.chunk.ChunkGenerator
[23Mar2025 15:21:35.066] [main/DEBUG] [mixin/]: Mixing DisableVanillaMineshaftsMixin from bettermineshafts.mixins.json into net.minecraft.world.level.chunk.ChunkGenerator
[23Mar2025 15:21:35.067] [main/DEBUG] [mixin/]: Mixing DisableVanillaJungleTempleMixin from betterjungletemples.mixins.json into net.minecraft.world.level.chunk.ChunkGenerator
[23Mar2025 15:21:35.067] [main/DEBUG] [mixin/]: Mixing DisableVanillaPyramidsMixin from betterdeserttemples.mixins.json into net.minecraft.world.level.chunk.ChunkGenerator
[23Mar2025 15:21:35.093] [main/DEBUG] [mixin/]: Mixing InventoryMixin from carryon.mixins.json into net.minecraft.world.entity.player.Inventory
[23Mar2025 15:21:35.093] [main/DEBUG] [mixin/]: Mixing MixinInventory from curios.mixins.json into net.minecraft.world.entity.player.Inventory
[23Mar2025 15:21:35.094] [main/DEBUG] [mixin/]: Mixing InventoryMixin from moonlight-common.mixins.json into net.minecraft.world.entity.player.Inventory
[23Mar2025 15:21:35.103] [main/DEBUG] [mixin/]: Mixing SlotAccessor from balm.mixins.json into net.minecraft.world.inventory.Slot
[23Mar2025 15:21:35.103] [main/DEBUG] [mixin/]: Mixing common.SlotAccessor from adastra-common.mixins.json into net.minecraft.world.inventory.Slot
[23Mar2025 15:21:35.103] [main/DEBUG] [mixin/]: Unexpected: Registered method setX(I)V in net.minecraft.world.inventory.Slot was not merged
[23Mar2025 15:21:35.103] [main/DEBUG] [mixin/]: Unexpected: Registered method setY(I)V in net.minecraft.world.inventory.Slot was not merged
[23Mar2025 15:21:35.110] [main/DEBUG] [mixin/]: Mixing GrindstoneInputSlotMixin from supplementaries-common.mixins.json into net.minecraft.world.inventory.GrindstoneMenu$2
[23Mar2025 15:21:35.111] [main/DEBUG] [mixin/]: Mixing GrindstoneMenuSlotMixin from moonlight-common.mixins.json into net.minecraft.world.inventory.GrindstoneMenu$4
[23Mar2025 15:21:35.112] [main/DEBUG] [mixin/]: Mixing GrindstoneTestSlotMixin from supplementaries-common.mixins.json into net.minecraft.world.inventory.GrindstoneMenu$4
[23Mar2025 15:21:35.114] [main/DEBUG] [mixin/]: Mixing LoomInputSlotMixin from supplementaries-common.mixins.json into net.minecraft.world.inventory.LoomMenu$3
[23Mar2025 15:21:35.116] [main/DEBUG] [mixin/]: Mixing MerchantResultSlotMixin from goblintraders.common.mixins.json into net.minecraft.world.inventory.MerchantResultSlot
[23Mar2025 15:21:35.120] [main/DEBUG] [mixin/]: Mixing CartographyTableInputSlotMixin from supplementaries-common.mixins.json into net.minecraft.world.inventory.CartographyTableMenu$4
[23Mar2025 15:21:35.126] [main/DEBUG] [mixin/]: Mixing MapExtendingRecipeMixin from moonlight-common.mixins.json into net.minecraft.world.item.crafting.MapExtendingRecipe
[23Mar2025 15:21:35.128] [main/DEBUG] [mixin/]: Mixing accessor.ShapedRecipeAccessor from tombstone.mixins.json into net.minecraft.world.item.crafting.ShapedRecipe
[23Mar2025 15:21:35.128] [main/DEBUG] [mixin/]: Mixing minecraft.ShapedRecipeAccessor from ad_astra_giselle_addon.mixin.common.json into net.minecraft.world.item.crafting.ShapedRecipe
[23Mar2025 15:21:35.129] [main/DEBUG] [mixin/]: Unexpected: Registered method getResult()Lnet/minecraft/world/item/ItemStack; in net.minecraft.world.item.crafting.ShapedRecipe was not merged
[23Mar2025 15:21:35.133] [main/DEBUG] [mixin/]: Mixing BannerDuplicateRecipeMixin from quark.mixins.json into net.minecraft.world.item.crafting.BannerDuplicateRecipe
[23Mar2025 15:21:35.197] [main/DEBUG] [mixin/]: Mixing resources.LootContextAccessor from integrated_api-common.mixins.json into net.minecraft.world.level.storage.loot.LootContext
[23Mar2025 15:21:35.203] [main/DEBUG] [mixin/]: Mixing EnchantRandomlyFunctionMixin from alexscaves.mixins.json into net.minecraft.world.level.storage.loot.functions.EnchantRandomlyFunction
[23Mar2025 15:21:35.203] [main/DEBUG] [mixin/]: Renaming synthetic method lambda$ac_enchantItem$0(ZLnet/minecraft/world/item/ItemStack;Lnet/minecraft/world/item/enchantment/Enchantment;)Z to mdea3d73$lambda$ac_enchantItem$0$0 in alexscaves.mixins.json:EnchantRandomlyFunctionMixin
[23Mar2025 15:21:35.205] [main/DEBUG] [mixin/]: Mixing EnchantRandomlyFunctionMixin from quark.mixins.json into net.minecraft.world.level.storage.loot.functions.EnchantRandomlyFunction
[23Mar2025 15:21:35.210] [main/DEBUG] [mixin/]: Mixing LootingEnchantFunctionMixin from create.mixins.json into net.minecraft.world.level.storage.loot.functions.LootingEnchantFunction
[23Mar2025 15:21:35.215] [main/DEBUG] [mixin/]: Mixing ExplorationMapSerializerMixin from supplementaries-common.mixins.json into net.minecraft.world.level.storage.loot.functions.ExplorationMapFunction$Serializer
[23Mar2025 15:21:35.219] [main/DEBUG] [mixin/]: Mixing ExplorationMapFunctionMixin from supplementaries-common.mixins.json into net.minecraft.world.level.storage.loot.functions.ExplorationMapFunction
[23Mar2025 15:21:35.227] [main/DEBUG] [mixin/]: Mixing MixinApplyBonusCount from curios.mixins.json into net.minecraft.world.level.storage.loot.functions.ApplyBonusCount
[23Mar2025 15:21:35.327] [main/DEBUG] [mixin/]: Mixing TreeFeatureMixin from graveyard-common.mixins.json into net.minecraft.world.level.levelgen.feature.TreeFeature
[23Mar2025 15:21:35.330] [main/DEBUG] [mixin/]: Mixing SpringFeatureMixin from quark.mixins.json into net.minecraft.world.level.levelgen.feature.SpringFeature
[23Mar2025 15:21:35.335] [main/DEBUG] [mixin/]: Mixing HugeRedMushroomFeatureMixin from quark.mixins.json into net.minecraft.world.level.levelgen.feature.HugeRedMushroomFeature
[23Mar2025 15:21:35.337] [main/DEBUG] [mixin/]: Mixing HugeBrownMushroomFeatureMixin from quark.mixins.json into net.minecraft.world.level.levelgen.feature.HugeBrownMushroomFeature
[23Mar2025 15:21:35.339] [main/DEBUG] [mixin/]: Mixing NoVinesInTemplesMixin from betterjungletemples.mixins.json into net.minecraft.world.level.levelgen.feature.VinesFeature
[23Mar2025 15:21:35.343] [main/DEBUG] [mixin/]: Mixing NoMultifaceGrowthFeatureInStructuresMixin from cataclysm.mixins.json into net.minecraft.world.level.levelgen.feature.MultifaceGrowthFeature
[23Mar2025 15:21:35.344] [main/DEBUG] [mixin/]: Mixing MultifaceGrowthFeatureMixin from alexscaves.mixins.json into net.minecraft.world.level.levelgen.feature.MultifaceGrowthFeature
[23Mar2025 15:21:35.345] [main/DEBUG] [mixin/]: Mixing NoMagmaBlockInStructuresMixin from cataclysm.mixins.json into net.minecraft.world.level.levelgen.feature.UnderwaterMagmaFeature
[23Mar2025 15:21:35.347] [main/DEBUG] [mixin/]: Mixing features.DungeonFeatureAccessor from integrated_api-common.mixins.json into net.minecraft.world.level.levelgen.feature.MonsterRoomFeature
[23Mar2025 15:21:35.347] [main/DEBUG] [mixin/]: Renaming @Accessor method getMOBS()[Lnet/minecraft/world/entity/EntityType; to getMOBS_$md$ea3d73$0 in integrated_api-common.mixins.json:features.DungeonFeatureAccessor
[23Mar2025 15:21:35.350] [main/DEBUG] [mixin/]: Mixing NoLakesInStructuresMixin from cataclysm.mixins.json into net.minecraft.world.level.levelgen.feature.LakeFeature
[23Mar2025 15:21:35.351] [main/DEBUG] [mixin/]: Mixing LakeFeatureMixin from graveyard-common.mixins.json into net.minecraft.world.level.levelgen.feature.LakeFeature
[23Mar2025 15:21:35.354] [main/DEBUG] [mixin/]: Mixing NoOreInStructuresMixin from cataclysm.mixins.json into net.minecraft.world.level.levelgen.feature.OreFeature
[23Mar2025 15:21:35.357] [main/DEBUG] [mixin/]: Mixing SeagrassFeatureMixin from alexscaves.mixins.json into net.minecraft.world.level.levelgen.feature.SeagrassFeature
[23Mar2025 15:21:35.358] [main/DEBUG] [mixin/]: Mixing KelpFeatureMixin from alexscaves.mixins.json into net.minecraft.world.level.levelgen.feature.KelpFeature
[23Mar2025 15:21:35.359] [main/DEBUG] [mixin/]: Mixing CoralFeatureMixin from alexscaves.mixins.json into net.minecraft.world.level.levelgen.feature.CoralFeature
[23Mar2025 15:21:35.364] [main/DEBUG] [mixin/]: Mixing NoBasaltColumnsInStructuresMixin from betterfortresses.mixins.json into net.minecraft.world.level.levelgen.feature.BasaltColumnsFeature
[23Mar2025 15:21:35.365] [main/DEBUG] [mixin/]: Mixing NoBasaltColumnsInStructuresMixin from cataclysm.mixins.json into net.minecraft.world.level.levelgen.feature.BasaltColumnsFeature
[23Mar2025 15:21:35.367] [main/DEBUG] [mixin/]: Mixing NoDeltasInStructuresMixin from betterfortresses.mixins.json into net.minecraft.world.level.levelgen.feature.DeltaFeature
[23Mar2025 15:21:35.368] [main/DEBUG] [mixin/]: Mixing NoDeltasInStructuresMixin from cataclysm.mixins.json into net.minecraft.world.level.levelgen.feature.DeltaFeature
[23Mar2025 15:21:35.373] [main/DEBUG] [mixin/]: Mixing NoGeodeInStructuresMixin from cataclysm.mixins.json into net.minecraft.world.level.levelgen.feature.GeodeFeature
[23Mar2025 15:21:35.373] [main/DEBUG] [mixin/]: Mixing features.NoGeodesInStructuresMixin from integrated_api-common.mixins.json into net.minecraft.world.level.levelgen.feature.GeodeFeature
[23Mar2025 15:21:35.386] [main/DEBUG] [mixin/]: Mixing common.PlacedFeatureAccessor from lithostitched.mixins.json into net.minecraft.world.level.levelgen.placement.PlacedFeature
[23Mar2025 15:21:35.397] [main/DEBUG] [mixin/]: Mixing common.StructureProcessorListAccessor from lithostitched.mixins.json into net.minecraft.world.level.levelgen.structure.templatesystem.StructureProcessorList
[23Mar2025 15:21:35.466] [main/DEBUG] [mixin/]: Mixing common.StructureSetAccessor from lithostitched.mixins.json into net.minecraft.world.level.levelgen.structure.StructureSet
[23Mar2025 15:21:35.468] [main/DEBUG] [net.minecraftforge.coremod.transformer.CoreModBaseTransformer/COREMOD]: Transforming net/minecraft/world/level/levelgen/structure/Structure
[23Mar2025 15:21:35.475] [main/DEBUG] [mixin/]: Mixing structures.StructurePieceAccessor from integrated_api-common.mixins.json into net.minecraft.world.level.levelgen.structure.StructurePiece
[23Mar2025 15:21:35.475] [main/DEBUG] [mixin/]: Mixing StructurePieceMixin from zeta.mixins.json into net.minecraft.world.level.levelgen.structure.StructurePiece
[23Mar2025 15:21:35.479] [main/DEBUG] [mixin/]: Mixing MineshaftCorridorMixin from supplementaries-common.mixins.json into net.minecraft.world.level.levelgen.structure.structures.MineshaftPieces$MineShaftCorridor
[23Mar2025 15:21:35.489] [main/DEBUG] [mixin/]: Mixing NetherFortressPiecesMixin$CastleEntranceMixin from quark.mixins.json into net.minecraft.world.level.levelgen.structure.structures.NetherFortressPieces$CastleEntrance
[23Mar2025 15:21:35.500] [main/DEBUG] [mixin/]: Mixing StrongholdCrossingSconceMixin from supplementaries-common.mixins.json into net.minecraft.world.level.levelgen.structure.structures.StrongholdPieces$FiveCrossing
[23Mar2025 15:21:35.506] [main/DEBUG] [mixin/]: Mixing StrongholdRoomSconceMixin from supplementaries-common.mixins.json into net.minecraft.world.level.levelgen.structure.structures.StrongholdPieces$RoomCrossing
[23Mar2025 15:21:35.513] [main/DEBUG] [net.minecraftforge.coremod.transformer.CoreModBaseTransformer/COREMOD]: Transforming net/minecraft/world/level/levelgen/structure/structures/OceanRuinPieces$OceanRuinPiece
[23Mar2025 15:21:35.525] [main/DEBUG] [net.minecraftforge.coremod.transformer.CoreModBaseTransformer/COREMOD]: Transforming net/minecraft/world/level/levelgen/structure/structures/SwampHutPiece
[23Mar2025 15:21:35.534] [main/DEBUG] [mixin/]: Mixing SwampHutPieceMixin from alexscaves.mixins.json into net.minecraft.world.level.levelgen.structure.structures.SwampHutPiece
[23Mar2025 15:21:35.535] [main/WARN] [mixin/]: Mixin alexscaves.mixins.json:SwampHutPieceMixin has multiple constructors, (Lnet/minecraft/world/level/levelgen/structure/pieces/StructurePieceType;IIIIIILnet/minecraft/core/Direction;)V was selected

[23Mar2025 15:21:35.539] [main/DEBUG] [net.minecraftforge.coremod.transformer.CoreModBaseTransformer/COREMOD]: Transforming net/minecraft/world/level/levelgen/structure/structures/OceanMonumentPieces$OceanMonumentPiece
[23Mar2025 15:21:35.559] [main/DEBUG] [mixin/]: Mixing MixinEndCityPieces$EndCityPiece from lootr.mixins.json into net.minecraft.world.level.levelgen.structure.structures.EndCityPieces$EndCityPiece
[23Mar2025 15:21:35.562] [main/DEBUG] [net.minecraftforge.coremod.transformer.CoreModBaseTransformer/COREMOD]: Transforming net/minecraft/world/level/levelgen/structure/structures/WoodlandMansionPieces$WoodlandMansionPiece
[23Mar2025 15:21:35.571] [main/DEBUG] [mixin/]: Mixing common.ShipwreckPieceMixin from lithostitched.mixins.json into net.minecraft.world.level.levelgen.structure.structures.ShipwreckPieces$ShipwreckPiece
[23Mar2025 15:21:35.576] [main/DEBUG] [mixin/]: Mixing structures.PoolElementStructurePieceAccessor from integrated_api-common.mixins.json into net.minecraft.world.level.levelgen.structure.PoolElementStructurePiece
[23Mar2025 15:21:35.590] [main/DEBUG] [mixin/]: Mixing common.JigsawStructureMixin from lithostitched.mixins.json into net.minecraft.world.level.levelgen.structure.structures.JigsawStructure
[23Mar2025 15:21:35.592] [main/DEBUG] [mixin/]: Mixing JigsawStructureMixin from alexscaves.mixins.json into net.minecraft.world.level.levelgen.structure.structures.JigsawStructure
[23Mar2025 15:21:35.596] [main/DEBUG] [mixin/]: Mixing accessor.StructureTemplatePoolAccessor from yungsapi.mixins.json into net.minecraft.world.level.levelgen.structure.pools.StructureTemplatePool
[23Mar2025 15:21:35.596] [main/DEBUG] [mixin/]: Mixing IncreaseStructureWeightLimitMixinForge from yungsapi_forge.mixins.json into net.minecraft.world.level.levelgen.structure.pools.StructureTemplatePool
[23Mar2025 15:21:35.596] [main/DEBUG] [mixin/]: Mixing accessor.StructureTemplatePoolAccessor from cataclysm.mixins.json into net.minecraft.world.level.levelgen.structure.pools.StructureTemplatePool
[23Mar2025 15:21:35.596] [main/DEBUG] [mixin/]: Mixing common.StructureTemplatePoolAccessor from lithostitched.mixins.json into net.minecraft.world.level.levelgen.structure.pools.StructureTemplatePool
[23Mar2025 15:21:35.596] [main/DEBUG] [mixin/]: Mixing common.StructureTemplatePoolMixin from lithostitched.mixins.json into net.minecraft.world.level.levelgen.structure.pools.StructureTemplatePool
[23Mar2025 15:21:35.597] [main/DEBUG] [mixin/]: Renaming synthetic method lambda$compileRawTemplates$0(Lcom/mojang/datafixers/util/Pair;)V to mdea3d73$lambda$compileRawTemplates$0$0 in lithostitched.mixins.json:common.StructureTemplatePoolMixin
[23Mar2025 15:21:35.597] [main/DEBUG] [mixin/]: Mixing StructureTemplatePoolAccessor from waystones.mixins.json into net.minecraft.world.level.levelgen.structure.pools.StructureTemplatePool
[23Mar2025 15:21:35.597] [main/DEBUG] [mixin/]: Mixing structures.StructurePoolAccessor from integrated_api-common.mixins.json into net.minecraft.world.level.levelgen.structure.pools.StructureTemplatePool
[23Mar2025 15:21:35.597] [main/DEBUG] [mixin/]: Renaming @Accessor method getCODEC_REFERENCE()Lorg/apache/commons/lang3/mutable/MutableObject; to getCODEC_REFERENCE_$md$ea3d73$1 in integrated_api-common.mixins.json:structures.StructurePoolAccessor
[23Mar2025 15:21:35.598] [main/DEBUG] [mixin/]: Mixing structures.StructurePoolMixin from integrated_api-forge.mixins.json into net.minecraft.world.level.levelgen.structure.pools.StructureTemplatePool
[23Mar2025 15:21:35.599] [main/DEBUG] [mixin/]: Unexpected: Registered method setRawTemplates(Ljava/util/List;)V in net.minecraft.world.level.levelgen.structure.pools.StructureTemplatePool was not merged
[23Mar2025 15:21:35.599] [main/DEBUG] [mixin/]: Unexpected: Registered method getRawTemplates()Ljava/util/List; in net.minecraft.world.level.levelgen.structure.pools.StructureTemplatePool was not merged
[23Mar2025 15:21:35.599] [main/DEBUG] [mixin/]: Unexpected: Registered method getRawTemplates()Ljava/util/List; in net.minecraft.world.level.levelgen.structure.pools.StructureTemplatePool was not merged
[23Mar2025 15:21:35.599] [main/DEBUG] [mixin/]: Unexpected: Registered method getRawTemplates()Ljava/util/List; in net.minecraft.world.level.levelgen.structure.pools.StructureTemplatePool was not merged
[23Mar2025 15:21:35.613] [main/DEBUG] [mixin/]: Mixing OceanMonumentStructureMixin from alexscaves.mixins.json into net.minecraft.world.level.levelgen.structure.structures.OceanMonumentStructure
[23Mar2025 15:21:35.621] [main/DEBUG] [mixin/]: Mixing ShipwreckStructureMixin from alexscaves.mixins.json into net.minecraft.world.level.levelgen.structure.structures.ShipwreckStructure
[23Mar2025 15:21:35.677] [main/DEBUG] [mixin/]: Mixing BiomeSourceMixin from alexscaves.mixins.json into net.minecraft.world.level.biome.BiomeSource
[23Mar2025 15:21:35.679] [main/DEBUG] [mixin/]: Mixing MixinBiomeSource from terrablender.mixins.json into net.minecraft.world.level.biome.BiomeSource
[23Mar2025 15:21:35.679] [main/DEBUG] [mixin/]: Renaming synthetic method lambda$appendDeferredBiomesList$0(Lcom/google/common/collect/ImmutableList;)Ljava/util/Set; to mdea3d73$lambda$appendDeferredBiomesList$0$0 in terrablender.mixins.json:MixinBiomeSource
[23Mar2025 15:21:35.686] [main/DEBUG] [net.minecraftforge.coremod.transformer.CoreModBaseTransformer/COREMOD]: Transforming net/minecraft/world/level/biome/Biome
[23Mar2025 15:21:35.716] [main/DEBUG] [mixin/]: Mixing MultiNoiseBiomeSourceMixin from alexscaves.mixins.json into net.minecraft.world.level.biome.MultiNoiseBiomeSource
[23Mar2025 15:21:35.718] [main/DEBUG] [mixin/]: Mixing MixinMultiNoiseBiomeSource from terrablender.mixins.json into net.minecraft.world.level.biome.MultiNoiseBiomeSource
[23Mar2025 15:21:35.721] [main/DEBUG] [mixin/]: Mixing MixinParameterList from terrablender.mixins.json into net.minecraft.world.level.biome.Climate$ParameterList
[23Mar2025 15:21:35.721] [main/DEBUG] [mixin/]: Renaming synthetic method lambda$initializeForTerraBlender$0(Lnet/minecraft/core/Registry;Lcom/google/common/collect/ImmutableList$Builder;Lcom/mojang/datafixers/util/Pair;)V to mdea3d73$lambda$initializeForTerraBlender$0$0 in terrablender.mixins.json:MixinParameterList
[23Mar2025 15:21:35.726] [main/DEBUG] [mixin/]: Mixing ClimateParameterPointMixin from quark.mixins.json into net.minecraft.world.level.biome.Climate$ParameterPoint
[23Mar2025 15:21:35.744] [main/DEBUG] [mixin/]: Mixing NoiseBasedChunkGeneratorMixin from citadel.mixins.json into net.minecraft.world.level.levelgen.NoiseBasedChunkGenerator
[23Mar2025 15:21:35.749] [main/DEBUG] [mixin/]: Mixing common.NoiseGeneratorSettingsAccessor from lithostitched.mixins.json into net.minecraft.world.level.levelgen.NoiseGeneratorSettings
[23Mar2025 15:21:35.749] [main/DEBUG] [mixin/]: Mixing MixinNoiseGeneratorSettings from terrablender.mixins.json into net.minecraft.world.level.levelgen.NoiseGeneratorSettings
[23Mar2025 15:21:35.818] [main/DEBUG] [mixin/]: Mixing accessor.SinglePoolElementAccessor from yungsapi.mixins.json into net.minecraft.world.level.levelgen.structure.pools.SinglePoolElement
[23Mar2025 15:21:35.818] [main/DEBUG] [mixin/]: Mixing accessor.SinglePoolElementAccessor from cataclysm.mixins.json into net.minecraft.world.level.levelgen.structure.pools.SinglePoolElement
[23Mar2025 15:21:35.818] [main/DEBUG] [mixin/]: Mixing common.SinglePoolElementAccessor from lithostitched.mixins.json into net.minecraft.world.level.levelgen.structure.pools.SinglePoolElement
[23Mar2025 15:21:35.819] [main/DEBUG] [mixin/]: Mixing SinglePoolElementMixin from waystones.mixins.json into net.minecraft.world.level.levelgen.structure.pools.SinglePoolElement
[23Mar2025 15:21:35.819] [main/DEBUG] [mixin/]: Renaming synthetic method lambda$waystones$isWaystone$1(Lnet/minecraft/world/level/levelgen/structure/templatesystem/StructureTemplate;)V to mdea3d73$lambda$waystones$isWaystone$1$0 in waystones.mixins.json:SinglePoolElementMixin
[23Mar2025 15:21:35.819] [main/DEBUG] [mixin/]: Renaming synthetic method lambda$waystones$isWaystone$0(Lnet/minecraft/resources/ResourceLocation;)V to mdea3d73$lambda$waystones$isWaystone$0$1 in waystones.mixins.json:SinglePoolElementMixin
[23Mar2025 15:21:35.820] [main/DEBUG] [mixin/]: Mixing structures.SinglePoolElementAccessor from integrated_api-common.mixins.json into net.minecraft.world.level.levelgen.structure.pools.SinglePoolElement
[23Mar2025 15:21:35.820] [main/DEBUG] [mixin/]: Mixing accessor.AccessorSinglePoolElement from quark.mixins.json into net.minecraft.world.level.levelgen.structure.pools.SinglePoolElement
[23Mar2025 15:21:35.821] [main/DEBUG] [mixin/]: Unexpected: Registered method getTemplate()Lcom/mojang/datafixers/util/Either; in net.minecraft.world.level.levelgen.structure.pools.SinglePoolElement was not merged
[23Mar2025 15:21:35.821] [main/DEBUG] [mixin/]: Unexpected: Registered method getTemplate()Lcom/mojang/datafixers/util/Either; in net.minecraft.world.level.levelgen.structure.pools.SinglePoolElement was not merged
[23Mar2025 15:21:35.821] [main/DEBUG] [mixin/]: Unexpected: Registered method callGetTemplate(Lnet/minecraft/world/level/levelgen/structure/templatesystem/StructureTemplateManager;)Lnet/minecraft/world/level/levelgen/structure/templatesystem/StructureTemplate; in net.minecraft.world.level.levelgen.structure.pools.SinglePoolElement was not merged
[23Mar2025 15:21:35.821] [main/DEBUG] [mixin/]: Unexpected: Registered method callGetTemplate(Lnet/minecraft/world/level/levelgen/structure/templatesystem/StructureTemplateManager;)Lnet/minecraft/world/level/levelgen/structure/templatesystem/StructureTemplate; in net.minecraft.world.level.levelgen.structure.pools.SinglePoolElement was not merged
[23Mar2025 15:21:35.826] [main/DEBUG] [mixin/]: Mixing accessor.ListPoolElementAccessor from yungsapi.mixins.json into net.minecraft.world.level.levelgen.structure.pools.ListPoolElement
[23Mar2025 15:21:35.826] [main/DEBUG] [mixin/]: Mixing accessor.ListPoolElementAccessor from cataclysm.mixins.json into net.minecraft.world.level.levelgen.structure.pools.ListPoolElement
[23Mar2025 15:21:35.826] [main/DEBUG] [mixin/]: Mixing structures.ListPoolElementAccessor from integrated_api-common.mixins.json into net.minecraft.world.level.levelgen.structure.pools.ListPoolElement
[23Mar2025 15:21:35.826] [main/DEBUG] [mixin/]: Unexpected: Registered method getElements()Ljava/util/List; in net.minecraft.world.level.levelgen.structure.pools.ListPoolElement was not merged
[23Mar2025 15:21:35.828] [main/DEBUG] [mixin/]: Mixing accessor.FeaturePoolElementAccessor from yungsapi.mixins.json into net.minecraft.world.level.levelgen.structure.pools.FeaturePoolElement
[23Mar2025 15:21:35.828] [main/DEBUG] [mixin/]: Mixing accessor.FeaturePoolElementAccessor from cataclysm.mixins.json into net.minecraft.world.level.levelgen.structure.pools.FeaturePoolElement
[23Mar2025 15:21:35.828] [main/DEBUG] [mixin/]: Unexpected: Registered method getFeature()Lnet/minecraft/core/Holder; in net.minecraft.world.level.levelgen.structure.pools.FeaturePoolElement was not merged
[23Mar2025 15:21:35.922] [main/DEBUG] [net.minecraftforge.common.ForgeI18n/CORE]: Loading I18N data entries: 6430
[23Mar2025 15:21:35.937] [main/DEBUG] [net.minecraftforge.fml.ModWorkManager/LOADING]: Using 4 threads for parallel mod-loading
[23Mar2025 15:21:35.941] [main/DEBUG] [net.minecraftforge.fml.javafmlmod.FMLJavaModLanguageProvider/LOADING]: Loading FMLModContainer from classloader cpw.mods.modlauncher.TransformingClassLoader@501957bf - got cpw.mods.cl.ModuleClassLoader@67440de6
[23Mar2025 15:21:35.942] [main/DEBUG] [net.minecraftforge.fml.javafmlmod.FMLModContainer/LOADING]: Creating FMLModContainer instance for mc.mian.indestructible_blocks.forge.IndestructibleBlocksForge
[23Mar2025 15:21:35.946] [main/DEBUG] [net.minecraftforge.fml.javafmlmod.FMLJavaModLanguageProvider/LOADING]: Loading FMLModContainer from classloader cpw.mods.modlauncher.TransformingClassLoader@501957bf - got cpw.mods.cl.ModuleClassLoader@67440de6
[23Mar2025 15:21:35.946] [main/DEBUG] [net.minecraftforge.fml.javafmlmod.FMLModContainer/LOADING]: Creating FMLModContainer instance for ht.treechop.TreeChopForge
[23Mar2025 15:21:35.947] [main/DEBUG] [net.minecraftforge.fml.javafmlmod.FMLJavaModLanguageProvider/LOADING]: Loading FMLModContainer from classloader cpw.mods.modlauncher.TransformingClassLoader@501957bf - got cpw.mods.cl.ModuleClassLoader@67440de6
[23Mar2025 15:21:35.947] [main/DEBUG] [net.minecraftforge.fml.javafmlmod.FMLModContainer/LOADING]: Creating FMLModContainer instance for net.blay09.mods.kuma.forge.ForgeKumaAPI
[23Mar2025 15:21:35.947] [main/DEBUG] [net.minecraftforge.fml.javafmlmod.FMLJavaModLanguageProvider/LOADING]: Loading FMLModContainer from classloader cpw.mods.modlauncher.TransformingClassLoader@501957bf - got cpw.mods.cl.ModuleClassLoader@67440de6
[23Mar2025 15:21:35.947] [main/DEBUG] [net.minecraftforge.fml.javafmlmod.FMLModContainer/LOADING]: Creating FMLModContainer instance for dev.kosmx.playerAnim.forge.ForgeModInterface
[23Mar2025 15:21:35.947] [main/DEBUG] [net.minecraftforge.fml.javafmlmod.FMLJavaModLanguageProvider/LOADING]: Loading FMLModContainer from classloader cpw.mods.modlauncher.TransformingClassLoader@501957bf - got cpw.mods.cl.ModuleClassLoader@67440de6
[23Mar2025 15:21:35.948] [main/DEBUG] [net.minecraftforge.fml.javafmlmod.FMLModContainer/LOADING]: Creating FMLModContainer instance for earth.terrarium.botarium.forge.BotariumForge
[23Mar2025 15:21:35.948] [main/DEBUG] [net.minecraftforge.fml.javafmlmod.FMLJavaModLanguageProvider/LOADING]: Loading FMLModContainer from classloader cpw.mods.modlauncher.TransformingClassLoader@501957bf - got cpw.mods.cl.ModuleClassLoader@67440de6
[23Mar2025 15:21:35.948] [main/DEBUG] [net.minecraftforge.fml.javafmlmod.FMLModContainer/LOADING]: Creating FMLModContainer instance for net.p3pp3rf1y.sophisticatedcore.SophisticatedCore
[23Mar2025 15:21:35.949] [main/DEBUG] [net.minecraftforge.fml.javafmlmod.FMLJavaModLanguageProvider/LOADING]: Loading FMLModContainer from classloader cpw.mods.modlauncher.TransformingClassLoader@501957bf - got cpw.mods.cl.ModuleClassLoader@67440de6
[23Mar2025 15:21:35.949] [main/DEBUG] [net.minecraftforge.fml.javafmlmod.FMLModContainer/LOADING]: Creating FMLModContainer instance for com.possible_triangle.create_jetpack.CreateJetpackMod
[23Mar2025 15:21:35.949] [main/DEBUG] [net.minecraftforge.fml.javafmlmod.FMLJavaModLanguageProvider/LOADING]: Loading FMLModContainer from classloader cpw.mods.modlauncher.TransformingClassLoader@501957bf - got cpw.mods.cl.ModuleClassLoader@67440de6
[23Mar2025 15:21:35.949] [main/DEBUG] [net.minecraftforge.fml.javafmlmod.FMLModContainer/LOADING]: Creating FMLModContainer instance for com.github.alexthe666.citadel.Citadel
[23Mar2025 15:21:35.950] [main/DEBUG] [net.minecraftforge.fml.javafmlmod.FMLJavaModLanguageProvider/LOADING]: Loading FMLModContainer from classloader cpw.mods.modlauncher.TransformingClassLoader@501957bf - got cpw.mods.cl.ModuleClassLoader@67440de6
[23Mar2025 15:21:35.950] [main/DEBUG] [net.minecraftforge.fml.javafmlmod.FMLModContainer/LOADING]: Creating FMLModContainer instance for com.github.alexthe666.alexsmobs.AlexsMobs
[23Mar2025 15:21:35.951] [main/DEBUG] [net.minecraftforge.fml.javafmlmod.FMLJavaModLanguageProvider/LOADING]: Loading FMLModContainer from classloader cpw.mods.modlauncher.TransformingClassLoader@501957bf - got cpw.mods.cl.ModuleClassLoader@67440de6
[23Mar2025 15:21:35.951] [main/DEBUG] [net.minecraftforge.fml.javafmlmod.FMLModContainer/LOADING]: Creating FMLModContainer instance for com.yungnickyoung.minecraft.yungsapi.YungsApiForge
[23Mar2025 15:21:35.952] [main/DEBUG] [net.minecraftforge.fml.javafmlmod.FMLJavaModLanguageProvider/LOADING]: Loading FMLModContainer from classloader cpw.mods.modlauncher.TransformingClassLoader@501957bf - got cpw.mods.cl.ModuleClassLoader@67440de6
[23Mar2025 15:21:35.952] [main/DEBUG] [net.minecraftforge.fml.javafmlmod.FMLModContainer/LOADING]: Creating FMLModContainer instance for com.llamalad7.mixinextras.platform.forge.MixinExtrasMod
[23Mar2025 15:21:35.953] [main/DEBUG] [net.minecraftforge.fml.javafmlmod.FMLJavaModLanguageProvider/LOADING]: Loading FMLModContainer from classloader cpw.mods.modlauncher.TransformingClassLoader@501957bf - got cpw.mods.cl.ModuleClassLoader@67440de6
[23Mar2025 15:21:35.953] [main/DEBUG] [net.minecraftforge.fml.javafmlmod.FMLModContainer/LOADING]: Creating FMLModContainer instance for net.p3pp3rf1y.sophisticatedbackpacks.SophisticatedBackpacks
[23Mar2025 15:21:35.953] [main/DEBUG] [net.minecraftforge.fml.javafmlmod.FMLJavaModLanguageProvider/LOADING]: Loading FMLModContainer from classloader cpw.mods.modlauncher.TransformingClassLoader@501957bf - got cpw.mods.cl.ModuleClassLoader@67440de6
[23Mar2025 15:21:35.953] [main/DEBUG] [net.minecraftforge.fml.javafmlmod.FMLModContainer/LOADING]: Creating FMLModContainer instance for tallestegg.guardvillagers.GuardVillagers
[23Mar2025 15:21:35.954] [main/DEBUG] [net.minecraftforge.fml.javafmlmod.FMLJavaModLanguageProvider/LOADING]: Loading FMLModContainer from classloader cpw.mods.modlauncher.TransformingClassLoader@501957bf - got cpw.mods.cl.ModuleClassLoader@67440de6
[23Mar2025 15:21:35.954] [main/DEBUG] [net.minecraftforge.fml.javafmlmod.FMLModContainer/LOADING]: Creating FMLModContainer instance for net.blay09.mods.balm.forge.ForgeBalm
[23Mar2025 15:21:35.954] [main/DEBUG] [net.minecraftforge.fml.javafmlmod.FMLJavaModLanguageProvider/LOADING]: Loading FMLModContainer from classloader cpw.mods.modlauncher.TransformingClassLoader@501957bf - got cpw.mods.cl.ModuleClassLoader@67440de6
[23Mar2025 15:21:35.954] [main/DEBUG] [net.minecraftforge.fml.javafmlmod.FMLModContainer/LOADING]: Creating FMLModContainer instance for tschipp.carryon.CarryOnForge
[23Mar2025 15:21:35.955] [main/DEBUG] [net.minecraftforge.fml.javafmlmod.FMLJavaModLanguageProvider/LOADING]: Loading FMLModContainer from classloader cpw.mods.modlauncher.TransformingClassLoader@501957bf - got cpw.mods.cl.ModuleClassLoader@67440de6
[23Mar2025 15:21:35.955] [main/DEBUG] [net.minecraftforge.fml.javafmlmod.FMLModContainer/LOADING]: Creating FMLModContainer instance for net.fadedconquest2.FadedConquest2Mod
[23Mar2025 15:21:35.956] [main/DEBUG] [net.minecraftforge.fml.javafmlmod.FMLJavaModLanguageProvider/LOADING]: Loading FMLModContainer from classloader cpw.mods.modlauncher.TransformingClassLoader@501957bf - got cpw.mods.cl.ModuleClassLoader@67440de6
[23Mar2025 15:21:35.956] [main/DEBUG] [net.minecraftforge.fml.javafmlmod.FMLModContainer/LOADING]: Creating FMLModContainer instance for com.yungnickyoung.minecraft.betterfortresses.BetterFortressesForge
[23Mar2025 15:21:35.956] [main/DEBUG] [net.minecraftforge.fml.javafmlmod.FMLJavaModLanguageProvider/LOADING]: Loading FMLModContainer from classloader cpw.mods.modlauncher.TransformingClassLoader@501957bf - got cpw.mods.cl.ModuleClassLoader@67440de6
[23Mar2025 15:21:35.956] [main/DEBUG] [net.minecraftforge.fml.javafmlmod.FMLModContainer/LOADING]: Creating FMLModContainer instance for tictim.paraglider.forge.ForgeParagliderMod
[23Mar2025 15:21:35.957] [main/DEBUG] [net.minecraftforge.fml.javafmlmod.FMLJavaModLanguageProvider/LOADING]: Loading FMLModContainer from classloader cpw.mods.modlauncher.TransformingClassLoader@501957bf - got cpw.mods.cl.ModuleClassLoader@67440de6
[23Mar2025 15:21:35.957] [main/DEBUG] [net.minecraftforge.fml.javafmlmod.FMLModContainer/LOADING]: Creating FMLModContainer instance for me.shedaniel.clothconfig.ClothConfigForge
[23Mar2025 15:21:35.957] [main/DEBUG] [net.minecraftforge.fml.javafmlmod.FMLJavaModLanguageProvider/LOADING]: Loading FMLModContainer from classloader cpw.mods.modlauncher.TransformingClassLoader@501957bf - got cpw.mods.cl.ModuleClassLoader@67440de6
[23Mar2025 15:21:35.957] [main/DEBUG] [net.minecraftforge.fml.javafmlmod.FMLModContainer/LOADING]: Creating FMLModContainer instance for net.ctov.forge.ctovForge
[23Mar2025 15:21:35.958] [main/DEBUG] [net.minecraftforge.fml.javafmlmod.FMLJavaModLanguageProvider/LOADING]: Loading FMLModContainer from classloader cpw.mods.modlauncher.TransformingClassLoader@501957bf - got cpw.mods.cl.ModuleClassLoader@67440de6
[23Mar2025 15:21:35.958] [main/DEBUG] [net.minecraftforge.fml.javafmlmod.FMLModContainer/LOADING]: Creating FMLModContainer instance for twilightforest.TwilightForestMod
[23Mar2025 15:21:35.959] [main/DEBUG] [net.minecraftforge.fml.javafmlmod.FMLJavaModLanguageProvider/LOADING]: Loading FMLModContainer from classloader cpw.mods.modlauncher.TransformingClassLoader@501957bf - got cpw.mods.cl.ModuleClassLoader@67440de6
[23Mar2025 15:21:35.959] [main/DEBUG] [net.minecraftforge.fml.javafmlmod.FMLModContainer/LOADING]: Creating FMLModContainer instance for com.jdolphin.portalgun.PortalGunMod
[23Mar2025 15:21:35.960] [main/DEBUG] [net.minecraftforge.fml.javafmlmod.FMLJavaModLanguageProvider/LOADING]: Loading FMLModContainer from classloader cpw.mods.modlauncher.TransformingClassLoader@501957bf - got cpw.mods.cl.ModuleClassLoader@67440de6
[23Mar2025 15:21:35.960] [main/DEBUG] [net.minecraftforge.fml.javafmlmod.FMLModContainer/LOADING]: Creating FMLModContainer instance for vectorwing.farmersdelight.FarmersDelight
[23Mar2025 15:21:35.960] [main/DEBUG] [net.minecraftforge.fml.javafmlmod.FMLJavaModLanguageProvider/LOADING]: Loading FMLModContainer from classloader cpw.mods.modlauncher.TransformingClassLoader@501957bf - got cpw.mods.cl.ModuleClassLoader@67440de6
[23Mar2025 15:21:35.960] [main/DEBUG] [net.minecraftforge.fml.javafmlmod.FMLModContainer/LOADING]: Creating FMLModContainer instance for com.supermartijn642.core.CoreLib
[23Mar2025 15:21:35.961] [main/DEBUG] [net.minecraftforge.fml.javafmlmod.FMLJavaModLanguageProvider/LOADING]: Loading FMLModContainer from classloader cpw.mods.modlauncher.TransformingClassLoader@501957bf - got cpw.mods.cl.ModuleClassLoader@67440de6
[23Mar2025 15:21:35.961] [main/DEBUG] [net.minecraftforge.fml.javafmlmod.FMLModContainer/LOADING]: Creating FMLModContainer instance for com.teamresourceful.resourcefulconfig.forge.ResourcefulconfigForge
[23Mar2025 15:21:35.961] [main/DEBUG] [net.minecraftforge.fml.javafmlmod.FMLJavaModLanguageProvider/LOADING]: Loading FMLModContainer from classloader cpw.mods.modlauncher.TransformingClassLoader@501957bf - got cpw.mods.cl.ModuleClassLoader@67440de6
[23Mar2025 15:21:35.961] [main/DEBUG] [net.minecraftforge.fml.javafmlmod.FMLModContainer/LOADING]: Creating FMLModContainer instance for com.github.L_Ender.lionfishapi.LionfishAPI
[23Mar2025 15:21:35.962] [main/DEBUG] [net.minecraftforge.fml.javafmlmod.FMLJavaModLanguageProvider/LOADING]: Loading FMLModContainer from classloader cpw.mods.modlauncher.TransformingClassLoader@501957bf - got cpw.mods.cl.ModuleClassLoader@67440de6
[23Mar2025 15:21:35.962] [main/DEBUG] [net.minecraftforge.fml.javafmlmod.FMLModContainer/LOADING]: Creating FMLModContainer instance for com.dremoline.portablemobs.PortableMobs
[23Mar2025 15:21:35.962] [main/DEBUG] [net.minecraftforge.fml.javafmlmod.FMLJavaModLanguageProvider/LOADING]: Loading FMLModContainer from classloader cpw.mods.modlauncher.TransformingClassLoader@501957bf - got cpw.mods.cl.ModuleClassLoader@67440de6
[23Mar2025 15:21:35.962] [main/DEBUG] [net.minecraftforge.fml.javafmlmod.FMLModContainer/LOADING]: Creating FMLModContainer instance for com.github.L_Ender.cataclysm.Cataclysm
[23Mar2025 15:21:35.963] [main/DEBUG] [net.minecraftforge.fml.javafmlmod.FMLJavaModLanguageProvider/LOADING]: Loading FMLModContainer from classloader cpw.mods.modlauncher.TransformingClassLoader@501957bf - got cpw.mods.cl.ModuleClassLoader@67440de6
[23Mar2025 15:21:35.963] [main/DEBUG] [net.minecraftforge.fml.javafmlmod.FMLModContainer/LOADING]: Creating FMLModContainer instance for com.craisinlord.integrated_cataclysm.IntegratedCataclysm
[23Mar2025 15:21:35.963] [main/DEBUG] [net.minecraftforge.fml.javafmlmod.FMLJavaModLanguageProvider/LOADING]: Loading FMLModContainer from classloader cpw.mods.modlauncher.TransformingClassLoader@501957bf - got cpw.mods.cl.ModuleClassLoader@67440de6
[23Mar2025 15:21:35.963] [main/DEBUG] [net.minecraftforge.fml.javafmlmod.FMLModContainer/LOADING]: Creating FMLModContainer instance for top.theillusivec4.curios.Curios
[23Mar2025 15:21:35.964] [main/DEBUG] [net.minecraftforge.fml.javafmlmod.FMLJavaModLanguageProvider/LOADING]: Loading FMLModContainer from classloader cpw.mods.modlauncher.TransformingClassLoader@501957bf - got cpw.mods.cl.ModuleClassLoader@67440de6
[23Mar2025 15:21:35.964] [main/DEBUG] [net.minecraftforge.fml.javafmlmod.FMLModContainer/LOADING]: Creating FMLModContainer instance for nonamecrackers2.witherstormmod.WitherStormMod
[23Mar2025 15:21:35.965] [main/DEBUG] [net.minecraftforge.fml.javafmlmod.FMLJavaModLanguageProvider/LOADING]: Loading FMLModContainer from classloader cpw.mods.modlauncher.TransformingClassLoader@501957bf - got cpw.mods.cl.ModuleClassLoader@67440de6
[23Mar2025 15:21:35.965] [main/DEBUG] [net.minecraftforge.fml.javafmlmod.FMLModContainer/LOADING]: Creating FMLModContainer instance for xyz.vsngamer.elevatorid.ElevatorMod
[23Mar2025 15:21:35.965] [main/DEBUG] [net.minecraftforge.fml.javafmlmod.FMLJavaModLanguageProvider/LOADING]: Loading FMLModContainer from classloader cpw.mods.modlauncher.TransformingClassLoader@501957bf - got cpw.mods.cl.ModuleClassLoader@67440de6
[23Mar2025 15:21:35.965] [main/DEBUG] [net.minecraftforge.fml.javafmlmod.FMLModContainer/LOADING]: Creating FMLModContainer instance for com.yungnickyoung.minecraft.betterstrongholds.BetterStrongholdsForge
[23Mar2025 15:21:35.966] [main/DEBUG] [net.minecraftforge.fml.javafmlmod.FMLJavaModLanguageProvider/LOADING]: Loading FMLModContainer from classloader cpw.mods.modlauncher.TransformingClassLoader@501957bf - got cpw.mods.cl.ModuleClassLoader@67440de6
[23Mar2025 15:21:35.966] [main/DEBUG] [net.minecraftforge.fml.javafmlmod.FMLModContainer/LOADING]: Creating FMLModContainer instance for ovh.corail.tombstone.ModTombstone
[23Mar2025 15:21:35.966] [main/DEBUG] [net.minecraftforge.fml.javafmlmod.FMLJavaModLanguageProvider/LOADING]: Loading FMLModContainer from classloader cpw.mods.modlauncher.TransformingClassLoader@501957bf - got cpw.mods.cl.ModuleClassLoader@67440de6
[23Mar2025 15:21:35.966] [main/DEBUG] [net.minecraftforge.fml.javafmlmod.FMLModContainer/LOADING]: Creating FMLModContainer instance for com.alexander.rootoffear.TheRootOfFear
[23Mar2025 15:21:35.967] [main/DEBUG] [net.minecraftforge.fml.javafmlmod.FMLJavaModLanguageProvider/LOADING]: Loading FMLModContainer from classloader cpw.mods.modlauncher.TransformingClassLoader@501957bf - got cpw.mods.cl.ModuleClassLoader@67440de6
[23Mar2025 15:21:35.967] [main/DEBUG] [net.minecraftforge.fml.javafmlmod.FMLModContainer/LOADING]: Creating FMLModContainer instance for com.teamresourceful.resourcefullib.forge.ResourcefulLibForge
[23Mar2025 15:21:35.967] [main/DEBUG] [net.minecraftforge.fml.javafmlmod.FMLJavaModLanguageProvider/LOADING]: Loading FMLModContainer from classloader cpw.mods.modlauncher.TransformingClassLoader@501957bf - got cpw.mods.cl.ModuleClassLoader@67440de6
[23Mar2025 15:21:35.967] [main/DEBUG] [net.minecraftforge.fml.javafmlmod.FMLModContainer/LOADING]: Creating FMLModContainer instance for com.kyanite.deeperdarker.DeeperDarker
[23Mar2025 15:21:35.968] [main/DEBUG] [net.minecraftforge.fml.javafmlmod.FMLJavaModLanguageProvider/LOADING]: Loading FMLModContainer from classloader cpw.mods.modlauncher.TransformingClassLoader@501957bf - got cpw.mods.cl.ModuleClassLoader@67440de6
[23Mar2025 15:21:35.968] [main/DEBUG] [net.minecraftforge.fml.javafmlmod.FMLModContainer/LOADING]: Creating FMLModContainer instance for dev.architectury.forge.ArchitecturyForge
[23Mar2025 15:21:35.968] [main/DEBUG] [net.minecraftforge.fml.javafmlmod.FMLJavaModLanguageProvider/LOADING]: Loading FMLModContainer from classloader cpw.mods.modlauncher.TransformingClassLoader@501957bf - got cpw.mods.cl.ModuleClassLoader@67440de6
[23Mar2025 15:21:35.968] [main/DEBUG] [net.minecraftforge.fml.javafmlmod.FMLModContainer/LOADING]: Creating FMLModContainer instance for uk.co.dotcode.customvillagertrades.forge.CVTForge
[23Mar2025 15:21:35.969] [main/DEBUG] [net.minecraftforge.fml.lowcodemod.LowCodeModLanguageProvider.LowCodeModTarget/LOADING]: Loading LowCodeModContainer from classloader cpw.mods.modlauncher.TransformingClassLoader@501957bf - got cpw.mods.cl.ModuleClassLoader@67440de6
[23Mar2025 15:21:35.969] [main/DEBUG] [net.minecraftforge.fml.lowcodemod.LowCodeModContainer/LOADING]: Creating LowCodeModContainer for mr_limesplatus_ending
[23Mar2025 15:21:35.970] [main/DEBUG] [net.minecraftforge.fml.javafmlmod.FMLJavaModLanguageProvider/LOADING]: Loading FMLModContainer from classloader cpw.mods.modlauncher.TransformingClassLoader@501957bf - got cpw.mods.cl.ModuleClassLoader@67440de6
[23Mar2025 15:21:35.970] [main/DEBUG] [net.minecraftforge.fml.javafmlmod.FMLModContainer/LOADING]: Creating FMLModContainer instance for com.possible_triangle.flightlib.forge.ForgeEntrypoint
[23Mar2025 15:21:35.970] [main/DEBUG] [net.minecraftforge.fml.javafmlmod.FMLJavaModLanguageProvider/LOADING]: Loading FMLModContainer from classloader cpw.mods.modlauncher.TransformingClassLoader@501957bf - got cpw.mods.cl.ModuleClassLoader@67440de6
[23Mar2025 15:21:35.970] [main/DEBUG] [net.minecraftforge.fml.javafmlmod.FMLModContainer/LOADING]: Creating FMLModContainer instance for com.cartoonishvillain.villainoushordemanager.ForgeVillainousHordeManager
[23Mar2025 15:21:35.971] [main/DEBUG] [net.minecraftforge.fml.javafmlmod.FMLJavaModLanguageProvider/LOADING]: Loading FMLModContainer from classloader cpw.mods.modlauncher.TransformingClassLoader@501957bf - got cpw.mods.cl.ModuleClassLoader@67440de6
[23Mar2025 15:21:35.971] [main/DEBUG] [net.minecraftforge.fml.javafmlmod.FMLModContainer/LOADING]: Creating FMLModContainer instance for com.mrcrayfish.framework.FrameworkForge
[23Mar2025 15:21:35.971] [main/DEBUG] [net.minecraftforge.fml.javafmlmod.FMLJavaModLanguageProvider/LOADING]: Loading FMLModContainer from classloader cpw.mods.modlauncher.TransformingClassLoader@501957bf - got cpw.mods.cl.ModuleClassLoader@67440de6
[23Mar2025 15:21:35.971] [main/DEBUG] [net.minecraftforge.fml.javafmlmod.FMLModContainer/LOADING]: Creating FMLModContainer instance for com.yellowbrossproductions.illageandspillage.IllageAndSpillage
[23Mar2025 15:21:35.972] [main/DEBUG] [net.minecraftforge.fml.javafmlmod.FMLJavaModLanguageProvider/LOADING]: Loading FMLModContainer from classloader cpw.mods.modlauncher.TransformingClassLoader@501957bf - got cpw.mods.cl.ModuleClassLoader@67440de6
[23Mar2025 15:21:35.972] [main/DEBUG] [net.minecraftforge.fml.javafmlmod.FMLModContainer/LOADING]: Creating FMLModContainer instance for de.cristelknight999.t_and_t.TT
[23Mar2025 15:21:35.972] [main/DEBUG] [net.minecraftforge.fml.javafmlmod.FMLJavaModLanguageProvider/LOADING]: Loading FMLModContainer from classloader cpw.mods.modlauncher.TransformingClassLoader@501957bf - got cpw.mods.cl.ModuleClassLoader@67440de6
[23Mar2025 15:21:35.972] [main/DEBUG] [net.minecraftforge.fml.javafmlmod.FMLModContainer/LOADING]: Creating FMLModContainer instance for com.yungnickyoung.minecraft.bettermineshafts.BetterMineshaftsForge
[23Mar2025 15:21:35.973] [main/DEBUG] [net.minecraftforge.fml.javafmlmod.FMLJavaModLanguageProvider/LOADING]: Loading FMLModContainer from classloader cpw.mods.modlauncher.TransformingClassLoader@501957bf - got cpw.mods.cl.ModuleClassLoader@67440de6
[23Mar2025 15:21:35.973] [main/DEBUG] [net.minecraftforge.fml.javafmlmod.FMLModContainer/LOADING]: Creating FMLModContainer instance for plus.dragons.omnicard.OmniCard
[23Mar2025 15:21:35.973] [main/DEBUG] [net.minecraftforge.fml.javafmlmod.FMLJavaModLanguageProvider/LOADING]: Loading FMLModContainer from classloader cpw.mods.modlauncher.TransformingClassLoader@501957bf - got cpw.mods.cl.ModuleClassLoader@67440de6
[23Mar2025 15:21:35.973] [main/DEBUG] [net.minecraftforge.fml.javafmlmod.FMLModContainer/LOADING]: Creating FMLModContainer instance for team.creative.playerrevive.PlayerRevive
[23Mar2025 15:21:35.974] [main/DEBUG] [net.minecraftforge.fml.javafmlmod.FMLJavaModLanguageProvider/LOADING]: Loading FMLModContainer from classloader cpw.mods.modlauncher.TransformingClassLoader@501957bf - got cpw.mods.cl.ModuleClassLoader@67440de6
[23Mar2025 15:21:35.974] [main/DEBUG] [net.minecraftforge.fml.javafmlmod.FMLModContainer/LOADING]: Creating FMLModContainer instance for com.yungnickyoung.minecraft.betterjungletemples.BetterJungleTemplesForge
[23Mar2025 15:21:35.974] [main/DEBUG] [net.minecraftforge.fml.javafmlmod.FMLJavaModLanguageProvider/LOADING]: Loading FMLModContainer from classloader cpw.mods.modlauncher.TransformingClassLoader@501957bf - got cpw.mods.cl.ModuleClassLoader@67440de6
[23Mar2025 15:21:35.975] [main/DEBUG] [net.minecraftforge.fml.javafmlmod.FMLModContainer/LOADING]: Creating FMLModContainer instance for com.bobmowzie.mowziesmobs.MowziesMobs
[23Mar2025 15:21:35.975] [main/DEBUG] [net.minecraftforge.fml.javafmlmod.FMLJavaModLanguageProvider/LOADING]: Loading FMLModContainer from classloader cpw.mods.modlauncher.TransformingClassLoader@501957bf - got cpw.mods.cl.ModuleClassLoader@67440de6
[23Mar2025 15:21:35.975] [main/DEBUG] [net.minecraftforge.fml.javafmlmod.FMLModContainer/LOADING]: Creating FMLModContainer instance for software.bernie.example.GeckoLibMod
[23Mar2025 15:21:35.976] [main/DEBUG] [net.minecraftforge.fml.javafmlmod.FMLJavaModLanguageProvider/LOADING]: Loading FMLModContainer from classloader cpw.mods.modlauncher.TransformingClassLoader@501957bf - got cpw.mods.cl.ModuleClassLoader@67440de6
[23Mar2025 15:21:35.976] [main/DEBUG] [net.minecraftforge.fml.javafmlmod.FMLModContainer/LOADING]: Creating FMLModContainer instance for com.modderg.tameablebeasts.TameableBeast
[23Mar2025 15:21:35.976] [main/DEBUG] [net.minecraftforge.fml.javafmlmod.FMLJavaModLanguageProvider/LOADING]: Loading FMLModContainer from classloader cpw.mods.modlauncher.TransformingClassLoader@501957bf - got cpw.mods.cl.ModuleClassLoader@67440de6
[23Mar2025 15:21:35.977] [main/DEBUG] [net.minecraftforge.fml.javafmlmod.FMLModContainer/LOADING]: Creating FMLModContainer instance for net.blay09.mods.trashslot.ForgeTrashSlot
[23Mar2025 15:21:35.977] [main/DEBUG] [net.minecraftforge.fml.javafmlmod.FMLJavaModLanguageProvider/LOADING]: Loading FMLModContainer from classloader cpw.mods.modlauncher.TransformingClassLoader@501957bf - got cpw.mods.cl.ModuleClassLoader@67440de6
[23Mar2025 15:21:35.977] [main/DEBUG] [net.minecraftforge.fml.javafmlmod.FMLModContainer/LOADING]: Creating FMLModContainer instance for mezz.jei.forge.JustEnoughItems
[23Mar2025 15:21:35.977] [main/DEBUG] [net.minecraftforge.fml.javafmlmod.FMLJavaModLanguageProvider/LOADING]: Loading FMLModContainer from classloader cpw.mods.modlauncher.TransformingClassLoader@501957bf - got cpw.mods.cl.ModuleClassLoader@67440de6
[23Mar2025 15:21:35.978] [main/DEBUG] [net.minecraftforge.fml.javafmlmod.FMLModContainer/LOADING]: Creating FMLModContainer instance for dev.worldgen.lithostitched.LithostitchedForge
[23Mar2025 15:21:35.978] [main/DEBUG] [net.minecraftforge.fml.javafmlmod.FMLJavaModLanguageProvider/LOADING]: Loading FMLModContainer from classloader cpw.mods.modlauncher.TransformingClassLoader@501957bf - got cpw.mods.cl.ModuleClassLoader@67440de6
[23Mar2025 15:21:35.978] [main/DEBUG] [net.minecraftforge.fml.javafmlmod.FMLModContainer/LOADING]: Creating FMLModContainer instance for com.lion.graveyard.forge.GraveyardForge
[23Mar2025 15:21:35.979] [main/DEBUG] [net.minecraftforge.fml.javafmlmod.FMLJavaModLanguageProvider/LOADING]: Loading FMLModContainer from classloader cpw.mods.modlauncher.TransformingClassLoader@501957bf - got cpw.mods.cl.ModuleClassLoader@67440de6
[23Mar2025 15:21:35.979] [main/DEBUG] [net.minecraftforge.fml.javafmlmod.FMLModContainer/LOADING]: Creating FMLModContainer instance for commonnetwork.CommonNetworkForge
[23Mar2025 15:21:35.979] [main/DEBUG] [net.minecraftforge.fml.javafmlmod.FMLJavaModLanguageProvider/LOADING]: Loading FMLModContainer from classloader cpw.mods.modlauncher.TransformingClassLoader@501957bf - got cpw.mods.cl.ModuleClassLoader@67440de6
[23Mar2025 15:21:35.979] [main/DEBUG] [net.minecraftforge.fml.javafmlmod.FMLModContainer/LOADING]: Creating FMLModContainer instance for com.mrcrayfish.goblintraders.GoblinTraders
[23Mar2025 15:21:35.980] [main/DEBUG] [net.minecraftforge.fml.javafmlmod.FMLJavaModLanguageProvider/LOADING]: Loading FMLModContainer from classloader cpw.mods.modlauncher.TransformingClassLoader@501957bf - got cpw.mods.cl.ModuleClassLoader@67440de6
[23Mar2025 15:21:35.980] [main/DEBUG] [net.minecraftforge.fml.javafmlmod.FMLModContainer/LOADING]: Creating FMLModContainer instance for com.obscuria.obscureapi.ObscureAPI
[23Mar2025 15:21:35.980] [main/DEBUG] [net.minecraftforge.fml.javafmlmod.FMLJavaModLanguageProvider/LOADING]: Loading FMLModContainer from classloader cpw.mods.modlauncher.TransformingClassLoader@501957bf - got cpw.mods.cl.ModuleClassLoader@67440de6
[23Mar2025 15:21:35.980] [main/DEBUG] [net.minecraftforge.fml.javafmlmod.FMLModContainer/LOADING]: Creating FMLModContainer instance for net.blay09.mods.waystones.ForgeWaystones
[23Mar2025 15:21:35.981] [main/DEBUG] [net.minecraftforge.fml.javafmlmod.FMLJavaModLanguageProvider/LOADING]: Loading FMLModContainer from classloader cpw.mods.modlauncher.TransformingClassLoader@501957bf - got cpw.mods.cl.ModuleClassLoader@67440de6
[23Mar2025 15:21:35.981] [main/DEBUG] [net.minecraftforge.fml.javafmlmod.FMLModContainer/LOADING]: Creating FMLModContainer instance for com.blamejared.clumps.Clumps
[23Mar2025 15:21:35.981] [main/DEBUG] [net.minecraftforge.fml.javafmlmod.FMLJavaModLanguageProvider/LOADING]: Loading FMLModContainer from classloader cpw.mods.modlauncher.TransformingClassLoader@501957bf - got cpw.mods.cl.ModuleClassLoader@67440de6
[23Mar2025 15:21:35.981] [main/DEBUG] [net.minecraftforge.fml.javafmlmod.FMLModContainer/LOADING]: Creating FMLModContainer instance for com.craisinlord.integrated_api.forge.IntegratedAPIForge
[23Mar2025 15:21:35.982] [main/DEBUG] [net.minecraftforge.fml.javafmlmod.FMLJavaModLanguageProvider/LOADING]: Loading FMLModContainer from classloader cpw.mods.modlauncher.TransformingClassLoader@501957bf - got cpw.mods.cl.ModuleClassLoader@67440de6
[23Mar2025 15:21:35.982] [main/DEBUG] [net.minecraftforge.fml.javafmlmod.FMLModContainer/LOADING]: Creating FMLModContainer instance for com.chaosthedude.naturescompass.NaturesCompass
[23Mar2025 15:21:35.983] [main/DEBUG] [net.minecraftforge.fml.javafmlmod.FMLJavaModLanguageProvider/LOADING]: Loading FMLModContainer from classloader cpw.mods.modlauncher.TransformingClassLoader@501957bf - got cpw.mods.cl.ModuleClassLoader@67440de6
[23Mar2025 15:21:35.983] [main/DEBUG] [net.minecraftforge.fml.javafmlmod.FMLModContainer/LOADING]: Creating FMLModContainer instance for artifacts.forge.ArtifactsForge
[23Mar2025 15:21:35.983] [main/DEBUG] [net.minecraftforge.fml.javafmlmod.FMLJavaModLanguageProvider/LOADING]: Loading FMLModContainer from classloader cpw.mods.modlauncher.TransformingClassLoader@501957bf - got cpw.mods.cl.ModuleClassLoader@67440de6
[23Mar2025 15:21:35.983] [main/DEBUG] [net.minecraftforge.fml.javafmlmod.FMLModContainer/LOADING]: Creating FMLModContainer instance for nonamecrackers2.crackerslib.CrackersLib
[23Mar2025 15:21:35.984] [main/DEBUG] [net.minecraftforge.fml.javafmlmod.FMLJavaModLanguageProvider/LOADING]: Loading FMLModContainer from classloader cpw.mods.modlauncher.TransformingClassLoader@501957bf - got cpw.mods.cl.ModuleClassLoader@67440de6
[23Mar2025 15:21:35.984] [main/DEBUG] [net.minecraftforge.fml.javafmlmod.FMLModContainer/LOADING]: Creating FMLModContainer instance for dev.xylonity.knightlib.KnightLib
[23Mar2025 15:21:35.984] [main/DEBUG] [net.minecraftforge.fml.javafmlmod.FMLJavaModLanguageProvider/LOADING]: Loading FMLModContainer from classloader cpw.mods.modlauncher.TransformingClassLoader@501957bf - got cpw.mods.cl.ModuleClassLoader@67440de6
[23Mar2025 15:21:35.984] [main/DEBUG] [net.minecraftforge.fml.javafmlmod.FMLModContainer/LOADING]: Creating FMLModContainer instance for com.yungnickyoung.minecraft.betterdeserttemples.BetterDesertTemplesForge
[23Mar2025 15:21:35.984] [main/DEBUG] [net.minecraftforge.fml.javafmlmod.FMLJavaModLanguageProvider/LOADING]: Loading FMLModContainer from classloader cpw.mods.modlauncher.TransformingClassLoader@501957bf - got cpw.mods.cl.ModuleClassLoader@67440de6
[23Mar2025 15:21:35.985] [main/DEBUG] [net.minecraftforge.fml.javafmlmod.FMLModContainer/LOADING]: Creating FMLModContainer instance for com.corosus.watut.loader.forge.WatutModForge
[23Mar2025 15:21:35.985] [main/DEBUG] [net.minecraftforge.fml.javafmlmod.FMLJavaModLanguageProvider/LOADING]: Loading FMLModContainer from classloader cpw.mods.modlauncher.TransformingClassLoader@501957bf - got cpw.mods.cl.ModuleClassLoader@67440de6
[23Mar2025 15:21:35.985] [main/DEBUG] [net.minecraftforge.fml.javafmlmod.FMLModContainer/LOADING]: Creating FMLModContainer instance for net.minecraftforge.common.ForgeMod
[23Mar2025 15:21:35.988] [main/DEBUG] [net.minecraftforge.fml.javafmlmod.FMLJavaModLanguageProvider/LOADING]: Loading FMLModContainer from classloader cpw.mods.modlauncher.TransformingClassLoader@501957bf - got cpw.mods.cl.ModuleClassLoader@67440de6
[23Mar2025 15:21:35.988] [main/DEBUG] [net.minecraftforge.fml.javafmlmod.FMLModContainer/LOADING]: Creating FMLModContainer instance for io.github.kosmx.emotes.forge.ForgeWrapper
[23Mar2025 15:21:35.989] [main/DEBUG] [net.minecraftforge.fml.javafmlmod.FMLJavaModLanguageProvider/LOADING]: Loading FMLModContainer from classloader cpw.mods.modlauncher.TransformingClassLoader@501957bf - got cpw.mods.cl.ModuleClassLoader@67440de6
[23Mar2025 15:21:35.989] [main/DEBUG] [net.minecraftforge.fml.javafmlmod.FMLModContainer/LOADING]: Creating FMLModContainer instance for net.mcreator.borninchaosv.BornInChaosV1Mod
[23Mar2025 15:21:35.989] [main/DEBUG] [net.minecraftforge.fml.javafmlmod.FMLJavaModLanguageProvider/LOADING]: Loading FMLModContainer from classloader cpw.mods.modlauncher.TransformingClassLoader@501957bf - got cpw.mods.cl.ModuleClassLoader@67440de6
[23Mar2025 15:21:35.989] [main/DEBUG] [net.minecraftforge.fml.javafmlmod.FMLModContainer/LOADING]: Creating FMLModContainer instance for net.mcreator.undeadrevamp.UndeadRevamp2Mod
[23Mar2025 15:21:35.990] [main/DEBUG] [net.minecraftforge.fml.javafmlmod.FMLJavaModLanguageProvider/LOADING]: Loading FMLModContainer from classloader cpw.mods.modlauncher.TransformingClassLoader@501957bf - got cpw.mods.cl.ModuleClassLoader@67440de6
[23Mar2025 15:21:35.990] [main/DEBUG] [net.minecraftforge.fml.javafmlmod.FMLModContainer/LOADING]: Creating FMLModContainer instance for com.github.alexmodguy.alexscaves.AlexsCaves
[23Mar2025 15:21:35.991] [main/DEBUG] [net.minecraftforge.fml.javafmlmod.FMLJavaModLanguageProvider/LOADING]: Loading FMLModContainer from classloader cpw.mods.modlauncher.TransformingClassLoader@501957bf - got cpw.mods.cl.ModuleClassLoader@67440de6
[23Mar2025 15:21:35.991] [main/DEBUG] [net.minecraftforge.fml.javafmlmod.FMLModContainer/LOADING]: Creating FMLModContainer instance for terrablender.core.TerraBlenderForge
[23Mar2025 15:21:35.991] [main/DEBUG] [net.minecraftforge.fml.javafmlmod.FMLJavaModLanguageProvider/LOADING]: Loading FMLModContainer from classloader cpw.mods.modlauncher.TransformingClassLoader@501957bf - got cpw.mods.cl.ModuleClassLoader@67440de6
[23Mar2025 15:21:35.991] [main/DEBUG] [net.minecraftforge.fml.javafmlmod.FMLModContainer/LOADING]: Creating FMLModContainer instance for biomesoplenty.core.BiomesOPlenty
[23Mar2025 15:21:35.992] [main/DEBUG] [net.minecraftforge.fml.javafmlmod.FMLJavaModLanguageProvider/LOADING]: Loading FMLModContainer from classloader cpw.mods.modlauncher.TransformingClassLoader@501957bf - got cpw.mods.cl.ModuleClassLoader@67440de6
[23Mar2025 15:21:35.992] [main/DEBUG] [net.minecraftforge.fml.javafmlmod.FMLModContainer/LOADING]: Creating FMLModContainer instance for net.mehvahdjukaar.moonlight.forge.MoonlightForge
[23Mar2025 15:21:35.992] [main/DEBUG] [net.minecraftforge.fml.javafmlmod.FMLJavaModLanguageProvider/LOADING]: Loading FMLModContainer from classloader cpw.mods.modlauncher.TransformingClassLoader@501957bf - got cpw.mods.cl.ModuleClassLoader@67440de6
[23Mar2025 15:21:35.993] [main/DEBUG] [net.minecraftforge.fml.javafmlmod.FMLModContainer/LOADING]: Creating FMLModContainer instance for com.bawnorton.mixinsquared.platform.forge.MixinSquaredMod
[23Mar2025 15:21:35.993] [main/DEBUG] [net.minecraftforge.fml.javafmlmod.FMLJavaModLanguageProvider/LOADING]: Loading FMLModContainer from classloader cpw.mods.modlauncher.TransformingClassLoader@501957bf - got cpw.mods.cl.ModuleClassLoader@67440de6
[23Mar2025 15:21:35.993] [main/DEBUG] [net.minecraftforge.fml.javafmlmod.FMLModContainer/LOADING]: Creating FMLModContainer instance for snownee.jade.util.CommonProxy
[23Mar2025 15:21:35.994] [main/DEBUG] [net.minecraftforge.fml.javafmlmod.FMLJavaModLanguageProvider/LOADING]: Loading FMLModContainer from classloader cpw.mods.modlauncher.TransformingClassLoader@501957bf - got cpw.mods.cl.ModuleClassLoader@67440de6
[23Mar2025 15:21:35.994] [main/DEBUG] [net.minecraftforge.fml.javafmlmod.FMLModContainer/LOADING]: Creating FMLModContainer instance for dev.xylonity.knightquest.KnightQuest
[23Mar2025 15:21:35.995] [main/DEBUG] [net.minecraftforge.fml.javafmlmod.FMLJavaModLanguageProvider/LOADING]: Loading FMLModContainer from classloader cpw.mods.modlauncher.TransformingClassLoader@501957bf - got cpw.mods.cl.ModuleClassLoader@67440de6
[23Mar2025 15:21:35.995] [main/DEBUG] [net.minecraftforge.fml.javafmlmod.FMLModContainer/LOADING]: Creating FMLModContainer instance for team.creative.creativecore.CreativeCore
[23Mar2025 15:21:35.995] [main/DEBUG] [net.minecraftforge.fml.javafmlmod.FMLJavaModLanguageProvider/LOADING]: Loading FMLModContainer from classloader cpw.mods.modlauncher.TransformingClassLoader@501957bf - got cpw.mods.cl.ModuleClassLoader@67440de6
[23Mar2025 15:21:35.995] [main/DEBUG] [net.minecraftforge.fml.javafmlmod.FMLModContainer/LOADING]: Creating FMLModContainer instance for studio.lunareclipse.watching.Init
[23Mar2025 15:21:35.996] [main/DEBUG] [net.minecraftforge.fml.javafmlmod.FMLJavaModLanguageProvider/LOADING]: Loading FMLModContainer from classloader cpw.mods.modlauncher.TransformingClassLoader@501957bf - got cpw.mods.cl.ModuleClassLoader@67440de6
[23Mar2025 15:21:35.996] [main/DEBUG] [net.minecraftforge.fml.javafmlmod.FMLModContainer/LOADING]: Creating FMLModContainer instance for net.dreambeam.revivehardcoreplayers.ReviveHardcorePlayersMod
[23Mar2025 15:21:35.996] [main/DEBUG] [net.minecraftforge.fml.javafmlmod.FMLJavaModLanguageProvider/LOADING]: Loading FMLModContainer from classloader cpw.mods.modlauncher.TransformingClassLoader@501957bf - got cpw.mods.cl.ModuleClassLoader@67440de6
[23Mar2025 15:21:35.996] [main/DEBUG] [net.minecraftforge.fml.javafmlmod.FMLModContainer/LOADING]: Creating FMLModContainer instance for com.illusivesoulworks.spectrelib.SpectreForgeMod
[23Mar2025 15:21:35.997] [main/DEBUG] [thedarkcolour.kotlinforforge.LoggerKt/LOADING]: Loading KotlinModContainer from classloader cpw.mods.modlauncher.TransformingClassLoader@501957bf - got cpw.mods.cl.ModuleClassLoader@67440de6}
[23Mar2025 15:21:35.998] [main/DEBUG] [thedarkcolour.kotlinforforge.LoggerKt/LOADING]: Creating KotlinModContainer instance for thedarkcolour.kotlinforforge.test.KotlinForForge
[23Mar2025 15:21:35.999] [main/DEBUG] [net.minecraftforge.fml.javafmlmod.FMLJavaModLanguageProvider/LOADING]: Loading FMLModContainer from classloader cpw.mods.modlauncher.TransformingClassLoader@501957bf - got cpw.mods.cl.ModuleClassLoader@67440de6
[23Mar2025 15:21:35.999] [main/DEBUG] [net.minecraftforge.fml.javafmlmod.FMLModContainer/LOADING]: Creating FMLModContainer instance for com.yungnickyoung.minecraft.ribbits.RibbitsForge
[23Mar2025 15:21:36.000] [main/DEBUG] [net.minecraftforge.fml.javafmlmod.FMLJavaModLanguageProvider/LOADING]: Loading FMLModContainer from classloader cpw.mods.modlauncher.TransformingClassLoader@501957bf - got cpw.mods.cl.ModuleClassLoader@67440de6
[23Mar2025 15:21:36.000] [main/DEBUG] [net.minecraftforge.fml.javafmlmod.FMLModContainer/LOADING]: Creating FMLModContainer instance for dev.engine_room.flywheel.impl.FlywheelForge
[23Mar2025 15:21:36.000] [main/DEBUG] [net.minecraftforge.fml.javafmlmod.FMLJavaModLanguageProvider/LOADING]: Loading FMLModContainer from classloader cpw.mods.modlauncher.TransformingClassLoader@501957bf - got cpw.mods.cl.ModuleClassLoader@67440de6
[23Mar2025 15:21:36.001] [main/DEBUG] [net.minecraftforge.fml.javafmlmod.FMLModContainer/LOADING]: Creating FMLModContainer instance for net.createmod.ponder.ForgePonder
[23Mar2025 15:21:36.001] [main/DEBUG] [net.minecraftforge.fml.javafmlmod.FMLJavaModLanguageProvider/LOADING]: Loading FMLModContainer from classloader cpw.mods.modlauncher.TransformingClassLoader@501957bf - got cpw.mods.cl.ModuleClassLoader@67440de6
[23Mar2025 15:21:36.001] [main/DEBUG] [net.minecraftforge.fml.javafmlmod.FMLModContainer/LOADING]: Creating FMLModContainer instance for com.simibubi.create.Create
[23Mar2025 15:21:36.001] [main/DEBUG] [net.minecraftforge.fml.javafmlmod.FMLJavaModLanguageProvider/LOADING]: Loading FMLModContainer from classloader cpw.mods.modlauncher.TransformingClassLoader@501957bf - got cpw.mods.cl.ModuleClassLoader@67440de6
[23Mar2025 15:21:36.001] [main/DEBUG] [net.minecraftforge.fml.javafmlmod.FMLModContainer/LOADING]: Creating FMLModContainer instance for com.illusivesoulworks.polymorph.PolymorphForgeMod
[23Mar2025 15:21:36.002] [main/DEBUG] [net.minecraftforge.fml.javafmlmod.FMLJavaModLanguageProvider/LOADING]: Loading FMLModContainer from classloader cpw.mods.modlauncher.TransformingClassLoader@501957bf - got cpw.mods.cl.ModuleClassLoader@67440de6
[23Mar2025 15:21:36.002] [main/DEBUG] [net.minecraftforge.fml.javafmlmod.FMLModContainer/LOADING]: Creating FMLModContainer instance for net.geforcemods.securitycraft.SecurityCraft
[23Mar2025 15:21:36.003] [main/DEBUG] [net.minecraftforge.fml.javafmlmod.FMLJavaModLanguageProvider/LOADING]: Loading FMLModContainer from classloader cpw.mods.modlauncher.TransformingClassLoader@501957bf - got cpw.mods.cl.ModuleClassLoader@67440de6
[23Mar2025 15:21:36.003] [main/DEBUG] [net.minecraftforge.fml.javafmlmod.FMLModContainer/LOADING]: Creating FMLModContainer instance for org.violetmoon.zetaimplforge.mod.ZetaModForge
[23Mar2025 15:21:36.003] [main/DEBUG] [net.minecraftforge.fml.javafmlmod.FMLJavaModLanguageProvider/LOADING]: Loading FMLModContainer from classloader cpw.mods.modlauncher.TransformingClassLoader@501957bf - got cpw.mods.cl.ModuleClassLoader@67440de6
[23Mar2025 15:21:36.003] [main/DEBUG] [net.minecraftforge.fml.javafmlmod.FMLModContainer/LOADING]: Creating FMLModContainer instance for net.clockwork.cannibal.Clockwork
[23Mar2025 15:21:36.004] [main/DEBUG] [net.minecraftforge.fml.javafmlmod.FMLJavaModLanguageProvider/LOADING]: Loading FMLModContainer from classloader cpw.mods.modlauncher.TransformingClassLoader@501957bf - got cpw.mods.cl.ModuleClassLoader@67440de6
[23Mar2025 15:21:36.004] [main/DEBUG] [net.minecraftforge.fml.javafmlmod.FMLModContainer/LOADING]: Creating FMLModContainer instance for com.corosus.coroutil.loader.forge.ConfigModForge
[23Mar2025 15:21:36.004] [main/DEBUG] [net.minecraftforge.fml.javafmlmod.FMLJavaModLanguageProvider/LOADING]: Loading FMLModContainer from classloader cpw.mods.modlauncher.TransformingClassLoader@501957bf - got cpw.mods.cl.ModuleClassLoader@67440de6
[23Mar2025 15:21:36.004] [main/DEBUG] [net.minecraftforge.fml.javafmlmod.FMLModContainer/LOADING]: Creating FMLModContainer instance for noobanidus.mods.lootr.Lootr
[23Mar2025 15:21:36.005] [main/DEBUG] [net.minecraftforge.fml.javafmlmod.FMLJavaModLanguageProvider/LOADING]: Loading FMLModContainer from classloader cpw.mods.modlauncher.TransformingClassLoader@501957bf - got cpw.mods.cl.ModuleClassLoader@67440de6
[23Mar2025 15:21:36.005] [main/DEBUG] [net.minecraftforge.fml.javafmlmod.FMLModContainer/LOADING]: Creating FMLModContainer instance for org.violetmoon.quark.base.Quark
[23Mar2025 15:21:36.005] [main/DEBUG] [net.minecraftforge.fml.javafmlmod.FMLJavaModLanguageProvider/LOADING]: Loading FMLModContainer from classloader cpw.mods.modlauncher.TransformingClassLoader@501957bf - got cpw.mods.cl.ModuleClassLoader@67440de6
[23Mar2025 15:21:36.005] [main/DEBUG] [net.minecraftforge.fml.javafmlmod.FMLModContainer/LOADING]: Creating FMLModContainer instance for net.mehvahdjukaar.supplementaries.forge.SupplementariesForge
[23Mar2025 15:21:36.006] [main/DEBUG] [net.minecraftforge.fml.javafmlmod.FMLJavaModLanguageProvider/LOADING]: Loading FMLModContainer from classloader cpw.mods.modlauncher.TransformingClassLoader@501957bf - got cpw.mods.cl.ModuleClassLoader@67440de6
[23Mar2025 15:21:36.006] [main/DEBUG] [net.minecraftforge.fml.javafmlmod.FMLModContainer/LOADING]: Creating FMLModContainer instance for be.florens.expandability.forge.ExpandAbilityForge
[23Mar2025 15:21:36.006] [main/DEBUG] [net.minecraftforge.fml.javafmlmod.FMLJavaModLanguageProvider/LOADING]: Loading FMLModContainer from classloader cpw.mods.modlauncher.TransformingClassLoader@501957bf - got cpw.mods.cl.ModuleClassLoader@67440de6
[23Mar2025 15:21:36.006] [main/DEBUG] [net.minecraftforge.fml.javafmlmod.FMLModContainer/LOADING]: Creating FMLModContainer instance for com.obscuria.aquamirae.Aquamirae
[23Mar2025 15:21:36.007] [main/DEBUG] [net.minecraftforge.fml.javafmlmod.FMLJavaModLanguageProvider/LOADING]: Loading FMLModContainer from classloader cpw.mods.modlauncher.TransformingClassLoader@501957bf - got cpw.mods.cl.ModuleClassLoader@67440de6
[23Mar2025 15:21:36.007] [main/DEBUG] [net.minecraftforge.fml.javafmlmod.FMLModContainer/LOADING]: Creating FMLModContainer instance for net.cristellib.forge.CristelLibForge
[23Mar2025 15:21:36.008] [main/DEBUG] [net.minecraftforge.fml.javafmlmod.FMLJavaModLanguageProvider/LOADING]: Loading FMLModContainer from classloader cpw.mods.modlauncher.TransformingClassLoader@501957bf - got cpw.mods.cl.ModuleClassLoader@67440de6
[23Mar2025 15:21:36.008] [main/DEBUG] [net.minecraftforge.fml.javafmlmod.FMLModContainer/LOADING]: Creating FMLModContainer instance for earth.terrarium.adastra.forge.AdAstraForge
[23Mar2025 15:21:36.008] [main/DEBUG] [net.minecraftforge.fml.javafmlmod.FMLJavaModLanguageProvider/LOADING]: Loading FMLModContainer from classloader cpw.mods.modlauncher.TransformingClassLoader@501957bf - got cpw.mods.cl.ModuleClassLoader@67440de6
[23Mar2025 15:21:36.008] [main/DEBUG] [net.minecraftforge.fml.javafmlmod.FMLModContainer/LOADING]: Creating FMLModContainer instance for ad_astra_giselle_addon.common.AdAstraGiselleAddonForge
[23Mar2025 15:21:36.022] [modloading-worker-0/DEBUG] [net.minecraftforge.fml.javafmlmod.AutomaticEventSubscriber/LOADING]: Attempting to inject @EventBusSubscriber classes into the eventbus for playeranimator
[23Mar2025 15:21:36.022] [modloading-worker-0/DEBUG] [net.minecraftforge.fml.javafmlmod.AutomaticEventSubscriber/LOADING]: Attempting to inject @EventBusSubscriber classes into the eventbus for kuma_api
[23Mar2025 15:21:36.046] [modloading-worker-0/DEBUG] [net.minecraftforge.fml.config.ConfigTracker/CONFIG]: Config file indestructible_blocks-common.toml for indestructible_blocks tracking
[23Mar2025 15:21:36.047] [modloading-worker-0/INFO] [indestructible_blocks/]: Muahahah, we shall make every block out of bedrock material!
[23Mar2025 15:21:36.049] [modloading-worker-0/DEBUG] [net.minecraftforge.fml.config.ConfigTracker/CONFIG]: Config file sophisticatedcore-common.toml for sophisticatedcore tracking
[23Mar2025 15:21:36.049] [modloading-worker-0/DEBUG] [net.minecraftforge.fml.config.ConfigTracker/CONFIG]: Config file sophisticatedcore-client.toml for sophisticatedcore tracking
[23Mar2025 15:21:36.071] [modloading-worker-0/DEBUG] [net.minecraftforge.fml.javafmlmod.AutomaticEventSubscriber/LOADING]: Attempting to inject @EventBusSubscriber classes into the eventbus for botarium
[23Mar2025 15:21:36.078] [modloading-worker-0/DEBUG] [mixin/]: Mixing ReloadableServerResourcesMixin from balm.mixins.json into net.minecraft.server.ReloadableServerResources
[23Mar2025 15:21:36.078] [modloading-worker-0/DEBUG] [mixin/]: Renaming synthetic method lambda$loadResources$0(Lnet/minecraft/server/ReloadableServerResources;)V to mdea3d73$lambda$loadResources$0$0 in balm.mixins.json:ReloadableServerResourcesMixin
[23Mar2025 15:21:36.092] [modloading-worker-0/DEBUG] [net.minecraftforge.fml.javafmlmod.AutomaticEventSubscriber/LOADING]: Attempting to inject @EventBusSubscriber classes into the eventbus for indestructible_blocks
[23Mar2025 15:21:36.097] [modloading-worker-0/DEBUG] [mixin/]: Mixing PlayerListMixin from balm.mixins.json into net.minecraft.server.players.PlayerList
[23Mar2025 15:21:36.098] [modloading-worker-0/DEBUG] [mixin/]: Mixing camera.PlayerListMixin from securitycraft.mixins.json into net.minecraft.server.players.PlayerList
[23Mar2025 15:21:36.111] [modloading-worker-0/DEBUG] [com.tterrag.registrate.AbstractRegistrate/REGISTRATE.REGISTER]: Captured registration for entry copy_nbt_mechanical_crafting of type minecraft:recipe_serializer
[23Mar2025 15:21:36.111] [modloading-worker-0/DEBUG] [mixin/]: Mixing MixinRecipeManager from polymorph.mixins.json into net.minecraft.world.item.crafting.RecipeManager
[23Mar2025 15:21:36.112] [modloading-worker-0/DEBUG] [mixin/]: Renaming synthetic method lambda$polymorph$getRecipe$1(Lorg/spongepowered/asm/mixin/injection/callback/CallbackInfoReturnable;Lnet/minecraft/world/item/crafting/Recipe;)V to mdea3d73$lambda$polymorph$getRecipe$1$0 in polymorph.mixins.json:MixinRecipeManager
[23Mar2025 15:21:36.113] [modloading-worker-0/DEBUG] [mixin/]: Renaming synthetic method lambda$polymorph$getRecipe$0(Lorg/spongepowered/asm/mixin/injection/callback/CallbackInfoReturnable;Lnet/minecraft/resources/ResourceLocation;Lnet/minecraft/world/item/crafting/Recipe;)V to mdea3d73$lambda$polymorph$getRecipe$0$1 in polymorph.mixins.json:MixinRecipeManager
[23Mar2025 15:21:36.113] [modloading-worker-0/DEBUG] [mixin/]: Mixing accessor.RecipeManagerAccessor from farmersdelight.mixins.json into net.minecraft.world.item.crafting.RecipeManager
[23Mar2025 15:21:36.121] [modloading-worker-0/DEBUG] [mixin/]: Mixing ConditionHackMixin from moonlight.mixins.json into net.minecraft.server.packs.resources.SimplePreparableReloadListener
[23Mar2025 15:21:36.148] [modloading-worker-0/DEBUG] [net.minecraftforge.fml.javafmlmod.AutomaticEventSubscriber/LOADING]: Attempting to inject @EventBusSubscriber classes into the eventbus for sophisticatedcore
[23Mar2025 15:21:36.152] [modloading-worker-0/DEBUG] [net.minecraftforge.fml.config.ConfigTracker/CONFIG]: Config file treechop-common.toml for treechop tracking
[23Mar2025 15:21:36.153] [modloading-worker-0/DEBUG] [net.minecraftforge.fml.config.ConfigTracker/CONFIG]: Config file treechop-client.toml for treechop tracking
[23Mar2025 15:21:36.197] [modloading-worker-0/DEBUG] [net.minecraftforge.fml.config.ConfigTracker/CONFIG]: Config file citadel-common.toml for citadel tracking
[23Mar2025 15:21:36.201] [modloading-worker-0/DEBUG] [net.minecraftforge.fml.javafmlmod.AutomaticEventSubscriber/LOADING]: Attempting to inject @EventBusSubscriber classes into the eventbus for treechop
[23Mar2025 15:21:36.207] [modloading-worker-0/DEBUG] [net.minecraftforge.fml.javafmlmod.AutomaticEventSubscriber/LOADING]: Auto-subscribing ht.treechop.server.ForgeServer to MOD
[23Mar2025 15:21:36.215] [modloading-worker-0/DEBUG] [net.minecraftforge.fml.javafmlmod.AutomaticEventSubscriber/LOADING]: Auto-subscribing ht.treechop.compat.TreeChopForgeAPITest to MOD
[23Mar2025 15:21:36.217] [modloading-worker-0/DEBUG] [net.minecraftforge.fml.javafmlmod.AutomaticEventSubscriber/LOADING]: Auto-subscribing ht.treechop.compat.TheOneProbe to MOD
[23Mar2025 15:21:36.220] [modloading-worker-0/DEBUG] [net.minecraftforge.fml.javafmlmod.AutomaticEventSubscriber/LOADING]: Auto-subscribing ht.treechop.compat.SilentGear to MOD
[23Mar2025 15:21:36.218] [modloading-worker-0/DEBUG] [net.minecraftforge.fml.javafmlmod.AutomaticEventSubscriber/LOADING]: Attempting to inject @EventBusSubscriber classes into the eventbus for citadel
[23Mar2025 15:21:36.220] [modloading-worker-0/DEBUG] [net.minecraftforge.fml.javafmlmod.AutomaticEventSubscriber/LOADING]: Auto-subscribing com.github.alexthe666.citadel.ServerProxy to MOD
[23Mar2025 15:21:36.224] [modloading-worker-0/DEBUG] [net.minecraftforge.fml.javafmlmod.AutomaticEventSubscriber/LOADING]: Auto-subscribing ht.treechop.compat.ProjectMMO to MOD
[23Mar2025 15:21:36.228] [modloading-worker-0/DEBUG] [com.tterrag.registrate.AbstractRegistrate/REGISTRATE.REGISTER]: Captured registration for entry jetpack of type minecraft:item
[23Mar2025 15:21:36.229] [modloading-worker-0/DEBUG] [net.minecraftforge.fml.javafmlmod.AutomaticEventSubscriber/LOADING]: Auto-subscribing ht.treechop.compat.NoChopRecursion to MOD
[23Mar2025 15:21:36.231] [modloading-worker-0/DEBUG] [net.minecraftforge.fml.javafmlmod.AutomaticEventSubscriber/LOADING]: Auto-subscribing ht.treechop.compat.NoChopOnRightClick to MOD
[23Mar2025 15:21:36.231] [modloading-worker-0/DEBUG] [com.tterrag.registrate.AbstractRegistrate/REGISTRATE.REGISTER]: Captured registration for entry jetpack_placeable of type minecraft:item
[23Mar2025 15:21:36.231] [modloading-worker-0/DEBUG] [net.minecraftforge.fml.javafmlmod.AutomaticEventSubscriber/LOADING]: Auto-subscribing ht.treechop.compat.MultiMine to MOD
[23Mar2025 15:21:36.234] [modloading-worker-0/DEBUG] [net.minecraftforge.fml.javafmlmod.AutomaticEventSubscriber/LOADING]: Auto-subscribing ht.treechop.compat.CarryOn to MOD
[23Mar2025 15:21:36.235] [modloading-worker-0/DEBUG] [net.minecraftforge.fml.javafmlmod.AutomaticEventSubscriber/LOADING]: Auto-subscribing ht.treechop.compat.Apotheosis to MOD
[23Mar2025 15:21:36.238] [modloading-worker-0/DEBUG] [net.minecraftforge.fml.javafmlmod.AutomaticEventSubscriber/LOADING]: Auto-subscribing ht.treechop.common.ForgeCommon to FORGE
[23Mar2025 15:21:36.244] [modloading-worker-0/DEBUG] [net.minecraftforge.fml.javafmlmod.AutomaticEventSubscriber/LOADING]: Attempting to inject @EventBusSubscriber classes into the eventbus for mixinextras
[23Mar2025 15:21:36.254] [modloading-worker-0/DEBUG] [betterfortresses/]: Loaded com.yungnickyoung.minecraft.betterfortresses.services.ForgePlatformHelper@910e683 for service interface com.yungnickyoung.minecraft.betterfortresses.services.IPlatformHelper
[23Mar2025 15:21:36.255] [modloading-worker-0/DEBUG] [betterfortresses/]: Loaded com.yungnickyoung.minecraft.betterfortresses.services.ForgeModulesLoader@5fa9f910 for service interface com.yungnickyoung.minecraft.betterfortresses.services.IModulesLoader
[23Mar2025 15:21:36.259] [modloading-worker-0/DEBUG] [betterfortresses/]: Loaded com.yungnickyoung.minecraft.betterfortresses.services.ForgeProcessorProvider@7702539d for service interface com.yungnickyoung.minecraft.betterfortresses.services.IProcessorProvider
[23Mar2025 15:21:36.272] [modloading-worker-0/DEBUG] [com.tterrag.registrate.AbstractRegistrate/REGISTRATE.REGISTER]: Captured registration for entry jetpack of type minecraft:block
[23Mar2025 15:21:36.273] [modloading-worker-0/DEBUG] [com.tterrag.registrate.AbstractRegistrate/REGISTRATE.REGISTER]: Captured registration for entry netherite_jetpack of type minecraft:item
[23Mar2025 15:21:36.273] [modloading-worker-0/DEBUG] [com.tterrag.registrate.AbstractRegistrate/REGISTRATE.REGISTER]: Captured registration for entry netherite_jetpack_placeable of type minecraft:item
[23Mar2025 15:21:36.277] [modloading-worker-0/DEBUG] [com.tterrag.registrate.AbstractRegistrate/REGISTRATE.REGISTER]: Captured registration for entry netherite_jetpack of type minecraft:block
[23Mar2025 15:21:36.298] [modloading-worker-0/DEBUG] [com.tterrag.registrate.AbstractRegistrate/REGISTRATE.REGISTER]: Captured registration for entry jetpack of type minecraft:block_entity_type
[23Mar2025 15:21:36.308] [modloading-worker-0/DEBUG] [net.minecraftforge.fml.config.ConfigTracker/CONFIG]: Config file sophisticatedbackpacks-server.toml for sophisticatedbackpacks tracking
[23Mar2025 15:21:36.308] [modloading-worker-0/DEBUG] [net.minecraftforge.fml.config.ConfigTracker/CONFIG]: Config file sophisticatedbackpacks-common.toml for sophisticatedbackpacks tracking
[23Mar2025 15:21:36.311] [modloading-worker-0/DEBUG] [net.minecraftforge.fml.config.ConfigTracker/CONFIG]: Config file create_jetpack-common.toml for create_jetpack tracking
[23Mar2025 15:21:36.311] [modloading-worker-0/DEBUG] [net.minecraftforge.fml.config.ConfigTracker/CONFIG]: Config file create_jetpack-client.toml for create_jetpack tracking
[23Mar2025 15:21:36.320] [modloading-worker-0/DEBUG] [ribbits/]: Loaded com.yungnickyoung.minecraft.ribbits.services.ForgePlatformHelper@6e9a3d2d for service interface com.yungnickyoung.minecraft.ribbits.services.IPlatformHelper
[23Mar2025 15:21:36.321] [modloading-worker-0/DEBUG] [ribbits/]: Loaded com.yungnickyoung.minecraft.ribbits.services.ForgeModulesLoader@33c19560 for service interface com.yungnickyoung.minecraft.ribbits.services.IModulesLoader
[23Mar2025 15:21:36.322] [modloading-worker-0/DEBUG] [ribbits/]: Loaded com.yungnickyoung.minecraft.ribbits.services.ForgeSupporterHelper@de9a9ce for service interface com.yungnickyoung.minecraft.ribbits.services.ISupporterHelper
[23Mar2025 15:21:36.333] [modloading-worker-0/DEBUG] [net.minecraftforge.fml.javafmlmod.AutomaticEventSubscriber/LOADING]: Attempting to inject @EventBusSubscriber classes into the eventbus for create_jetpack
[23Mar2025 15:21:36.336] [modloading-worker-0/DEBUG] [net.minecraftforge.fml.javafmlmod.AutomaticEventSubscriber/LOADING]: Auto-subscribing com.possible_triangle.create_jetpack.CreateJetpackMod to FORGE
[23Mar2025 15:21:36.340] [modloading-worker-0/DEBUG] [net.minecraftforge.fml.config.ConfigTracker/CONFIG]: Config file guardvillagers-common.toml for guardvillagers tracking
[23Mar2025 15:21:36.346] [modloading-worker-0/WARN] [net.minecraftforge.common.ForgeConfigSpec/CORE]: Configuration file /workspaces/insano/servidor_minecraft/config/guardvillagers-common.toml is not correct. Correcting
[23Mar2025 15:21:36.347] [modloading-worker-0/DEBUG] [net.minecraftforge.common.ForgeConfigSpec/CORE]: The comment on key villager stuff.Profession Whitelist for guard conversion does not match the spec. This may create a backup.
[23Mar2025 15:21:36.350] [modloading-worker-0/DEBUG] [net.minecraftforge.fml.config.ConfigTracker/CONFIG]: Config file guardvillagers-client.toml for guardvillagers tracking
[23Mar2025 15:21:36.381] [modloading-worker-0/DEBUG] [net.minecraftforge.fml.javafmlmod.AutomaticEventSubscriber/LOADING]: Attempting to inject @EventBusSubscriber classes into the eventbus for guardvillagers
[23Mar2025 15:21:36.381] [modloading-worker-0/DEBUG] [net.minecraftforge.fml.javafmlmod.AutomaticEventSubscriber/LOADING]: Auto-subscribing tallestegg.guardvillagers.GuardEntityType to MOD
[23Mar2025 15:21:36.382] [modloading-worker-0/DEBUG] [net.minecraftforge.fml.javafmlmod.AutomaticEventSubscriber/LOADING]: Auto-subscribing tallestegg.guardvillagers.HandlerEvents to FORGE
[23Mar2025 15:21:36.389] [modloading-worker-0/DEBUG] [net.minecraftforge.fml.javafmlmod.AutomaticEventSubscriber/LOADING]: Auto-subscribing tallestegg.guardvillagers.VillagerToGuard to FORGE
[23Mar2025 15:21:36.391] [modloading-worker-0/DEBUG] [net.minecraftforge.fml.javafmlmod.AutomaticEventSubscriber/LOADING]: Auto-subscribing tallestegg.guardvillagers.configuration.GuardConfig to MOD
[23Mar2025 15:21:36.391] [modloading-worker-0/DEBUG] [net.minecraftforge.fml.javafmlmod.AutomaticEventSubscriber/LOADING]: Auto-subscribing tallestegg.guardvillagers.client.GuardSounds to MOD
[23Mar2025 15:21:36.391] [modloading-worker-0/DEBUG] [net.minecraftforge.fml.javafmlmod.AutomaticEventSubscriber/LOADING]: Auto-subscribing tallestegg.guardvillagers.GuardItems to MOD
[23Mar2025 15:21:36.411] [modloading-worker-0/DEBUG] [net.minecraftforge.fml.javafmlmod.AutomaticEventSubscriber/LOADING]: Attempting to inject @EventBusSubscriber classes into the eventbus for yungsapi
[23Mar2025 15:21:36.434] [modloading-worker-0/DEBUG] [Carry On/]: Loaded tschipp.carryon.platform.ForgePlatformHelper@3a36370c for service interface tschipp.carryon.platform.services.IPlatformHelper
[23Mar2025 15:21:36.436] [modloading-worker-0/DEBUG] [Carry On/]: Loaded tschipp.carryon.platform.ForgeGamestagesHelper@591fa58d for service interface tschipp.carryon.platform.services.IGamestagePlatformHelper
[23Mar2025 15:21:36.448] [modloading-worker-0/DEBUG] [net.minecraftforge.fml.config.ConfigTracker/CONFIG]: Config file carryon-common.toml for carryon tracking
[23Mar2025 15:21:36.448] [modloading-worker-0/DEBUG] [net.minecraftforge.fml.config.ConfigTracker/CONFIG]: Config file carryon-client.toml for carryon tracking
[23Mar2025 15:21:36.448] [modloading-worker-0/DEBUG] [net.minecraftforge.fml.javafmlmod.AutomaticEventSubscriber/LOADING]: Attempting to inject @EventBusSubscriber classes into the eventbus for carryon
[23Mar2025 15:21:36.449] [modloading-worker-0/DEBUG] [net.minecraftforge.fml.javafmlmod.AutomaticEventSubscriber/LOADING]: Auto-subscribing tschipp.carryon.CarryOnForge to MOD
[23Mar2025 15:21:36.449] [modloading-worker-0/DEBUG] [net.minecraftforge.fml.javafmlmod.AutomaticEventSubscriber/LOADING]: Auto-subscribing tschipp.carryon.events.CommonEvents to FORGE
[23Mar2025 15:21:36.467] [modloading-worker-0/DEBUG] [net.minecraftforge.fml.javafmlmod.AutomaticEventSubscriber/LOADING]: Auto-subscribing tschipp.carryon.events.ModBusEvents to MOD
[23Mar2025 15:21:36.486] [modloading-worker-0/DEBUG] [net.minecraftforge.fml.config.ConfigTracker/CONFIG]: Config file balm-common.toml for balm tracking
[23Mar2025 15:21:36.497] [modloading-worker-0/DEBUG] [net.minecraftforge.fml.javafmlmod.AutomaticEventSubscriber/LOADING]: Attempting to inject @EventBusSubscriber classes into the eventbus for balm
[23Mar2025 15:21:36.511] [modloading-worker-0/DEBUG] [net.minecraftforge.fml.javafmlmod.AutomaticEventSubscriber/LOADING]: Attempting to inject @EventBusSubscriber classes into the eventbus for sophisticatedbackpacks
[23Mar2025 15:21:36.512] [modloading-worker-0/DEBUG] [net.minecraftforge.fml.config.ConfigTracker/CONFIG]: Config file alexsmobs.toml for alexsmobs tracking
[23Mar2025 15:21:36.529] [modloading-worker-0/DEBUG] [net.minecraftforge.fml.config.ConfigTracker/CONFIG]: Config file betterfortresses-forge-1_20.toml for betterfortresses tracking
[23Mar2025 15:21:36.532] [modloading-worker-0/DEBUG] [mixin/]: Mixing MixinLevelEvent from architectury.mixins.json into net.minecraftforge.event.level.LevelEvent
[23Mar2025 15:21:36.536] [modloading-worker-0/DEBUG] [net.minecraftforge.fml.javafmlmod.AutomaticEventSubscriber/LOADING]: Attempting to inject @EventBusSubscriber classes into the eventbus for betterfortresses
[23Mar2025 15:21:36.540] [modloading-worker-0/DEBUG] [net.minecraftforge.fml.javafmlmod.AutomaticEventSubscriber/LOADING]: Attempting to inject @EventBusSubscriber classes into the eventbus for cloth_config
[23Mar2025 15:21:36.541] [modloading-worker-0/DEBUG] [net.minecraftforge.fml.javafmlmod.AutomaticEventSubscriber/LOADING]: Attempting to inject @EventBusSubscriber classes into the eventbus for ctov
[23Mar2025 15:21:36.546] [modloading-worker-0/DEBUG] [mixin/]: Mixing gamerule.BooleanValueInvoker from mixins.artifacts.common.json into net.minecraft.world.level.GameRules$BooleanValue
[23Mar2025 15:21:36.546] [modloading-worker-0/DEBUG] [mixin/]: Renaming @Invoker method invokeCreate(ZLjava/util/function/BiConsumer;)Lnet/minecraft/world/level/GameRules$Type; to invokeCreate_$md$ea3d73$0 in mixins.artifacts.common.json:gamerule.BooleanValueInvoker
[23Mar2025 15:21:36.548] [modloading-worker-0/DEBUG] [net.minecraftforge.fml.javafmlmod.AutomaticEventSubscriber/LOADING]: Attempting to inject @EventBusSubscriber classes into the eventbus for alexsmobs
[23Mar2025 15:21:36.548] [modloading-worker-0/DEBUG] [net.minecraftforge.fml.javafmlmod.AutomaticEventSubscriber/LOADING]: Auto-subscribing com.github.alexthe666.alexsmobs.world.AMWorldRegistry to MOD
[23Mar2025 15:21:36.551] [modloading-worker-0/DEBUG] [net.minecraftforge.fml.javafmlmod.AutomaticEventSubscriber/LOADING]: Auto-subscribing com.github.alexthe666.alexsmobs.tileentity.AMTileEntityRegistry to MOD
[23Mar2025 15:21:36.551] [modloading-worker-0/DEBUG] [net.minecraftforge.fml.javafmlmod.AutomaticEventSubscriber/LOADING]: Auto-subscribing com.github.alexthe666.alexsmobs.event.ServerEvents to FORGE
[23Mar2025 15:21:36.552] [modloading-worker-0/DEBUG] [Paraglider/]: Loaded plugin class tictim.paraglider.plugin.ParagliderDefaultPlugin associated with mod paraglider
[23Mar2025 15:21:36.558] [modloading-worker-0/DEBUG] [net.minecraftforge.fml.javafmlmod.AutomaticEventSubscriber/LOADING]: Auto-subscribing com.github.alexthe666.alexsmobs.entity.AMEntityRegistry to MOD
[23Mar2025 15:21:36.558] [modloading-worker-0/DEBUG] [net.minecraftforge.fml.javafmlmod.AutomaticEventSubscriber/LOADING]: Auto-subscribing com.github.alexthe666.alexsmobs.CommonProxy to MOD
[23Mar2025 15:21:36.559] [modloading-worker-0/DEBUG] [net.minecraftforge.fml.javafmlmod.AutomaticEventSubscriber/LOADING]: Auto-subscribing com.github.alexthe666.alexsmobs.AlexsMobs to FORGE
[23Mar2025 15:21:36.559] [modloading-worker-0/DEBUG] [mixin/]: Mixing gamerule.IntegerValueInvoker from mixins.artifacts.common.json into net.minecraft.world.level.GameRules$IntegerValue
[23Mar2025 15:21:36.560] [modloading-worker-0/DEBUG] [mixin/]: Renaming @Invoker method invokeCreate(ILjava/util/function/BiConsumer;)Lnet/minecraft/world/level/GameRules$Type; to invokeCreate_$md$ea3d73$0 in mixins.artifacts.common.json:gamerule.IntegerValueInvoker
[23Mar2025 15:21:36.561] [modloading-worker-0/DEBUG] [Paraglider/]: Loaded 1 plugins total
[23Mar2025 15:21:36.573] [modloading-worker-0/DEBUG] [net.minecraftforge.fml.config.ConfigTracker/CONFIG]: Config file twilightforest-common.toml for twilightforest tracking
[23Mar2025 15:21:36.575] [modloading-worker-0/DEBUG] [net.minecraftforge.fml.config.ConfigTracker/CONFIG]: Config file twilightforest-client.toml for twilightforest tracking
[23Mar2025 15:21:36.606] [modloading-worker-0/DEBUG] [net.minecraftforge.fml.config.ConfigTracker/CONFIG]: Config file portalgun-common.toml for ricksportalgun tracking
[23Mar2025 15:21:36.606] [modloading-worker-0/DEBUG] [net.minecraftforge.fml.javafmlmod.AutomaticEventSubscriber/LOADING]: Attempting to inject @EventBusSubscriber classes into the eventbus for ricksportalgun
[23Mar2025 15:21:36.606] [modloading-worker-0/DEBUG] [net.minecraftforge.fml.javafmlmod.AutomaticEventSubscriber/LOADING]: Auto-subscribing com.jdolphin.portalgun.event.ModCommonEvents to FORGE
[23Mar2025 15:21:36.614] [modloading-worker-0/DEBUG] [net.minecraftforge.fml.config.ConfigTracker/CONFIG]: Config file farmersdelight-common.toml for farmersdelight tracking
[23Mar2025 15:21:36.614] [modloading-worker-0/DEBUG] [net.minecraftforge.fml.config.ConfigTracker/CONFIG]: Config file farmersdelight-client.toml for farmersdelight tracking
[23Mar2025 15:21:36.614] [modloading-worker-0/DEBUG] [net.minecraftforge.fml.config.ConfigTracker/CONFIG]: Config file paraglider-player-states.toml for paraglider tracking
[23Mar2025 15:21:36.630] [modloading-worker-0/DEBUG] [mixin/]: Mixing CompatFarmersDelightTomatoMixin from supplementaries.mixins.json into vectorwing.farmersdelight.common.block.TomatoVineBlock
[23Mar2025 15:21:36.680] [modloading-worker-0/DEBUG] [mixin/]: Mixing CraftingHelperMixin from supermartijn642corelib.mixins.json into net.minecraftforge.common.crafting.CraftingHelper
[23Mar2025 15:21:36.697] [modloading-worker-0/DEBUG] [net.minecraftforge.fml.config.ConfigTracker/CONFIG]: Config file paraglider-common.toml for paraglider tracking
[23Mar2025 15:21:36.726] [modloading-worker-0/DEBUG] [net.minecraftforge.fml.javafmlmod.AutomaticEventSubscriber/LOADING]: Attempting to inject @EventBusSubscriber classes into the eventbus for faded_conquest_2
[23Mar2025 15:21:36.726] [modloading-worker-0/DEBUG] [net.minecraftforge.fml.javafmlmod.AutomaticEventSubscriber/LOADING]: Auto-subscribing net.fadedconquest2.world.dimension.TheMirrorRealmDimension to FORGE
[23Mar2025 15:21:36.727] [modloading-worker-0/DEBUG] [net.minecraftforge.fml.javafmlmod.AutomaticEventSubscriber/LOADING]: Auto-subscribing net.fadedconquest2.world.dimension.TheMirrorRealmDimension$DimensionSpecialEffectsHandler to MOD
[23Mar2025 15:21:36.727] [modloading-worker-0/DEBUG] [net.minecraftforge.fml.javafmlmod.AutomaticEventSubscriber/LOADING]: Auto-subscribing net.fadedconquest2.world.dimension.TheAbyssDimension to FORGE
[23Mar2025 15:21:36.728] [modloading-worker-0/DEBUG] [net.minecraftforge.fml.javafmlmod.AutomaticEventSubscriber/LOADING]: Auto-subscribing net.fadedconquest2.world.dimension.TheAbyssDimension$DimensionSpecialEffectsHandler to MOD
[23Mar2025 15:21:36.731] [modloading-worker-0/DEBUG] [net.minecraftforge.fml.javafmlmod.AutomaticEventSubscriber/LOADING]: Auto-subscribing net.fadedconquest2.procedures.WhirlwindattackProcedure to FORGE
[23Mar2025 15:21:36.732] [modloading-worker-0/DEBUG] [net.minecraftforge.fml.javafmlmod.AutomaticEventSubscriber/LOADING]: Auto-subscribing net.fadedconquest2.procedures.TerribletenattackProcedure to FORGE
[23Mar2025 15:21:36.733] [modloading-worker-0/DEBUG] [net.minecraftforge.fml.javafmlmod.AutomaticEventSubscriber/LOADING]: Auto-subscribing net.fadedconquest2.procedures.SpikedmgProcedure to FORGE
[23Mar2025 15:21:36.733] [modloading-worker-0/DEBUG] [net.minecraftforge.fml.config.ConfigTracker/CONFIG]: Config file paraglider-server.toml for paraglider tracking
[23Mar2025 15:21:36.735] [modloading-worker-0/DEBUG] [net.minecraftforge.fml.javafmlmod.AutomaticEventSubscriber/LOADING]: Attempting to inject @EventBusSubscriber classes into the eventbus for paraglider
[23Mar2025 15:21:36.735] [modloading-worker-0/DEBUG] [net.minecraftforge.fml.javafmlmod.AutomaticEventSubscriber/LOADING]: Auto-subscribing net.fadedconquest2.procedures.RgattackProcedure to FORGE
[23Mar2025 15:21:36.738] [modloading-worker-0/DEBUG] [net.minecraftforge.fml.javafmlmod.AutomaticEventSubscriber/LOADING]: Auto-subscribing net.fadedconquest2.procedures.PbattackProcedure to FORGE
[23Mar2025 15:21:36.735] [modloading-worker-0/DEBUG] [net.minecraftforge.fml.javafmlmod.AutomaticEventSubscriber/LOADING]: Auto-subscribing tictim.paraglider.forge.contents.ForgeBargainTypeRegistry to MOD
[23Mar2025 15:21:36.740] [modloading-worker-0/DEBUG] [net.minecraftforge.fml.javafmlmod.AutomaticEventSubscriber/LOADING]: Auto-subscribing tictim.paraglider.forge.event.ParagliderEventHandler to FORGE
[23Mar2025 15:21:36.743] [modloading-worker-0/DEBUG] [net.minecraftforge.fml.javafmlmod.AutomaticEventSubscriber/LOADING]: Auto-subscribing net.fadedconquest2.procedures.Pb2attackProcedure to FORGE
[23Mar2025 15:21:36.744] [modloading-worker-0/DEBUG] [net.minecraftforge.fml.javafmlmod.AutomaticEventSubscriber/LOADING]: Auto-subscribing net.fadedconquest2.procedures.MirrorealmfallProcedure to FORGE
[23Mar2025 15:21:36.748] [modloading-worker-0/DEBUG] [net.minecraftforge.fml.javafmlmod.AutomaticEventSubscriber/LOADING]: Auto-subscribing net.fadedconquest2.procedures.LichattackProcedure to FORGE
[23Mar2025 15:21:36.749] [modloading-worker-0/DEBUG] [net.minecraftforge.fml.javafmlmod.AutomaticEventSubscriber/LOADING]: Auto-subscribing net.fadedconquest2.procedures.GodslayerobtainProcedure to FORGE
[23Mar2025 15:21:36.751] [modloading-worker-0/DEBUG] [net.minecraftforge.fml.javafmlmod.AutomaticEventSubscriber/LOADING]: Auto-subscribing net.fadedconquest2.procedures.FcattackProcedure to FORGE
[23Mar2025 15:21:36.750] [modloading-worker-0/DEBUG] [net.minecraftforge.fml.javafmlmod.AutomaticEventSubscriber/LOADING]: Auto-subscribing tictim.paraglider.forge.event.WindEventHandler to FORGE
[23Mar2025 15:21:36.755] [modloading-worker-0/DEBUG] [net.minecraftforge.fml.javafmlmod.AutomaticEventSubscriber/LOADING]: Auto-subscribing net.fadedconquest2.procedures.Fc2attackProcedure to FORGE
[23Mar2025 15:21:36.756] [modloading-worker-0/DEBUG] [net.minecraftforge.fml.javafmlmod.AutomaticEventSubscriber/LOADING]: Auto-subscribing net.fadedconquest2.procedures.CalamityvesselattkProcedure to FORGE
[23Mar2025 15:21:36.763] [modloading-worker-0/DEBUG] [net.minecraftforge.fml.javafmlmod.AutomaticEventSubscriber/LOADING]: Auto-subscribing net.fadedconquest2.procedures.AgattackProcedure to FORGE
[23Mar2025 15:21:36.764] [modloading-worker-0/DEBUG] [net.minecraftforge.fml.javafmlmod.AutomaticEventSubscriber/LOADING]: Auto-subscribing net.fadedconquest2.init.FadedConquest2ModTabs to MOD
[23Mar2025 15:21:36.765] [modloading-worker-0/DEBUG] [net.minecraftforge.fml.javafmlmod.AutomaticEventSubscriber/LOADING]: Auto-subscribing net.fadedconquest2.init.FadedConquest2ModEntities to MOD
[23Mar2025 15:21:36.766] [modloading-worker-0/DEBUG] [net.minecraftforge.fml.javafmlmod.AutomaticEventSubscriber/LOADING]: Auto-subscribing net.fadedconquest2.init.EntityAnimationFactory to FORGE
[23Mar2025 15:21:36.766] [modloading-worker-0/DEBUG] [net.minecraftforge.fml.javafmlmod.AutomaticEventSubscriber/LOADING]: Auto-subscribing net.fadedconquest2.FadedConquest2Mod$initer to MOD
[23Mar2025 15:21:36.801] [modloading-worker-0/DEBUG] [net.minecraftforge.fml.javafmlmod.AutomaticEventSubscriber/LOADING]: Attempting to inject @EventBusSubscriber classes into the eventbus for supermartijn642corelib
[23Mar2025 15:21:36.801] [modloading-worker-0/DEBUG] [net.minecraftforge.fml.javafmlmod.AutomaticEventSubscriber/LOADING]: Auto-subscribing com.supermartijn642.core.CommonUtils to MOD
[23Mar2025 15:21:36.803] [modloading-worker-0/DEBUG] [net.minecraftforge.fml.javafmlmod.AutomaticEventSubscriber/LOADING]: Attempting to inject @EventBusSubscriber classes into the eventbus for resourcefulconfig
[23Mar2025 15:21:36.808] [modloading-worker-0/DEBUG] [net.minecraftforge.fml.javafmlmod.AutomaticEventSubscriber/LOADING]: Attempting to inject @EventBusSubscriber classes into the eventbus for lionfishapi
[23Mar2025 15:21:36.808] [modloading-worker-0/DEBUG] [net.minecraftforge.fml.javafmlmod.AutomaticEventSubscriber/LOADING]: Auto-subscribing com.github.L_Ender.lionfishapi.LionfishAPI to FORGE
[23Mar2025 15:21:36.808] [modloading-worker-0/DEBUG] [net.minecraftforge.fml.javafmlmod.AutomaticEventSubscriber/LOADING]: Auto-subscribing com.github.L_Ender.lionfishapi.CommonProxy to MOD
[23Mar2025 15:21:36.817] [modloading-worker-0/DEBUG] [net.minecraftforge.fml.javafmlmod.AutomaticEventSubscriber/LOADING]: Attempting to inject @EventBusSubscriber classes into the eventbus for farmersdelight
[23Mar2025 15:21:36.817] [modloading-worker-0/DEBUG] [net.minecraftforge.fml.javafmlmod.AutomaticEventSubscriber/LOADING]: Auto-subscribing vectorwing.farmersdelight.data.DataGenerators to MOD
[23Mar2025 15:21:36.821] [modloading-worker-0/DEBUG] [net.minecraftforge.fml.javafmlmod.AutomaticEventSubscriber/LOADING]: Auto-subscribing vectorwing.farmersdelight.common.item.SkilletItem$SkilletEvents to FORGE
[23Mar2025 15:21:36.822] [modloading-worker-0/DEBUG] [net.minecraftforge.fml.javafmlmod.AutomaticEventSubscriber/LOADING]: Auto-subscribing vectorwing.farmersdelight.common.item.KnifeItem$KnifeEvents to FORGE
[23Mar2025 15:21:36.824] [modloading-worker-0/DEBUG] [net.minecraftforge.fml.javafmlmod.AutomaticEventSubscriber/LOADING]: Auto-subscribing vectorwing.farmersdelight.common.item.HorseFeedItem$HorseFeedEvent to FORGE
[23Mar2025 15:21:36.825] [modloading-worker-0/DEBUG] [net.minecraftforge.fml.javafmlmod.AutomaticEventSubscriber/LOADING]: Auto-subscribing vectorwing.farmersdelight.common.item.enchantment.BackstabbingEnchantment$BackstabbingEvent to FORGE
[23Mar2025 15:21:36.831] [modloading-worker-0/DEBUG] [net.minecraftforge.fml.javafmlmod.AutomaticEventSubscriber/LOADING]: Auto-subscribing vectorwing.farmersdelight.common.item.DogFoodItem$DogFoodEvent to FORGE
[23Mar2025 15:21:36.832] [modloading-worker-0/DEBUG] [net.minecraftforge.fml.javafmlmod.AutomaticEventSubscriber/LOADING]: Auto-subscribing vectorwing.farmersdelight.common.event.VillagerEvents to FORGE
[23Mar2025 15:21:36.834] [modloading-worker-0/DEBUG] [net.minecraftforge.fml.config.ConfigTracker/CONFIG]: Config file cataclysm.toml for cataclysm tracking
[23Mar2025 15:21:36.837] [modloading-worker-0/DEBUG] [net.minecraftforge.fml.javafmlmod.AutomaticEventSubscriber/LOADING]: Auto-subscribing vectorwing.farmersdelight.common.event.SetupEvents to MOD
[23Mar2025 15:21:36.838] [modloading-worker-0/DEBUG] [net.minecraftforge.fml.javafmlmod.AutomaticEventSubscriber/LOADING]: Auto-subscribing vectorwing.farmersdelight.common.event.MappingEvents to FORGE
[23Mar2025 15:21:36.839] [modloading-worker-0/DEBUG] [net.minecraftforge.fml.javafmlmod.AutomaticEventSubscriber/LOADING]: Auto-subscribing vectorwing.farmersdelight.common.event.CommonEvents to FORGE
[23Mar2025 15:21:36.843] [modloading-worker-0/DEBUG] [net.minecraftforge.fml.javafmlmod.AutomaticEventSubscriber/LOADING]: Auto-subscribing vectorwing.farmersdelight.common.block.CuttingBoardBlock$ToolCarvingEvent to FORGE
[23Mar2025 15:21:36.846] [modloading-worker-0/DEBUG] [mixin/]: Mixing accessor.CriteriaTriggersAccessor from yungsapi.mixins.json into net.minecraft.advancements.CriteriaTriggers
[23Mar2025 15:21:36.846] [modloading-worker-0/DEBUG] [mixin/]: Renaming @Accessor method getValues()Ljava/util/Map; to getValues_$md$ea3d73$0 in yungsapi.mixins.json:accessor.CriteriaTriggersAccessor
[23Mar2025 15:21:36.846] [modloading-worker-0/DEBUG] [mixin/]: Mixing accessor.CriteriaTriggersAccessor from cataclysm.mixins.json into net.minecraft.advancements.CriteriaTriggers
[23Mar2025 15:21:36.846] [modloading-worker-0/DEBUG] [mixin/]: Renaming @Accessor method getValues()Ljava/util/Map; to getValues_$md$ea3d73$1 in cataclysm.mixins.json:accessor.CriteriaTriggersAccessor
[23Mar2025 15:21:36.851] [modloading-worker-0/DEBUG] [net.minecraftforge.fml.javafmlmod.AutomaticEventSubscriber/LOADING]: Attempting to inject @EventBusSubscriber classes into the eventbus for integrated_cataclysm
[23Mar2025 15:21:36.865] [modloading-worker-0/DEBUG] [net.minecraftforge.fml.config.ConfigTracker/CONFIG]: Config file curios-client.toml for curios tracking
[23Mar2025 15:21:36.876] [modloading-worker-0/DEBUG] [net.minecraftforge.fml.config.ConfigTracker/CONFIG]: Config file curios-common.toml for curios tracking
[23Mar2025 15:21:36.876] [modloading-worker-0/DEBUG] [net.minecraftforge.fml.config.ConfigTracker/CONFIG]: Config file curios-server.toml for curios tracking
[23Mar2025 15:21:36.876] [modloading-worker-0/DEBUG] [net.minecraftforge.fml.javafmlmod.AutomaticEventSubscriber/LOADING]: Attempting to inject @EventBusSubscriber classes into the eventbus for curios
[23Mar2025 15:21:36.909] [modloading-worker-0/DEBUG] [net.minecraftforge.fml.config.ConfigTracker/CONFIG]: Config file witherstormmod-client.toml for witherstormmod tracking
[23Mar2025 15:21:36.909] [modloading-worker-0/DEBUG] [net.minecraftforge.fml.config.ConfigTracker/CONFIG]: Config file witherstormmod-common.toml for witherstormmod tracking
[23Mar2025 15:21:36.909] [modloading-worker-0/DEBUG] [net.minecraftforge.fml.config.ConfigTracker/CONFIG]: Config file witherstormmod-server.toml for witherstormmod tracking
[23Mar2025 15:21:36.930] [modloading-worker-0/DEBUG] [net.minecraftforge.fml.javafmlmod.AutomaticEventSubscriber/LOADING]: Attempting to inject @EventBusSubscriber classes into the eventbus for portablemobs
[23Mar2025 15:21:36.932] [modloading-worker-0/DEBUG] [net.minecraftforge.fml.javafmlmod.AutomaticEventSubscriber/LOADING]: Auto-subscribing com.dremoline.portablemobs.PortableMobs$Events to FORGE
[23Mar2025 15:21:36.946] [modloading-worker-0/DEBUG] [net.minecraftforge.fml.config.ConfigTracker/CONFIG]: Config file elevatorid-server.toml for elevatorid tracking
[23Mar2025 15:21:36.947] [modloading-worker-0/DEBUG] [net.minecraftforge.fml.javafmlmod.AutomaticEventSubscriber/LOADING]: Attempting to inject @EventBusSubscriber classes into the eventbus for elevatorid
[23Mar2025 15:21:36.947] [modloading-worker-0/DEBUG] [net.minecraftforge.fml.javafmlmod.AutomaticEventSubscriber/LOADING]: Auto-subscribing xyz.vsngamer.elevatorid.util.RemapManager to FORGE
[23Mar2025 15:21:36.948] [modloading-worker-0/DEBUG] [net.minecraftforge.fml.javafmlmod.AutomaticEventSubscriber/LOADING]: Auto-subscribing xyz.vsngamer.elevatorid.init.ModConfig to MOD
[23Mar2025 15:21:36.949] [modloading-worker-0/DEBUG] [net.minecraftforge.fml.javafmlmod.AutomaticEventSubscriber/LOADING]: Auto-subscribing xyz.vsngamer.elevatorid.ElevatorMod to MOD
[23Mar2025 15:21:36.955] [modloading-worker-0/DEBUG] [betterstrongholds/]: Loaded com.yungnickyoung.minecraft.betterstrongholds.services.ForgePlatformHelper@47f82334 for service interface com.yungnickyoung.minecraft.betterstrongholds.services.IPlatformHelper
[23Mar2025 15:21:36.956] [modloading-worker-0/DEBUG] [betterstrongholds/]: Loaded com.yungnickyoung.minecraft.betterstrongholds.services.ForgeModulesLoader@60c7c0d5 for service interface com.yungnickyoung.minecraft.betterstrongholds.services.IModulesLoader
[23Mar2025 15:21:36.959] [modloading-worker-0/DEBUG] [betterstrongholds/]: Loaded com.yungnickyoung.minecraft.betterstrongholds.services.ForgeProcessorProvider@3c52b472 for service interface com.yungnickyoung.minecraft.betterstrongholds.services.IProcessorProvider
[23Mar2025 15:21:37.381] [modloading-worker-0/DEBUG] [net.minecraftforge.fml.config.ConfigTracker/CONFIG]: Config file betterstrongholds-forge-1_20.toml for betterstrongholds tracking
[23Mar2025 15:21:37.386] [modloading-worker-0/DEBUG] [net.minecraftforge.fml.javafmlmod.AutomaticEventSubscriber/LOADING]: Attempting to inject @EventBusSubscriber classes into the eventbus for betterstrongholds
[23Mar2025 15:21:37.427] [modloading-worker-0/DEBUG] [net.minecraftforge.fml.javafmlmod.AutomaticEventSubscriber/LOADING]: Attempting to inject @EventBusSubscriber classes into the eventbus for cataclysm
[23Mar2025 15:21:37.435] [modloading-worker-0/DEBUG] [net.minecraftforge.fml.javafmlmod.AutomaticEventSubscriber/LOADING]: Auto-subscribing com.github.L_Ender.cataclysm.world.CMWorldRegistry to MOD
[23Mar2025 15:21:37.436] [modloading-worker-0/DEBUG] [net.minecraftforge.fml.javafmlmod.AutomaticEventSubscriber/LOADING]: Auto-subscribing com.github.L_Ender.cataclysm.init.ModEntities to MOD
[23Mar2025 15:21:37.437] [modloading-worker-0/DEBUG] [net.minecraftforge.fml.javafmlmod.AutomaticEventSubscriber/LOADING]: Auto-subscribing com.github.L_Ender.cataclysm.event.ServerEventHandler to FORGE
[23Mar2025 15:21:37.437] [modloading-worker-0/DEBUG] [net.minecraftforge.fml.javafmlmod.AutomaticEventSubscriber/LOADING]: Auto-subscribing com.github.L_Ender.cataclysm.CommonProxy to MOD
[23Mar2025 15:21:37.437] [modloading-worker-0/DEBUG] [net.minecraftforge.fml.javafmlmod.AutomaticEventSubscriber/LOADING]: Auto-subscribing com.github.L_Ender.cataclysm.Cataclysm to FORGE
[23Mar2025 15:21:37.465] [modloading-worker-0/DEBUG] [mixin/]: Mixing BedSleepingProblemMixin from rootoffear.mixins.json into net.minecraft.world.entity.player.Player$BedSleepingProblem
[23Mar2025 15:21:37.465] [modloading-worker-0/DEBUG] [mixin/]: Renaming @Invoker method rootoffear_initNewBedSleepingProblem(Ljava/lang/String;ILnet/minecraft/network/chat/Component;)Lnet/minecraft/world/entity/player/Player$BedSleepingProblem; to rootoffear_initNewBedSleepingProblem_$md$ea3d73$0 in rootoffear.mixins.json:BedSleepingProblemMixin
[23Mar2025 15:21:37.474] [modloading-worker-0/DEBUG] [net.minecraftforge.fml.config.ConfigTracker/CONFIG]: Config file rootoffear/common.toml for rootoffear tracking
[23Mar2025 15:21:37.477] [modloading-worker-0/DEBUG] [net.minecraftforge.fml.config.ConfigTracker/CONFIG]: Config file rootoffear/client.toml for rootoffear tracking
[23Mar2025 15:21:37.477] [modloading-worker-0/DEBUG] [net.minecraftforge.fml.javafmlmod.AutomaticEventSubscriber/LOADING]: Attempting to inject @EventBusSubscriber classes into the eventbus for rootoffear
[23Mar2025 15:21:37.477] [modloading-worker-0/DEBUG] [net.minecraftforge.fml.javafmlmod.AutomaticEventSubscriber/LOADING]: Auto-subscribing com.alexander.rootoffear.init.CommandInit to FORGE
[23Mar2025 15:21:37.478] [modloading-worker-0/DEBUG] [net.minecraftforge.fml.javafmlmod.AutomaticEventSubscriber/LOADING]: Auto-subscribing com.alexander.rootoffear.events.StopPortalTravelEvent to FORGE
[23Mar2025 15:21:37.479] [modloading-worker-0/DEBUG] [net.minecraftforge.fml.javafmlmod.AutomaticEventSubscriber/LOADING]: Auto-subscribing com.alexander.rootoffear.events.ServerUpdateClientEffectsEvent to FORGE
[23Mar2025 15:21:37.482] [modloading-worker-0/DEBUG] [net.minecraftforge.fml.javafmlmod.AutomaticEventSubscriber/LOADING]: Auto-subscribing com.alexander.rootoffear.events.RandomlyPlayWiltedSoundsEvent to FORGE
[23Mar2025 15:21:37.483] [modloading-worker-0/DEBUG] [net.minecraftforge.fml.javafmlmod.AutomaticEventSubscriber/LOADING]: Auto-subscribing com.alexander.rootoffear.events.PreventSleepingEvent to FORGE
[23Mar2025 15:21:37.488] [modloading-worker-0/DEBUG] [net.minecraftforge.fml.javafmlmod.AutomaticEventSubscriber/LOADING]: Auto-subscribing com.alexander.rootoffear.events.PlayerMovementEvents to FORGE
[23Mar2025 15:21:37.489] [modloading-worker-0/DEBUG] [net.minecraftforge.fml.javafmlmod.AutomaticEventSubscriber/LOADING]: Auto-subscribing com.alexander.rootoffear.events.ModifyAIEvent to FORGE
[23Mar2025 15:21:37.484] [modloading-worker-0/DEBUG] [net.minecraftforge.fml.config.ConfigTracker/CONFIG]: Config file tombstone-client.toml for tombstone tracking
[23Mar2025 15:21:37.490] [modloading-worker-0/DEBUG] [net.minecraftforge.fml.config.ConfigTracker/CONFIG]: Config file tombstone-common.toml for tombstone tracking
[23Mar2025 15:21:37.493] [modloading-worker-0/DEBUG] [net.minecraftforge.fml.javafmlmod.AutomaticEventSubscriber/LOADING]: Auto-subscribing com.alexander.rootoffear.events.AddCustomSpawnersEvent to FORGE
[23Mar2025 15:21:37.494] [modloading-worker-0/DEBUG] [net.minecraftforge.fml.javafmlmod.AutomaticEventSubscriber/LOADING]: Auto-subscribing com.alexander.rootoffear.events.AddCooldownsToPlacedLightSourcesEvent to FORGE
[23Mar2025 15:21:37.505] [modloading-worker-0/DEBUG] [net.minecraftforge.fml.javafmlmod.AutomaticEventSubscriber/LOADING]: Attempting to inject @EventBusSubscriber classes into the eventbus for resourcefullib
[23Mar2025 15:21:37.507] [modloading-worker-0/DEBUG] [net.minecraftforge.fml.config.ConfigTracker/CONFIG]: Config file tombstone-server.toml for tombstone tracking
[23Mar2025 15:21:37.513] [modloading-worker-0/DEBUG] [net.minecraftforge.fml.javafmlmod.AutomaticEventSubscriber/LOADING]: Attempting to inject @EventBusSubscriber classes into the eventbus for tombstone
[23Mar2025 15:21:37.513] [modloading-worker-0/DEBUG] [net.minecraftforge.fml.javafmlmod.AutomaticEventSubscriber/LOADING]: Auto-subscribing ovh.corail.tombstone.registry.Registration to MOD
[23Mar2025 15:21:37.515] [modloading-worker-0/DEBUG] [net.minecraftforge.fml.javafmlmod.AutomaticEventSubscriber/LOADING]: Auto-subscribing ovh.corail.tombstone.perk.PerkRegistry to MOD
[23Mar2025 15:21:37.524] [modloading-worker-0/DEBUG] [net.minecraftforge.fml.javafmlmod.AutomaticEventSubscriber/LOADING]: Auto-subscribing ovh.corail.tombstone.helper.LootHelper to FORGE
[23Mar2025 15:21:37.572] [modloading-worker-0/DEBUG] [mixin/]: Mixing LootTableMixin from balm.mixins.json into net.minecraft.world.level.storage.loot.LootTable
[23Mar2025 15:21:37.573] [modloading-worker-0/DEBUG] [net.minecraftforge.fml.javafmlmod.AutomaticEventSubscriber/LOADING]: Attempting to inject @EventBusSubscriber classes into the eventbus for witherstormmod
[23Mar2025 15:21:37.574] [modloading-worker-0/DEBUG] [mixin/]: Mixing AccessorLootTable from zeta.mixins.json into net.minecraft.world.level.storage.loot.LootTable
[23Mar2025 15:21:37.589] [modloading-worker-0/DEBUG] [net.minecraftforge.fml.javafmlmod.AutomaticEventSubscriber/LOADING]: Auto-subscribing ovh.corail.tombstone.event.EventHandler to FORGE
[23Mar2025 15:21:37.664] [modloading-worker-0/DEBUG] [mixin/]: Mixing ExplosionMixin from supplementaries-common.mixins.json into net.minecraft.world.level.Explosion
[23Mar2025 15:21:37.712] [modloading-worker-0/DEBUG] [net.minecraftforge.fml.javafmlmod.AutomaticEventSubscriber/LOADING]: Auto-subscribing ovh.corail.tombstone.config.ConfigTombstone$ConfigEvent to MOD
[23Mar2025 15:21:37.725] [modloading-worker-0/DEBUG] [net.minecraftforge.fml.javafmlmod.AutomaticEventSubscriber/LOADING]: Attempting to inject @EventBusSubscriber classes into the eventbus for customvillagertrades
[23Mar2025 15:21:37.728] [modloading-worker-0/DEBUG] [Flight Lib/]: Loaded com.possible_triangle.flightlib.forge.services.ForgePlatformHelper@5e4932f for service interface com.possible_triangle.flightlib.platform.services.IPlatformHelper
[23Mar2025 15:21:37.730] [modloading-worker-0/DEBUG] [net.minecraftforge.fml.javafmlmod.AutomaticEventSubscriber/LOADING]: Attempting to inject @EventBusSubscriber classes into the eventbus for architectury
[23Mar2025 15:21:37.730] [modloading-worker-0/DEBUG] [net.minecraftforge.fml.javafmlmod.AutomaticEventSubscriber/LOADING]: Auto-subscribing dev.architectury.registry.level.entity.trade.forge.TradeRegistryImpl to FORGE
[23Mar2025 15:21:37.733] [modloading-worker-0/DEBUG] [net.minecraftforge.fml.javafmlmod.AutomaticEventSubscriber/LOADING]: Auto-subscribing dev.architectury.registry.forge.ReloadListenerRegistryImpl to FORGE
[23Mar2025 15:21:37.735] [modloading-worker-0/DEBUG] [net.minecraftforge.fml.javafmlmod.AutomaticEventSubscriber/LOADING]: Auto-subscribing dev.architectury.networking.forge.NetworkManagerImpl to FORGE
[23Mar2025 15:21:37.737] [modloading-worker-0/DEBUG] [Flight Lib/]: Loaded com.possible_triangle.flightlib.forge.services.ForgeNetwork@218fa0d0 for service interface com.possible_triangle.flightlib.platform.services.INetwork
[23Mar2025 15:21:37.743] [modloading-worker-0/INFO] [dev.architectury.networking.forge.NetworkManagerImpl/]: Registering C2S receiver with id architectury:sync_ids
[23Mar2025 15:21:37.744] [modloading-worker-0/DEBUG] [Flight Lib/]: Loaded com.possible_triangle.flightlib.forge.services.ForgeRegistries@6f91bb24 for service interface com.possible_triangle.flightlib.platform.services.IRegistries
[23Mar2025 15:21:37.759] [modloading-worker-0/DEBUG] [net.minecraftforge.fml.config.ConfigTracker/CONFIG]: Config file deeperdarker-common.toml for deeperdarker tracking
[23Mar2025 15:21:37.759] [modloading-worker-0/DEBUG] [net.minecraftforge.fml.javafmlmod.AutomaticEventSubscriber/LOADING]: Attempting to inject @EventBusSubscriber classes into the eventbus for deeperdarker
[23Mar2025 15:21:37.761] [modloading-worker-0/DEBUG] [net.minecraftforge.fml.javafmlmod.AutomaticEventSubscriber/LOADING]: Auto-subscribing com.kyanite.deeperdarker.DeeperDarkerEvents to FORGE
[23Mar2025 15:21:37.761] [modloading-worker-0/DEBUG] [net.minecraftforge.fml.javafmlmod.AutomaticEventSubscriber/LOADING]: Attempting to inject @EventBusSubscriber classes into the eventbus for villainoushordemanager
[23Mar2025 15:21:37.780] [modloading-worker-0/DEBUG] [Framework/]: Loaded com.mrcrayfish.framework.platform.ForgePlatformHelper@6eed4ff for service interface com.mrcrayfish.framework.platform.services.IPlatformHelper
[23Mar2025 15:21:37.781] [modloading-worker-0/DEBUG] [net.minecraftforge.fml.javafmlmod.AutomaticEventSubscriber/LOADING]: Attempting to inject @EventBusSubscriber classes into the eventbus for flightlib
[23Mar2025 15:21:37.782] [modloading-worker-0/DEBUG] [net.minecraftforge.fml.javafmlmod.AutomaticEventSubscriber/LOADING]: Attempting to inject @EventBusSubscriber classes into the eventbus for t_and_t
[23Mar2025 15:21:37.782] [modloading-worker-0/DEBUG] [Framework/]: Loaded com.mrcrayfish.framework.platform.ForgeNetworkHelper@7d7f8fe5 for service interface com.mrcrayfish.framework.platform.services.INetworkHelper
[23Mar2025 15:21:37.789] [modloading-worker-0/DEBUG] [Framework/]: Loaded com.mrcrayfish.framework.platform.ForgeRegistrationHelper@5adc3b9c for service interface com.mrcrayfish.framework.platform.services.IRegistrationHelper
[23Mar2025 15:21:37.789] [modloading-worker-0/DEBUG] [Framework/]: Loaded com.mrcrayfish.framework.platform.ForgeEntityHelper@58819d57 for service interface com.mrcrayfish.framework.platform.services.IEntityHelper
[23Mar2025 15:21:37.794] [modloading-worker-0/DEBUG] [Framework/]: Loaded com.mrcrayfish.framework.platform.ForgeItemHelper@51d02632 for service interface com.mrcrayfish.framework.platform.services.IItemHelper
[23Mar2025 15:21:37.798] [modloading-worker-0/DEBUG] [Framework/]: Loaded com.mrcrayfish.framework.platform.ForgeConfigHelper@66abcd25 for service interface com.mrcrayfish.framework.platform.services.IConfigHelper
[23Mar2025 15:21:37.821] [modloading-worker-0/DEBUG] [io.netty.util.internal.PlatformDependent0/]: -Dio.netty.noUnsafe: false
[23Mar2025 15:21:37.822] [modloading-worker-0/DEBUG] [io.netty.util.internal.PlatformDependent0/]: Java version: 17
[23Mar2025 15:21:37.823] [modloading-worker-0/DEBUG] [io.netty.util.internal.PlatformDependent0/]: sun.misc.Unsafe.theUnsafe: available
[23Mar2025 15:21:37.823] [modloading-worker-0/DEBUG] [io.netty.util.internal.PlatformDependent0/]: sun.misc.Unsafe.copyMemory: available
[23Mar2025 15:21:37.824] [modloading-worker-0/DEBUG] [io.netty.util.internal.PlatformDependent0/]: sun.misc.Unsafe.storeFence: available
[23Mar2025 15:21:37.824] [modloading-worker-0/DEBUG] [io.netty.util.internal.PlatformDependent0/]: java.nio.Buffer.address: available
[23Mar2025 15:21:37.825] [modloading-worker-0/DEBUG] [io.netty.util.internal.PlatformDependent0/]: direct buffer constructor: unavailable
java.lang.UnsupportedOperationException: Reflective setAccessible(true) disabled
	at io.netty.util.internal.ReflectionUtil.trySetAccessible(ReflectionUtil.java:31) ~[netty-common-4.1.82.Final.jar%2382!/:4.1.82.Final]
	at io.netty.util.internal.PlatformDependent0$5.run(PlatformDependent0.java:288) ~[netty-common-4.1.82.Final.jar%2382!/:4.1.82.Final]
	at java.security.AccessController.doPrivileged(AccessController.java:318) ~[?:?]
	at io.netty.util.internal.PlatformDependent0.<clinit>(PlatformDependent0.java:282) ~[netty-common-4.1.82.Final.jar%2382!/:4.1.82.Final]
	at io.netty.util.internal.PlatformDependent.isAndroid(PlatformDependent.java:333) ~[netty-common-4.1.82.Final.jar%2382!/:4.1.82.Final]
	at io.netty.util.internal.PlatformDependent.<clinit>(PlatformDependent.java:88) ~[netty-common-4.1.82.Final.jar%2382!/:4.1.82.Final]
	at io.netty.util.internal.ConcurrentSet.<init>(ConcurrentSet.java:37) ~[netty-common-4.1.82.Final.jar%2382!/:4.1.82.Final]
	at com.yungnickyoung.minecraft.bettermineshafts.BetterMineshaftsCommon.<clinit>(BetterMineshaftsCommon.java:19) ~[YungsBetterMineshafts-1.20-Forge-4.0.4.jar%23278!/:1.20-Forge-4.0.4]
	at com.yungnickyoung.minecraft.bettermineshafts.BetterMineshaftsForge.<init>(BetterMineshaftsForge.java:8) ~[YungsBetterMineshafts-1.20-Forge-4.0.4.jar%23278!/:1.20-Forge-4.0.4]
	at jdk.internal.reflect.NativeConstructorAccessorImpl.newInstance0(Native Method) ~[?:?]
	at jdk.internal.reflect.NativeConstructorAccessorImpl.newInstance(NativeConstructorAccessorImpl.java:77) ~[?:?]
	at jdk.internal.reflect.DelegatingConstructorAccessorImpl.newInstance(DelegatingConstructorAccessorImpl.java:45) ~[?:?]
	at java.lang.reflect.Constructor.newInstanceWithCaller(Constructor.java:500) ~[?:?]
	at java.lang.reflect.Constructor.newInstance(Constructor.java:481) ~[?:?]
	at net.minecraftforge.fml.javafmlmod.FMLModContainer.constructMod(FMLModContainer.java:70) ~[javafmllanguage-1.20.1-47.3.7.jar%23285!/:?]
	at net.minecraftforge.fml.ModContainer.lambda$buildTransitionHandler$4(ModContainer.java:124) ~[fmlcore-1.20.1-47.3.7.jar%23284!/:?]
	at java.util.concurrent.CompletableFuture$AsyncRun.run(CompletableFuture.java:1804) ~[?:?]
	at java.util.concurrent.CompletableFuture$AsyncRun.exec(CompletableFuture.java:1796) ~[?:?]
	at java.util.concurrent.ForkJoinTask.doExec(ForkJoinTask.java:373) ~[?:?]
	at java.util.concurrent.ForkJoinPool$WorkQueue.topLevelExec(ForkJoinPool.java:1182) ~[?:?]
	at java.util.concurrent.ForkJoinPool.scan(ForkJoinPool.java:1655) ~[?:?]
	at java.util.concurrent.ForkJoinPool.runWorker(ForkJoinPool.java:1622) ~[?:?]
	at java.util.concurrent.ForkJoinWorkerThread.run(ForkJoinWorkerThread.java:165) ~[?:?]
[23Mar2025 15:21:37.826] [modloading-worker-0/DEBUG] [io.netty.util.internal.PlatformDependent0/]: java.nio.Bits.unaligned: available, true
[23Mar2025 15:21:37.827] [modloading-worker-0/DEBUG] [io.netty.util.internal.PlatformDependent0/]: jdk.internal.misc.Unsafe.allocateUninitializedArray(int): unavailable
java.lang.IllegalAccessException: class io.netty.util.internal.PlatformDependent0$7 (in module io.netty.common) cannot access class jdk.internal.misc.Unsafe (in module java.base) because module java.base does not export jdk.internal.misc to module io.netty.common
	at jdk.internal.reflect.Reflection.newIllegalAccessException(Reflection.java:392) ~[?:?]
	at java.lang.reflect.AccessibleObject.checkAccess(AccessibleObject.java:674) ~[?:?]
	at java.lang.reflect.Method.invoke(Method.java:561) ~[?:?]
	at io.netty.util.internal.PlatformDependent0$7.run(PlatformDependent0.java:410) ~[netty-common-4.1.82.Final.jar%2382!/:4.1.82.Final]
	at java.security.AccessController.doPrivileged(AccessController.java:318) ~[?:?]
	at io.netty.util.internal.PlatformDependent0.<clinit>(PlatformDependent0.java:401) ~[netty-common-4.1.82.Final.jar%2382!/:4.1.82.Final]
	at io.netty.util.internal.PlatformDependent.isAndroid(PlatformDependent.java:333) ~[netty-common-4.1.82.Final.jar%2382!/:4.1.82.Final]
	at io.netty.util.internal.PlatformDependent.<clinit>(PlatformDependent.java:88) ~[netty-common-4.1.82.Final.jar%2382!/:4.1.82.Final]
	at io.netty.util.internal.ConcurrentSet.<init>(ConcurrentSet.java:37) ~[netty-common-4.1.82.Final.jar%2382!/:4.1.82.Final]
	at com.yungnickyoung.minecraft.bettermineshafts.BetterMineshaftsCommon.<clinit>(BetterMineshaftsCommon.java:19) ~[YungsBetterMineshafts-1.20-Forge-4.0.4.jar%23278!/:1.20-Forge-4.0.4]
	at com.yungnickyoung.minecraft.bettermineshafts.BetterMineshaftsForge.<init>(BetterMineshaftsForge.java:8) ~[YungsBetterMineshafts-1.20-Forge-4.0.4.jar%23278!/:1.20-Forge-4.0.4]
	at jdk.internal.reflect.NativeConstructorAccessorImpl.newInstance0(Native Method) ~[?:?]
	at jdk.internal.reflect.NativeConstructorAccessorImpl.newInstance(NativeConstructorAccessorImpl.java:77) ~[?:?]
	at jdk.internal.reflect.DelegatingConstructorAccessorImpl.newInstance(DelegatingConstructorAccessorImpl.java:45) ~[?:?]
	at java.lang.reflect.Constructor.newInstanceWithCaller(Constructor.java:500) ~[?:?]
	at java.lang.reflect.Constructor.newInstance(Constructor.java:481) ~[?:?]
	at net.minecraftforge.fml.javafmlmod.FMLModContainer.constructMod(FMLModContainer.java:70) ~[javafmllanguage-1.20.1-47.3.7.jar%23285!/:?]
	at net.minecraftforge.fml.ModContainer.lambda$buildTransitionHandler$4(ModContainer.java:124) ~[fmlcore-1.20.1-47.3.7.jar%23284!/:?]
	at java.util.concurrent.CompletableFuture$AsyncRun.run(CompletableFuture.java:1804) ~[?:?]
	at java.util.concurrent.CompletableFuture$AsyncRun.exec(CompletableFuture.java:1796) ~[?:?]
	at java.util.concurrent.ForkJoinTask.doExec(ForkJoinTask.java:373) ~[?:?]
	at java.util.concurrent.ForkJoinPool$WorkQueue.topLevelExec(ForkJoinPool.java:1182) ~[?:?]
	at java.util.concurrent.ForkJoinPool.scan(ForkJoinPool.java:1655) ~[?:?]
	at java.util.concurrent.ForkJoinPool.runWorker(ForkJoinPool.java:1622) ~[?:?]
	at java.util.concurrent.ForkJoinWorkerThread.run(ForkJoinWorkerThread.java:165) ~[?:?]
[23Mar2025 15:21:37.828] [modloading-worker-0/DEBUG] [io.netty.util.internal.PlatformDependent0/]: java.nio.DirectByteBuffer.<init>(long, int): unavailable
[23Mar2025 15:21:37.828] [modloading-worker-0/DEBUG] [io.netty.util.internal.PlatformDependent/]: sun.misc.Unsafe: available
[23Mar2025 15:21:37.828] [modloading-worker-0/DEBUG] [io.netty.util.internal.PlatformDependent/]: maxDirectMemory: 17179869184 bytes (maybe)
[23Mar2025 15:21:37.829] [modloading-worker-0/DEBUG] [io.netty.util.internal.PlatformDependent/]: -Dio.netty.tmpdir: /tmp (java.io.tmpdir)
[23Mar2025 15:21:37.829] [modloading-worker-0/DEBUG] [io.netty.util.internal.PlatformDependent/]: -Dio.netty.bitMode: 64 (sun.arch.data.model)
[23Mar2025 15:21:37.830] [modloading-worker-0/DEBUG] [io.netty.util.internal.PlatformDependent/]: -Dio.netty.maxDirectMemory: -1 bytes
[23Mar2025 15:21:37.830] [modloading-worker-0/DEBUG] [io.netty.util.internal.PlatformDependent/]: -Dio.netty.uninitializedArrayAllocationThreshold: -1
[23Mar2025 15:21:37.831] [modloading-worker-0/DEBUG] [io.netty.util.internal.CleanerJava9/]: java.nio.ByteBuffer.cleaner(): available
[23Mar2025 15:21:37.831] [modloading-worker-0/DEBUG] [io.netty.util.internal.PlatformDependent/]: -Dio.netty.noPreferDirect: false
[23Mar2025 15:21:37.834] [modloading-worker-0/DEBUG] [bettermineshafts/]: Loaded com.yungnickyoung.minecraft.bettermineshafts.services.ForgePlatformHelper@54f474e9 for service interface com.yungnickyoung.minecraft.bettermineshafts.services.IPlatformHelper
[23Mar2025 15:21:37.835] [modloading-worker-0/DEBUG] [bettermineshafts/]: Loaded com.yungnickyoung.minecraft.bettermineshafts.services.ForgeModulesLoader@5afb414e for service interface com.yungnickyoung.minecraft.bettermineshafts.services.IModulesLoader
[23Mar2025 15:21:37.838] [modloading-worker-0/DEBUG] [net.minecraftforge.fml.config.ConfigTracker/CONFIG]: Config file bettermineshafts-forge-1_20.toml for bettermineshafts tracking
[23Mar2025 15:21:37.839] [modloading-worker-0/DEBUG] [net.minecraftforge.fml.javafmlmod.AutomaticEventSubscriber/LOADING]: Attempting to inject @EventBusSubscriber classes into the eventbus for bettermineshafts
[23Mar2025 15:21:37.842] [modloading-worker-0/DEBUG] [mixin/]: Mixing MerchantOffersMixin from quark.mixins.json into net.minecraft.world.item.trading.MerchantOffers
[23Mar2025 15:21:37.853] [modloading-worker-0/DEBUG] [net.minecraftforge.fml.config.ConfigTracker/CONFIG]: Config file illageandspillage-client.toml for illageandspillage tracking
[23Mar2025 15:21:37.853] [modloading-worker-0/DEBUG] [net.minecraftforge.fml.config.ConfigTracker/CONFIG]: Config file illageandspillage-common.toml for illageandspillage tracking
[23Mar2025 15:21:37.854] [modloading-worker-0/DEBUG] [net.minecraftforge.fml.javafmlmod.AutomaticEventSubscriber/LOADING]: Attempting to inject @EventBusSubscriber classes into the eventbus for illageandspillage
[23Mar2025 15:21:37.854] [modloading-worker-0/DEBUG] [net.minecraftforge.fml.javafmlmod.AutomaticEventSubscriber/LOADING]: Auto-subscribing com.yellowbrossproductions.illageandspillage.events.NightmareEvents to FORGE
[23Mar2025 15:21:37.860] [modloading-worker-0/DEBUG] [net.minecraftforge.fml.javafmlmod.AutomaticEventSubscriber/LOADING]: Auto-subscribing com.yellowbrossproductions.illageandspillage.events.ForgeEventBusSubscriber to FORGE
[23Mar2025 15:21:37.870] [modloading-worker-0/DEBUG] [net.minecraftforge.fml.config.ConfigTracker/CONFIG]: Config file omni_card-common.toml for omni_card tracking
[23Mar2025 15:21:37.873] [modloading-worker-0/DEBUG] [net.minecraftforge.fml.javafmlmod.AutomaticEventSubscriber/LOADING]: Auto-subscribing com.yellowbrossproductions.illageandspillage.IllageAndSpillage$RegistryEvents to MOD
[23Mar2025 15:21:37.880] [modloading-worker-0/DEBUG] [playerrevive/]: Created network playerrevive:main
[23Mar2025 15:21:37.889] [modloading-worker-0/DEBUG] [net.minecraftforge.fml.javafmlmod.AutomaticEventSubscriber/LOADING]: Attempting to inject @EventBusSubscriber classes into the eventbus for playerrevive
[23Mar2025 15:21:37.895] [modloading-worker-0/DEBUG] [betterjungletemples/]: Loaded com.yungnickyoung.minecraft.betterjungletemples.services.ForgePlatformHelper@233f70eb for service interface com.yungnickyoung.minecraft.betterjungletemples.services.IPlatformHelper
[23Mar2025 15:21:37.896] [modloading-worker-0/DEBUG] [betterjungletemples/]: Loaded com.yungnickyoung.minecraft.betterjungletemples.services.ForgeModulesLoader@9952e8c for service interface com.yungnickyoung.minecraft.betterjungletemples.services.IModulesLoader
[23Mar2025 15:21:37.898] [modloading-worker-0/DEBUG] [betterjungletemples/]: Loaded com.yungnickyoung.minecraft.betterjungletemples.services.ForgeProcessorProvider@5f09a5df for service interface com.yungnickyoung.minecraft.betterjungletemples.services.IProcessorProvider
[23Mar2025 15:21:37.899] [modloading-worker-0/DEBUG] [net.minecraftforge.fml.config.ConfigTracker/CONFIG]: Config file betterjungletemples-forge-1_20.toml for betterjungletemples tracking
[23Mar2025 15:21:37.903] [modloading-worker-0/DEBUG] [net.minecraftforge.fml.javafmlmod.AutomaticEventSubscriber/LOADING]: Attempting to inject @EventBusSubscriber classes into the eventbus for betterjungletemples
[23Mar2025 15:21:37.907] [modloading-worker-0/DEBUG] [net.minecraftforge.fml.javafmlmod.AutomaticEventSubscriber/LOADING]: Attempting to inject @EventBusSubscriber classes into the eventbus for omni_card
[23Mar2025 15:21:37.907] [modloading-worker-0/DEBUG] [net.minecraftforge.fml.javafmlmod.AutomaticEventSubscriber/LOADING]: Auto-subscribing plus.dragons.omnicard.event.ModBusEvent to MOD
[23Mar2025 15:21:37.908] [modloading-worker-0/DEBUG] [net.minecraftforge.fml.javafmlmod.AutomaticEventSubscriber/LOADING]: Auto-subscribing plus.dragons.omnicard.event.ForgeBusEvent to FORGE
[23Mar2025 15:21:37.916] [modloading-worker-0/DEBUG] [net.minecraftforge.fml.javafmlmod.AutomaticEventSubscriber/LOADING]: Auto-subscribing plus.dragons.omnicard.registry.CapabilityRegistry to MOD
[23Mar2025 15:21:37.917] [modloading-worker-0/DEBUG] [net.minecraftforge.fml.javafmlmod.AutomaticEventSubscriber/LOADING]: Auto-subscribing plus.dragons.omnicard.registry.RendererRegistry to MOD
[23Mar2025 15:21:37.917] [modloading-worker-0/DEBUG] [net.minecraftforge.fml.javafmlmod.AutomaticEventSubscriber/LOADING]: Attempting to inject @EventBusSubscriber classes into the eventbus for geckolib
[23Mar2025 15:21:37.917] [modloading-worker-0/DEBUG] [net.minecraftforge.fml.javafmlmod.AutomaticEventSubscriber/LOADING]: Auto-subscribing software.bernie.example.GeckoLibMod to FORGE
[23Mar2025 15:21:37.917] [modloading-worker-0/DEBUG] [net.minecraftforge.fml.javafmlmod.AutomaticEventSubscriber/LOADING]: Auto-subscribing software.bernie.example.CommonListener to MOD
[23Mar2025 15:21:37.948] [modloading-worker-0/DEBUG] [Framework/]: Started watching config: /workspaces/insano/servidor_minecraft/config/goblintraders-entities.toml
[23Mar2025 15:21:37.987] [modloading-worker-0/DEBUG] [net.minecraftforge.fml.javafmlmod.AutomaticEventSubscriber/LOADING]: Attempting to inject @EventBusSubscriber classes into the eventbus for framework
[23Mar2025 15:21:37.987] [modloading-worker-0/DEBUG] [net.minecraftforge.fml.javafmlmod.AutomaticEventSubscriber/LOADING]: Auto-subscribing com.mrcrayfish.framework.entity.sync.ForgeSyncedEntityDataHandler to FORGE
[23Mar2025 15:21:37.990] [modloading-worker-0/DEBUG] [net.minecraftforge.fml.ModLoadingContext/]: Attempted to register an empty config for type CLIENT on mod tameablebeasts using file name tameable-beasts-client.toml
[23Mar2025 15:21:37.994] [modloading-worker-0/DEBUG] [net.minecraftforge.fml.config.ConfigTracker/CONFIG]: Config file tameable-beasts-common.toml for tameablebeasts tracking
[23Mar2025 15:21:37.994] [modloading-worker-0/DEBUG] [net.minecraftforge.fml.javafmlmod.AutomaticEventSubscriber/LOADING]: Attempting to inject @EventBusSubscriber classes into the eventbus for tameablebeasts
[23Mar2025 15:21:37.994] [modloading-worker-0/DEBUG] [net.minecraftforge.fml.javafmlmod.AutomaticEventSubscriber/LOADING]: Auto-subscribing com.modderg.tameablebeasts.server.events.ServerForgeEvents to FORGE
[23Mar2025 15:21:38.001] [modloading-worker-0/DEBUG] [net.minecraftforge.fml.config.ConfigTracker/CONFIG]: Config file jei-server.toml for jei tracking
[23Mar2025 15:21:38.007] [modloading-worker-0/DEBUG] [net.minecraftforge.fml.config.ConfigTracker/CONFIG]: Config file trashslot-common.toml for trashslot tracking
[23Mar2025 15:21:38.009] [modloading-worker-0/DEBUG] [net.minecraftforge.fml.javafmlmod.AutomaticEventSubscriber/LOADING]: Attempting to inject @EventBusSubscriber classes into the eventbus for jei
[23Mar2025 15:21:38.030] [modloading-worker-0/DEBUG] [net.minecraftforge.fml.javafmlmod.AutomaticEventSubscriber/LOADING]: Attempting to inject @EventBusSubscriber classes into the eventbus for trashslot
[23Mar2025 15:21:38.128] [modloading-worker-0/DEBUG] [net.minecraftforge.fml.config.ConfigTracker/CONFIG]: Config file mowziesmobs-common.toml for mowziesmobs tracking
[23Mar2025 15:21:38.161] [modloading-worker-0/DEBUG] [net.minecraftforge.fml.javafmlmod.AutomaticEventSubscriber/LOADING]: Attempting to inject @EventBusSubscriber classes into the eventbus for lithostitched
[23Mar2025 15:21:38.169] [modloading-worker-0/DEBUG] [net.minecraftforge.fml.javafmlmod.AutomaticEventSubscriber/LOADING]: Attempting to inject @EventBusSubscriber classes into the eventbus for commonnetworking
[23Mar2025 15:21:38.171] [modloading-worker-0/DEBUG] [net.minecraftforge.fml.javafmlmod.AutomaticEventSubscriber/LOADING]: Attempting to inject @EventBusSubscriber classes into the eventbus for goblintraders
[23Mar2025 15:21:38.181] [modloading-worker-0/ERROR] [net.minecraftforge.eventbus.EventSubclassTransformer/EVENTBUS]: Could not find parent net/minecraft/client/renderer/entity/layers/RenderLayer for class com/obscuria/obscureapi/client/renderer/PatreonLayer in classloader cpw.mods.modlauncher.TransformingClassLoader@501957bf on thread Thread[modloading-worker-0,5,main]
[23Mar2025 15:21:38.185] [modloading-worker-0/DEBUG] [net.minecraftforge.fml.javafmlmod.AutomaticEventSubscriber/LOADING]: Attempting to inject @EventBusSubscriber classes into the eventbus for twilightforest
[23Mar2025 15:21:38.185] [modloading-worker-0/DEBUG] [net.minecraftforge.fml.javafmlmod.AutomaticEventSubscriber/LOADING]: Auto-subscribing twilightforest.util.TFRemapper to FORGE
[23Mar2025 15:21:38.189] [modloading-worker-0/DEBUG] [net.minecraftforge.fml.javafmlmod.AutomaticEventSubscriber/LOADING]: Auto-subscribing twilightforest.loot.modifiers.GiantToolGroupingModifier to FORGE
[23Mar2025 15:21:38.184] [modloading-worker-0/ERROR] [net.minecraftforge.eventbus.EventSubclassTransformer/EVENTBUS]: An error occurred building event handler
java.lang.ClassNotFoundException: net.minecraft.client.renderer.entity.layers.RenderLayer
	at cpw.mods.cl.ModuleClassLoader.loadClass(ModuleClassLoader.java:141) ~[securejarhandler-2.1.10.jar:?]
	at java.lang.ClassLoader.loadClass(ClassLoader.java:525) ~[?:?]
	at net.minecraftforge.eventbus.EventSubclassTransformer.buildEvents(EventSubclassTransformer.java:97) ~[eventbus-6.0.5.jar%2352!/:?]
	at net.minecraftforge.eventbus.EventSubclassTransformer.transform(EventSubclassTransformer.java:48) ~[eventbus-6.0.5.jar%2352!/:?]
	at net.minecraftforge.eventbus.EventBusEngine.processClass(EventBusEngine.java:26) ~[eventbus-6.0.5.jar%2352!/:?]
	at net.minecraftforge.eventbus.service.ModLauncherService.processClassWithFlags(ModLauncherService.java:32) ~[eventbus-6.0.5.jar%2352!/:6.0.5+6.0.5+master.eb8e549b]
	at cpw.mods.modlauncher.LaunchPluginHandler.offerClassNodeToPlugins(LaunchPluginHandler.java:88) ~[modlauncher-10.0.9.jar%2355!/:?]
	at cpw.mods.modlauncher.ClassTransformer.transform(ClassTransformer.java:120) ~[modlauncher-10.0.9.jar%2355!/:?]
	at cpw.mods.modlauncher.TransformingClassLoader.maybeTransformClassBytes(TransformingClassLoader.java:50) ~[modlauncher-10.0.9.jar%2355!/:?]
	at cpw.mods.cl.ModuleClassLoader.readerToClass(ModuleClassLoader.java:113) ~[securejarhandler-2.1.10.jar:?]
	at cpw.mods.cl.ModuleClassLoader.lambda$findClass$15(ModuleClassLoader.java:219) ~[securejarhandler-2.1.10.jar:?]
	at cpw.mods.cl.ModuleClassLoader.loadFromModule(ModuleClassLoader.java:229) ~[securejarhandler-2.1.10.jar:?]
	at cpw.mods.cl.ModuleClassLoader.findClass(ModuleClassLoader.java:219) ~[securejarhandler-2.1.10.jar:?]
	at cpw.mods.cl.ModuleClassLoader.loadClass(ModuleClassLoader.java:135) ~[securejarhandler-2.1.10.jar:?]
	at java.lang.ClassLoader.loadClass(ClassLoader.java:525) ~[?:?]
	at java.lang.ClassLoader.defineClass0(Native Method) ~[?:?]
	at java.lang.System$2.defineClass(System.java:2324) ~[?:?]
	at java.lang.invoke.MethodHandles$Lookup$ClassDefiner.defineClass(MethodHandles.java:2439) ~[?:?]
	at java.lang.invoke.MethodHandles$Lookup$ClassDefiner.defineClassAsLookup(MethodHandles.java:2420) ~[?:?]
	at java.lang.invoke.MethodHandles$Lookup.defineHiddenClass(MethodHandles.java:2127) ~[?:?]
	at java.lang.invoke.InnerClassLambdaMetafactory.generateInnerClass(InnerClassLambdaMetafactory.java:407) ~[?:?]
	at java.lang.invoke.InnerClassLambdaMetafactory.spinInnerClass(InnerClassLambdaMetafactory.java:315) ~[?:?]
	at java.lang.invoke.InnerClassLambdaMetafactory.buildCallSite(InnerClassLambdaMetafactory.java:228) ~[?:?]
	at java.lang.invoke.LambdaMetafactory.metafactory(LambdaMetafactory.java:341) ~[?:?]
	at java.lang.invoke.BootstrapMethodInvoker.invoke(BootstrapMethodInvoker.java:134) ~[?:?]
	at java.lang.invoke.CallSite.makeSite(CallSite.java:315) ~[?:?]
	at java.lang.invoke.MethodHandleNatives.linkCallSiteImpl(MethodHandleNatives.java:281) ~[?:?]
	at java.lang.invoke.MethodHandleNatives.linkCallSite(MethodHandleNatives.java:271) ~[?:?]
	at com.obscuria.obscureapi.client.renderer.PatreonLayer$Mode.<clinit>(PatreonLayer.java:55) ~[obscure_api-15.jar%23243!/:com.obscuria]
	at com.obscuria.obscureapi.ObscureAPIConfig$Client.<clinit>(ObscureAPIConfig.java:28) ~[obscure_api-15.jar%23243!/:com.obscuria]
	at com.obscuria.obscureapi.ObscureAPIConfig.register(ObscureAPIConfig.java:46) ~[obscure_api-15.jar%23243!/:com.obscuria]
	at com.obscuria.obscureapi.ObscureAPI.<init>(ObscureAPI.java:69) ~[obscure_api-15.jar%23243!/:com.obscuria]
	at jdk.internal.reflect.NativeConstructorAccessorImpl.newInstance0(Native Method) ~[?:?]
	at jdk.internal.reflect.NativeConstructorAccessorImpl.newInstance(NativeConstructorAccessorImpl.java:77) ~[?:?]
	at jdk.internal.reflect.DelegatingConstructorAccessorImpl.newInstance(DelegatingConstructorAccessorImpl.java:45) ~[?:?]
	at java.lang.reflect.Constructor.newInstanceWithCaller(Constructor.java:500) ~[?:?]
	at java.lang.reflect.Constructor.newInstance(Constructor.java:481) ~[?:?]
	at net.minecraftforge.fml.javafmlmod.FMLModContainer.constructMod(FMLModContainer.java:70) ~[javafmllanguage-1.20.1-47.3.7.jar%23285!/:?]
	at net.minecraftforge.fml.ModContainer.lambda$buildTransitionHandler$4(ModContainer.java:124) ~[fmlcore-1.20.1-47.3.7.jar%23284!/:?]
	at java.util.concurrent.CompletableFuture$AsyncRun.run(CompletableFuture.java:1804) ~[?:?]
	at java.util.concurrent.CompletableFuture$AsyncRun.exec(CompletableFuture.java:1796) ~[?:?]
	at java.util.concurrent.ForkJoinTask.doExec(ForkJoinTask.java:373) ~[?:?]
	at java.util.concurrent.ForkJoinPool$WorkQueue.topLevelExec(ForkJoinPool.java:1182) ~[?:?]
	at java.util.concurrent.ForkJoinPool.scan(ForkJoinPool.java:1655) ~[?:?]
	at java.util.concurrent.ForkJoinPool.runWorker(ForkJoinPool.java:1622) ~[?:?]
	at java.util.concurrent.ForkJoinWorkerThread.run(ForkJoinWorkerThread.java:165) ~[?:?]
[23Mar2025 15:21:38.191] [modloading-worker-0/DEBUG] [net.minecraftforge.fml.javafmlmod.AutomaticEventSubscriber/LOADING]: Attempting to inject @EventBusSubscriber classes into the eventbus for mowziesmobs
[23Mar2025 15:21:38.192] [modloading-worker-0/DEBUG] [net.minecraftforge.fml.javafmlmod.AutomaticEventSubscriber/LOADING]: Auto-subscribing com.bobmowzie.mowziesmobs.server.sound.MMSounds to FORGE
[23Mar2025 15:21:38.192] [modloading-worker-0/DEBUG] [net.minecraftforge.fml.javafmlmod.AutomaticEventSubscriber/LOADING]: Auto-subscribing com.bobmowzie.mowziesmobs.server.inventory.ContainerHandler to MOD
[23Mar2025 15:21:38.192] [modloading-worker-0/DEBUG] [net.minecraftforge.fml.javafmlmod.AutomaticEventSubscriber/LOADING]: Auto-subscribing com.bobmowzie.mowziesmobs.server.entity.EntityHandler to MOD
[23Mar2025 15:21:38.192] [modloading-worker-0/DEBUG] [net.minecraftforge.fml.javafmlmod.AutomaticEventSubscriber/LOADING]: Auto-subscribing com.bobmowzie.mowziesmobs.server.config.ConfigHandler to MOD
[23Mar2025 15:21:38.192] [modloading-worker-0/DEBUG] [net.minecraftforge.fml.javafmlmod.AutomaticEventSubscriber/LOADING]: Auto-subscribing com.bobmowzie.mowziesmobs.MowziesMobs to FORGE
[23Mar2025 15:21:38.192] [modloading-worker-0/DEBUG] [net.minecraftforge.fml.javafmlmod.AutomaticEventSubscriber/LOADING]: Auto-subscribing com.bobmowzie.mowziesmobs.datagen.DataGenerators to MOD
[23Mar2025 15:21:38.193] [modloading-worker-0/ERROR] [net.minecraftforge.fml.loading.RuntimeDistCleaner/DISTXFORM]: Attempted to load class com/obscuria/obscureapi/client/renderer/PatreonLayer for invalid dist DEDICATED_SERVER
[23Mar2025 15:21:38.194] [modloading-worker-0/DEBUG] [net.minecraftforge.fml.config.ConfigTracker/CONFIG]: Config file Obscuria/obscure-api-client.toml for obscure_api tracking
[23Mar2025 15:21:38.195] [modloading-worker-0/DEBUG] [net.minecraftforge.fml.javafmlmod.AutomaticEventSubscriber/LOADING]: Auto-subscribing twilightforest.item.OreMagnetItem to FORGE
[23Mar2025 15:21:38.206] [modloading-worker-0/DEBUG] [net.minecraftforge.fml.javafmlmod.AutomaticEventSubscriber/LOADING]: Auto-subscribing twilightforest.item.FierySwordItem to FORGE
[23Mar2025 15:21:38.209] [modloading-worker-0/DEBUG] [net.minecraftforge.fml.javafmlmod.AutomaticEventSubscriber/LOADING]: Auto-subscribing twilightforest.init.TFEntities to MOD
[23Mar2025 15:21:38.209] [modloading-worker-0/DEBUG] [net.minecraftforge.fml.javafmlmod.AutomaticEventSubscriber/LOADING]: Auto-subscribing twilightforest.init.TFCaveCarvers to MOD
[23Mar2025 15:21:38.212] [modloading-worker-0/DEBUG] [net.minecraftforge.fml.javafmlmod.AutomaticEventSubscriber/LOADING]: Auto-subscribing twilightforest.events.ToolEvents to FORGE
[23Mar2025 15:21:38.221] [modloading-worker-0/DEBUG] [net.minecraftforge.fml.javafmlmod.AutomaticEventSubscriber/LOADING]: Auto-subscribing twilightforest.events.ProgressionEvents to FORGE
[23Mar2025 15:21:38.225] [modloading-worker-0/DEBUG] [net.minecraftforge.fml.config.ConfigTracker/CONFIG]: Config file waystones-common.toml for waystones tracking
[23Mar2025 15:21:38.231] [modloading-worker-0/DEBUG] [net.minecraftforge.fml.javafmlmod.AutomaticEventSubscriber/LOADING]: Auto-subscribing twilightforest.events.MiscEvents to FORGE
[23Mar2025 15:21:38.233] [modloading-worker-0/DEBUG] [net.minecraftforge.fml.javafmlmod.AutomaticEventSubscriber/LOADING]: Attempting to inject @EventBusSubscriber classes into the eventbus for obscure_api
[23Mar2025 15:21:38.233] [modloading-worker-0/DEBUG] [net.minecraftforge.fml.javafmlmod.AutomaticEventSubscriber/LOADING]: Auto-subscribing com.obscuria.obscureapi.registry.ObscureAPICommands to FORGE
[23Mar2025 15:21:38.234] [modloading-worker-0/DEBUG] [net.minecraftforge.fml.javafmlmod.AutomaticEventSubscriber/LOADING]: Auto-subscribing com.obscuria.obscureapi.network.ReloadMessage to MOD
[23Mar2025 15:21:38.235] [modloading-worker-0/DEBUG] [net.minecraftforge.fml.javafmlmod.AutomaticEventSubscriber/LOADING]: Auto-subscribing com.obscuria.obscureapi.network.PlayerDataCapability to MOD
[23Mar2025 15:21:38.238] [modloading-worker-0/DEBUG] [net.minecraftforge.fml.javafmlmod.AutomaticEventSubscriber/LOADING]: Auto-subscribing com.obscuria.obscureapi.network.PlayerDataCapability$PlayerDataProvider to FORGE
[23Mar2025 15:21:38.236] [modloading-worker-0/DEBUG] [net.minecraftforge.fml.javafmlmod.AutomaticEventSubscriber/LOADING]: Auto-subscribing twilightforest.events.HostileMountEvents to FORGE
[23Mar2025 15:21:38.243] [modloading-worker-0/DEBUG] [net.minecraftforge.fml.javafmlmod.AutomaticEventSubscriber/LOADING]: Auto-subscribing com.obscuria.obscureapi.network.PlayerDataCapability$EventBusHandlers to FORGE
[23Mar2025 15:21:38.243] [modloading-worker-0/DEBUG] [net.minecraftforge.fml.javafmlmod.AutomaticEventSubscriber/LOADING]: Auto-subscribing twilightforest.events.EntityEvents to FORGE
[23Mar2025 15:21:38.246] [modloading-worker-0/DEBUG] [net.minecraftforge.fml.javafmlmod.AutomaticEventSubscriber/LOADING]: Auto-subscribing com.obscuria.obscureapi.network.AnimationStopMessage to MOD
[23Mar2025 15:21:38.249] [modloading-worker-0/DEBUG] [net.minecraftforge.fml.javafmlmod.AutomaticEventSubscriber/LOADING]: Auto-subscribing twilightforest.events.CharmEvents to FORGE
[23Mar2025 15:21:38.250] [modloading-worker-0/DEBUG] [net.minecraftforge.fml.javafmlmod.AutomaticEventSubscriber/LOADING]: Auto-subscribing com.obscuria.obscureapi.network.AnimationPlayMessage to MOD
[23Mar2025 15:21:38.252] [modloading-worker-0/DEBUG] [net.minecraftforge.fml.javafmlmod.AutomaticEventSubscriber/LOADING]: Auto-subscribing twilightforest.events.CapabilityEvents to FORGE
[23Mar2025 15:21:38.252] [modloading-worker-0/DEBUG] [net.minecraftforge.fml.javafmlmod.AutomaticEventSubscriber/LOADING]: Attempting to inject @EventBusSubscriber classes into the eventbus for clumps
[23Mar2025 15:21:38.260] [modloading-worker-0/DEBUG] [net.minecraftforge.fml.javafmlmod.AutomaticEventSubscriber/LOADING]: Auto-subscribing twilightforest.data.DataGenerators to MOD
[23Mar2025 15:21:38.269] [modloading-worker-0/DEBUG] [net.minecraftforge.fml.javafmlmod.AutomaticEventSubscriber/LOADING]: Auto-subscribing twilightforest.TFTickHandler to FORGE
[23Mar2025 15:21:38.271] [modloading-worker-0/DEBUG] [net.minecraftforge.fml.javafmlmod.AutomaticEventSubscriber/LOADING]: Auto-subscribing twilightforest.TFConfig to MOD
[23Mar2025 15:21:38.273] [modloading-worker-0/DEBUG] [net.minecraftforge.fml.javafmlmod.AutomaticEventSubscriber/LOADING]: Auto-subscribing twilightforest.TFConfig$ConfigSync to FORGE
[23Mar2025 15:21:38.287] [modloading-worker-0/DEBUG] [net.minecraftforge.fml.config.ConfigTracker/CONFIG]: Config file naturescompass-common.toml for naturescompass tracking
[23Mar2025 15:21:38.288] [modloading-worker-0/DEBUG] [net.minecraftforge.fml.config.ConfigTracker/CONFIG]: Config file naturescompass-client.toml for naturescompass tracking
[23Mar2025 15:21:38.294] [modloading-worker-0/DEBUG] [net.minecraftforge.fml.javafmlmod.AutomaticEventSubscriber/LOADING]: Attempting to inject @EventBusSubscriber classes into the eventbus for naturescompass
[23Mar2025 15:21:38.294] [modloading-worker-0/DEBUG] [net.minecraftforge.fml.javafmlmod.AutomaticEventSubscriber/LOADING]: Auto-subscribing com.chaosthedude.naturescompass.registry.NaturesCompassRegistry to MOD
[23Mar2025 15:21:38.298] [modloading-worker-0/DEBUG] [net.minecraftforge.fml.javafmlmod.AutomaticEventSubscriber/LOADING]: Attempting to inject @EventBusSubscriber classes into the eventbus for integrated_api
[23Mar2025 15:21:38.298] [modloading-worker-0/DEBUG] [net.minecraftforge.fml.javafmlmod.AutomaticEventSubscriber/LOADING]: Auto-subscribing com.craisinlord.integrated_api.datagen.StructureNbtUpdaterDatagen to MOD
[23Mar2025 15:21:38.304] [modloading-worker-0/DEBUG] [net.minecraftforge.fml.config.ConfigTracker/CONFIG]: Config file crackerslib-client.toml for crackerslib tracking
[23Mar2025 15:21:38.306] [modloading-worker-0/DEBUG] [net.minecraftforge.fml.javafmlmod.AutomaticEventSubscriber/LOADING]: Attempting to inject @EventBusSubscriber classes into the eventbus for crackerslib
[23Mar2025 15:21:38.321] [modloading-worker-0/DEBUG] [net.minecraftforge.fml.config.ConfigTracker/CONFIG]: Config file knightlib.toml for knightlib tracking
[23Mar2025 15:21:38.326] [modloading-worker-0/DEBUG] [net.minecraftforge.fml.javafmlmod.AutomaticEventSubscriber/LOADING]: Attempting to inject @EventBusSubscriber classes into the eventbus for knightlib
[23Mar2025 15:21:38.326] [modloading-worker-0/DEBUG] [net.minecraftforge.fml.javafmlmod.AutomaticEventSubscriber/LOADING]: Auto-subscribing dev.xylonity.knightlib.compat.datagen.KnightLibLootModifierGenerator$KnightLibRecipeGenerator to MOD
[23Mar2025 15:21:38.332] [modloading-worker-0/INFO] [graveyard/]: Registered JSON trade offer adapter.
[23Mar2025 15:21:38.334] [modloading-worker-0/DEBUG] [net.minecraftforge.fml.javafmlmod.AutomaticEventSubscriber/LOADING]: Attempting to inject @EventBusSubscriber classes into the eventbus for waystones
[23Mar2025 15:21:38.336] [modloading-worker-0/DEBUG] [betterdeserttemples/]: Loaded com.yungnickyoung.minecraft.betterdeserttemples.services.ForgePlatformHelper@4a62292f for service interface com.yungnickyoung.minecraft.betterdeserttemples.services.IPlatformHelper
[23Mar2025 15:21:38.336] [modloading-worker-0/DEBUG] [betterdeserttemples/]: Loaded com.yungnickyoung.minecraft.betterdeserttemples.services.ForgeModulesLoader@7e1222b5 for service interface com.yungnickyoung.minecraft.betterdeserttemples.services.IModulesLoader
[23Mar2025 15:21:38.338] [modloading-worker-0/DEBUG] [betterdeserttemples/]: Loaded com.yungnickyoung.minecraft.betterdeserttemples.services.ForgeProcessorProvider@2b142cae for service interface com.yungnickyoung.minecraft.betterdeserttemples.services.IProcessorProvider
[23Mar2025 15:21:38.340] [modloading-worker-0/INFO] [coroutil/]: forge loader environment detected
[23Mar2025 15:21:38.351] [modloading-worker-0/DEBUG] [net.minecraftforge.fml.config.ConfigTracker/CONFIG]: Config file betterdeserttemples-forge-1_20.toml for betterdeserttemples tracking
[23Mar2025 15:21:38.352] [modloading-worker-0/DEBUG] [net.minecraftforge.fml.config.ConfigTracker/CONFIG]: Config file watut-common.toml for watut tracking
[23Mar2025 15:21:38.353] [modloading-worker-0/DEBUG] [net.minecraftforge.fml.javafmlmod.AutomaticEventSubscriber/LOADING]: Attempting to inject @EventBusSubscriber classes into the eventbus for graveyard
[23Mar2025 15:21:38.355] [modloading-worker-0/DEBUG] [net.minecraftforge.fml.javafmlmod.AutomaticEventSubscriber/LOADING]: Auto-subscribing com.lion.graveyard.platform.forge.HordeSpawner to FORGE
[23Mar2025 15:21:38.354] [modloading-worker-0/DEBUG] [net.minecraftforge.fml.config.ConfigTracker/CONFIG]: Config file watut-client.toml for watut tracking
[23Mar2025 15:21:38.354] [modloading-worker-0/DEBUG] [net.minecraftforge.fml.javafmlmod.AutomaticEventSubscriber/LOADING]: Attempting to inject @EventBusSubscriber classes into the eventbus for betterdeserttemples
[23Mar2025 15:21:38.373] [modloading-worker-0/DEBUG] [net.minecraftforge.versions.forge.ForgeVersion/CORE]: Forge Version package package net.minecraftforge.versions.forge, Forge, version 47.3 from cpw.mods.modlauncher.TransformingClassLoader@501957bf
[23Mar2025 15:21:38.376] [modloading-worker-0/DEBUG] [net.minecraftforge.fml.javafmlmod.AutomaticEventSubscriber/LOADING]: Attempting to inject @EventBusSubscriber classes into the eventbus for emotecraft
[23Mar2025 15:21:38.379] [modloading-worker-0/DEBUG] [net.minecraftforge.versions.forge.ForgeVersion/CORE]: Found Forge version 47.3.7
[23Mar2025 15:21:38.379] [modloading-worker-0/DEBUG] [net.minecraftforge.versions.forge.ForgeVersion/CORE]: Found Forge spec 47.3
[23Mar2025 15:21:38.379] [modloading-worker-0/DEBUG] [net.minecraftforge.versions.forge.ForgeVersion/CORE]: Found Forge group net.minecraftforge
[23Mar2025 15:21:38.379] [modloading-worker-0/DEBUG] [net.minecraftforge.versions.mcp.MCPVersion/CORE]: MCP Version package package net.minecraftforge.versions.mcp, Minecraft, version 1.20.1 from cpw.mods.modlauncher.TransformingClassLoader@501957bf
[23Mar2025 15:21:38.379] [modloading-worker-0/DEBUG] [net.minecraftforge.versions.mcp.MCPVersion/CORE]: Found MC version information 1.20.1
[23Mar2025 15:21:38.379] [modloading-worker-0/DEBUG] [net.minecraftforge.versions.mcp.MCPVersion/CORE]: Found MCP version information 20230612.114412
[23Mar2025 15:21:38.380] [modloading-worker-0/INFO] [net.minecraftforge.common.ForgeMod/FORGEMOD]: Forge mod loading, version 47.3.7, for MC 1.20.1 with MCP 20230612.114412
[23Mar2025 15:21:38.380] [modloading-worker-0/INFO] [net.minecraftforge.common.MinecraftForge/FORGE]: MinecraftForge v47.3.7 Initialized
[23Mar2025 15:21:38.383] [modloading-worker-0/DEBUG] [net.minecraftforge.fml.javafmlmod.AutomaticEventSubscriber/LOADING]: Attempting to inject @EventBusSubscriber classes into the eventbus for watut
[23Mar2025 15:21:38.385] [modloading-worker-0/DEBUG] [net.minecraftforge.fml.javafmlmod.AutomaticEventSubscriber/LOADING]: Auto-subscribing com.corosus.watut.loader.forge.EventHandlerForge to MOD
[23Mar2025 15:21:38.404] [modloading-worker-0/INFO] [dev.architectury.networking.forge.NetworkManagerImpl/]: Registering C2S receiver with id artifacts:networking_channel/42a7ad70b1cc371599a0eff744096b8a
[23Mar2025 15:21:38.411] [modloading-worker-0/INFO] [dev.architectury.networking.forge.NetworkManagerImpl/]: Registering C2S receiver with id artifacts:networking_channel/74a5e841822a3a87854ae896a33430d6
[23Mar2025 15:21:38.415] [modloading-worker-0/INFO] [dev.architectury.networking.forge.NetworkManagerImpl/]: Registering C2S receiver with id artifacts:networking_channel/eb3d1e2748533430848cadf0f37c7e9c
[23Mar2025 15:21:38.416] [modloading-worker-0/INFO] [dev.architectury.networking.forge.NetworkManagerImpl/]: Registering C2S receiver with id artifacts:networking_channel/91c8520f19f93b3e8b6a727568e194ab
[23Mar2025 15:21:38.417] [modloading-worker-0/INFO] [dev.architectury.networking.forge.NetworkManagerImpl/]: Registering C2S receiver with id artifacts:networking_channel/8c2784d778293fd482ed84b8aa5fedb9
[23Mar2025 15:21:38.418] [modloading-worker-0/INFO] [dev.architectury.networking.forge.NetworkManagerImpl/]: Registering C2S receiver with id artifacts:networking_channel/ea038224ea783d40b2863f52239e2604
[23Mar2025 15:21:38.421] [modloading-worker-0/INFO] [dev.architectury.networking.forge.NetworkManagerImpl/]: Registering C2S receiver with id artifacts:networking_channel/97ad64b7ecaf33209991c4f031501a58
[23Mar2025 15:21:38.470] [modloading-worker-0/DEBUG] [mixin/]: Mixing item.wearable.WearableArtifactItemMixin from mixins.artifacts.forge.json into artifacts.item.wearable.WearableArtifactItem
[23Mar2025 15:21:38.481] [modloading-worker-0/DEBUG] [mixin/]: Mixing item.umbrella.UmbrellaItemMixin from mixins.artifacts.forge.json into artifacts.item.UmbrellaItem
[23Mar2025 15:21:38.489] [modloading-worker-0/DEBUG] [net.minecraftforge.common.ForgeMod/FORGEMOD]: Loading Network data for FML net version: FML3
[23Mar2025 15:21:38.511] [modloading-worker-0/DEBUG] [net.minecraftforge.fml.config.ConfigTracker/CONFIG]: Config file forge-client.toml for forge tracking
[23Mar2025 15:21:38.511] [modloading-worker-0/DEBUG] [net.minecraftforge.fml.config.ConfigTracker/CONFIG]: Config file forge-server.toml for forge tracking
[23Mar2025 15:21:38.511] [modloading-worker-0/DEBUG] [net.minecraftforge.fml.ModLoadingContext/]: Attempted to register an empty config for type COMMON on mod forge
[23Mar2025 15:21:38.528] [modloading-worker-0/DEBUG] [net.minecraftforge.fml.javafmlmod.AutomaticEventSubscriber/LOADING]: Attempting to inject @EventBusSubscriber classes into the eventbus for forge
[23Mar2025 15:21:38.529] [modloading-worker-0/DEBUG] [net.minecraftforge.fml.javafmlmod.AutomaticEventSubscriber/LOADING]: Auto-subscribing net.minecraftforge.common.ForgeSpawnEggItem$CommonHandler to MOD
[23Mar2025 15:21:38.535] [modloading-worker-0/DEBUG] [net.minecraftforge.fml.config.ConfigTracker/CONFIG]: Config file alexscaves-general.toml for alexscaves tracking
[23Mar2025 15:21:38.535] [modloading-worker-0/DEBUG] [net.minecraftforge.fml.config.ConfigTracker/CONFIG]: Config file alexscaves-client.toml for alexscaves tracking
[23Mar2025 15:21:38.614] [modloading-worker-0/DEBUG] [net.minecraftforge.fml.javafmlmod.AutomaticEventSubscriber/LOADING]: Attempting to inject @EventBusSubscriber classes into the eventbus for artifacts
[23Mar2025 15:21:38.616] [modloading-worker-0/DEBUG] [mixin/]: Mixing MixinTerrablenderConfig from cristellib-common.mixins.json into terrablender.config.TerraBlenderConfig
[23Mar2025 15:21:38.635] [modloading-worker-0/DEBUG] [net.minecraftforge.fml.javafmlmod.AutomaticEventSubscriber/LOADING]: Attempting to inject @EventBusSubscriber classes into the eventbus for terrablender
[23Mar2025 15:21:38.635] [modloading-worker-0/DEBUG] [net.minecraftforge.fml.javafmlmod.AutomaticEventSubscriber/LOADING]: Auto-subscribing terrablender.handler.InitializationHandler to FORGE
[23Mar2025 15:21:38.647] [modloading-worker-0/DEBUG] [net.minecraftforge.fml.config.ConfigTracker/CONFIG]: Config file biomesoplenty/generation.toml for biomesoplenty tracking
[23Mar2025 15:21:38.820] [modloading-worker-0/DEBUG] [net.minecraftforge.fml.javafmlmod.AutomaticEventSubscriber/LOADING]: Attempting to inject @EventBusSubscriber classes into the eventbus for undead_revamp2
[23Mar2025 15:21:38.823] [modloading-worker-0/DEBUG] [net.minecraftforge.fml.javafmlmod.AutomaticEventSubscriber/LOADING]: Auto-subscribing net.mcreator.undeadrevamp.world.features.StructureFeature to FORGE
[23Mar2025 15:21:38.824] [modloading-worker-0/DEBUG] [net.minecraftforge.fml.javafmlmod.AutomaticEventSubscriber/LOADING]: Auto-subscribing net.mcreator.undeadrevamp.recipes.brewing.MooncraftBrewingRecipe to MOD
[23Mar2025 15:21:38.827] [modloading-worker-0/DEBUG] [net.minecraftforge.fml.javafmlmod.AutomaticEventSubscriber/LOADING]: Auto-subscribing net.mcreator.undeadrevamp.recipes.brewing.DrowsinesscraftBrewingRecipe to MOD
[23Mar2025 15:21:38.828] [modloading-worker-0/DEBUG] [net.minecraftforge.fml.javafmlmod.AutomaticEventSubscriber/LOADING]: Auto-subscribing net.mcreator.undeadrevamp.recipes.brewing.BebopotionBrewingRecipe to MOD
[23Mar2025 15:21:38.831] [modloading-worker-0/DEBUG] [net.minecraftforge.fml.javafmlmod.AutomaticEventSubscriber/LOADING]: Auto-subscribing net.mcreator.undeadrevamp.procedures.SpitattackProcedure to FORGE
[23Mar2025 15:21:38.836] [modloading-worker-0/DEBUG] [net.minecraftforge.fml.javafmlmod.AutomaticEventSubscriber/LOADING]: Auto-subscribing net.mcreator.undeadrevamp.procedures.SkillissueProcedure to FORGE
[23Mar2025 15:21:38.838] [modloading-worker-0/DEBUG] [net.minecraftforge.fml.javafmlmod.AutomaticEventSubscriber/LOADING]: Auto-subscribing net.mcreator.undeadrevamp.procedures.HitstackProcedure to FORGE
[23Mar2025 15:21:38.844] [modloading-worker-0/DEBUG] [net.minecraftforge.fml.javafmlmod.AutomaticEventSubscriber/LOADING]: Auto-subscribing net.mcreator.undeadrevamp.procedures.FallinmayloveProcedure to FORGE
[23Mar2025 15:21:38.845] [modloading-worker-0/DEBUG] [net.minecraftforge.fml.javafmlmod.AutomaticEventSubscriber/LOADING]: Auto-subscribing net.mcreator.undeadrevamp.procedures.BirthdefectProcedure to FORGE
[23Mar2025 15:21:38.846] [modloading-worker-0/DEBUG] [net.minecraftforge.fml.javafmlmod.AutomaticEventSubscriber/LOADING]: Auto-subscribing net.mcreator.undeadrevamp.procedures.AdvancecollectionProcedure to FORGE
[23Mar2025 15:21:38.848] [modloading-worker-0/DEBUG] [net.minecraftforge.fml.javafmlmod.AutomaticEventSubscriber/LOADING]: Auto-subscribing net.mcreator.undeadrevamp.network.UndeadRevamp2ModVariables to MOD
[23Mar2025 15:21:38.852] [modloading-worker-0/DEBUG] [net.minecraftforge.fml.javafmlmod.AutomaticEventSubscriber/LOADING]: Auto-subscribing net.mcreator.undeadrevamp.network.UndeadRevamp2ModVariables$PlayerVariablesProvider to FORGE
[23Mar2025 15:21:38.855] [modloading-worker-0/DEBUG] [net.minecraftforge.fml.javafmlmod.AutomaticEventSubscriber/LOADING]: Auto-subscribing net.mcreator.undeadrevamp.network.UndeadRevamp2ModVariables$EventBusVariableHandlers to FORGE
[23Mar2025 15:21:38.860] [modloading-worker-0/DEBUG] [net.minecraftforge.fml.javafmlmod.AutomaticEventSubscriber/LOADING]: Auto-subscribing net.mcreator.undeadrevamp.network.BlackpetalblockSlotMessage to MOD
[23Mar2025 15:21:38.863] [modloading-worker-0/DEBUG] [net.minecraftforge.fml.javafmlmod.AutomaticEventSubscriber/LOADING]: Auto-subscribing net.mcreator.undeadrevamp.network.BlackpetalblockButtonMessage to MOD
[23Mar2025 15:21:38.867] [modloading-worker-0/DEBUG] [net.minecraftforge.fml.javafmlmod.AutomaticEventSubscriber/LOADING]: Auto-subscribing net.mcreator.undeadrevamp.init.UndeadRevamp2ModTrades to FORGE
[23Mar2025 15:21:38.869] [modloading-worker-0/DEBUG] [net.minecraftforge.fml.javafmlmod.AutomaticEventSubscriber/LOADING]: Auto-subscribing net.mcreator.undeadrevamp.init.UndeadRevamp2ModTabs to MOD
[23Mar2025 15:21:38.870] [modloading-worker-0/DEBUG] [net.minecraftforge.fml.javafmlmod.AutomaticEventSubscriber/LOADING]: Auto-subscribing net.mcreator.undeadrevamp.init.UndeadRevamp2ModGameRules to MOD
[23Mar2025 15:21:38.872] [modloading-worker-0/DEBUG] [net.minecraftforge.fml.javafmlmod.AutomaticEventSubscriber/LOADING]: Auto-subscribing net.mcreator.undeadrevamp.init.UndeadRevamp2ModEntities to MOD
[23Mar2025 15:21:38.873] [modloading-worker-0/DEBUG] [net.minecraftforge.fml.javafmlmod.AutomaticEventSubscriber/LOADING]: Auto-subscribing net.mcreator.undeadrevamp.init.UndeadRevamp2ModAttributes to MOD
[23Mar2025 15:21:38.876] [modloading-worker-0/DEBUG] [net.minecraftforge.fml.javafmlmod.AutomaticEventSubscriber/LOADING]: Auto-subscribing net.mcreator.undeadrevamp.init.EntityAnimationFactory to FORGE
[23Mar2025 15:21:38.881] [modloading-worker-0/DEBUG] [net.minecraftforge.fml.javafmlmod.AutomaticEventSubscriber/LOADING]: Auto-subscribing net.mcreator.undeadrevamp.block.listener.ClientListener to MOD
[23Mar2025 15:21:39.003] [modloading-worker-0/DEBUG] [net.minecraftforge.fml.config.ConfigTracker/CONFIG]: Config file moonlight-common.toml for moonlight tracking
[23Mar2025 15:21:39.059] [modloading-worker-0/DEBUG] [net.minecraftforge.fml.javafmlmod.AutomaticEventSubscriber/LOADING]: Attempting to inject @EventBusSubscriber classes into the eventbus for biomesoplenty
[23Mar2025 15:21:39.059] [modloading-worker-0/DEBUG] [net.minecraftforge.fml.javafmlmod.AutomaticEventSubscriber/LOADING]: Auto-subscribing biomesoplenty.init.ModVillagerTrades to FORGE
[23Mar2025 15:21:39.061] [modloading-worker-0/DEBUG] [net.minecraftforge.fml.javafmlmod.AutomaticEventSubscriber/LOADING]: Auto-subscribing biomesoplenty.common.datagen.DataGenerationHandler to MOD
[23Mar2025 15:21:39.068] [modloading-worker-0/DEBUG] [net.minecraftforge.fml.javafmlmod.AutomaticEventSubscriber/LOADING]: Auto-subscribing biomesoplenty.common.util.biome.BiomeUtil to FORGE
[23Mar2025 15:21:39.069] [modloading-worker-0/DEBUG] [net.minecraftforge.fml.javafmlmod.AutomaticEventSubscriber/LOADING]: Attempting to inject @EventBusSubscriber classes into the eventbus for mixinsquared
[23Mar2025 15:21:39.078] [modloading-worker-0/DEBUG] [net.minecraftforge.fml.javafmlmod.AutomaticEventSubscriber/LOADING]: Attempting to inject @EventBusSubscriber classes into the eventbus for jade
[23Mar2025 15:21:39.079] [modloading-worker-0/DEBUG] [net.minecraftforge.fml.javafmlmod.AutomaticEventSubscriber/LOADING]: Attempting to inject @EventBusSubscriber classes into the eventbus for moonlight
[23Mar2025 15:21:39.172] [modloading-worker-0/DEBUG] [net.minecraftforge.fml.config.ConfigTracker/CONFIG]: Config file knightquest.toml for knightquest tracking
[23Mar2025 15:21:39.200] [modloading-worker-0/DEBUG] [creativecore/]: Created network creativecore:main
[23Mar2025 15:21:39.209] [modloading-worker-0/DEBUG] [net.minecraftforge.fml.javafmlmod.AutomaticEventSubscriber/LOADING]: Attempting to inject @EventBusSubscriber classes into the eventbus for creativecore
[23Mar2025 15:21:39.211] [modloading-worker-0/DEBUG] [net.minecraftforge.fml.javafmlmod.AutomaticEventSubscriber/LOADING]: Attempting to inject @EventBusSubscriber classes into the eventbus for watching
[23Mar2025 15:21:39.211] [modloading-worker-0/DEBUG] [net.minecraftforge.fml.javafmlmod.AutomaticEventSubscriber/LOADING]: Auto-subscribing studio.lunareclipse.watching.Init to MOD
[23Mar2025 15:21:39.219] [modloading-worker-0/DEBUG] [net.minecraftforge.fml.javafmlmod.AutomaticEventSubscriber/LOADING]: Attempting to inject @EventBusSubscriber classes into the eventbus for revive_hardcore_players
[23Mar2025 15:21:39.219] [modloading-worker-0/DEBUG] [net.minecraftforge.fml.javafmlmod.AutomaticEventSubscriber/LOADING]: Auto-subscribing net.dreambeam.revivehardcoreplayers.network.ReviveHardcorePlayersModVariables to MOD
[23Mar2025 15:21:39.222] [modloading-worker-0/DEBUG] [net.minecraftforge.fml.javafmlmod.AutomaticEventSubscriber/LOADING]: Auto-subscribing net.dreambeam.revivehardcoreplayers.network.ReviveHardcorePlayersModVariables$EventBusVariableHandlers to FORGE
[23Mar2025 15:21:39.228] [modloading-worker-0/DEBUG] [net.minecraftforge.fml.javafmlmod.AutomaticEventSubscriber/LOADING]: Auto-subscribing net.dreambeam.revivehardcoreplayers.init.ReviveHardcorePlayersModTabs to MOD
[23Mar2025 15:21:39.234] [modloading-worker-0/DEBUG] [net.minecraftforge.fml.javafmlmod.AutomaticEventSubscriber/LOADING]: Attempting to inject @EventBusSubscriber classes into the eventbus for spectrelib
[23Mar2025 15:21:39.242] [modloading-worker-0/DEBUG] [net.minecraftforge.fml.javafmlmod.AutomaticEventSubscriber/LOADING]: Attempting to inject @EventBusSubscriber classes into the eventbus for knightquest
[23Mar2025 15:21:39.242] [modloading-worker-0/DEBUG] [net.minecraftforge.fml.javafmlmod.AutomaticEventSubscriber/LOADING]: Auto-subscribing dev.xylonity.knightquest.common.item.KQArmorItem$ArmorStatusManagerEvents to FORGE
[23Mar2025 15:21:39.251] [modloading-worker-0/DEBUG] [net.minecraftforge.fml.javafmlmod.AutomaticEventSubscriber/LOADING]: Auto-subscribing dev.xylonity.knightquest.common.event.KQExtraEvents to FORGE
[23Mar2025 15:21:39.252] [modloading-worker-0/DEBUG] [net.minecraftforge.fml.javafmlmod.AutomaticEventSubscriber/LOADING]: Auto-subscribing dev.xylonity.knightquest.common.event.KQEventRegisters to MOD
[23Mar2025 15:21:39.258] [modloading-worker-0/DEBUG] [net.minecraftforge.fml.config.ConfigTracker/CONFIG]: Config file ribbits-forge-1_20_1.toml for ribbits tracking
[23Mar2025 15:21:39.263] [modloading-worker-0/DEBUG] [net.minecraftforge.fml.javafmlmod.AutomaticEventSubscriber/LOADING]: Attempting to inject @EventBusSubscriber classes into the eventbus for ribbits
[23Mar2025 15:21:39.269] [modloading-worker-0/DEBUG] [net.minecraftforge.fml.config.ConfigTracker/CONFIG]: Config file flywheel-client.toml for flywheel tracking
[23Mar2025 15:21:39.272] [modloading-worker-0/DEBUG] [net.minecraftforge.fml.javafmlmod.AutomaticEventSubscriber/LOADING]: Attempting to inject @EventBusSubscriber classes into the eventbus for flywheel
[23Mar2025 15:21:39.297] [modloading-worker-0/DEBUG] [net.minecraftforge.fml.config.ConfigTracker/CONFIG]: Config file ponder-client.toml for ponder tracking
[23Mar2025 15:21:39.298] [modloading-worker-0/DEBUG] [net.minecraftforge.fml.javafmlmod.AutomaticEventSubscriber/LOADING]: Attempting to inject @EventBusSubscriber classes into the eventbus for ponder
[23Mar2025 15:21:39.298] [modloading-worker-0/DEBUG] [net.minecraftforge.fml.javafmlmod.AutomaticEventSubscriber/LOADING]: Auto-subscribing net.createmod.ponder.ForgePonder$ModBusEvents to MOD
[23Mar2025 15:21:39.299] [modloading-worker-0/DEBUG] [net.minecraftforge.fml.javafmlmod.AutomaticEventSubscriber/LOADING]: Auto-subscribing net.createmod.ponder.ForgePonder$Events to FORGE
[23Mar2025 15:21:39.300] [modloading-worker-0/INFO] [com.simibubi.create.Create/]: Create 6.0.2 initializing! Commit hash: bffc4b160b08a91ba243b0cc2e13ac797857e17f
[23Mar2025 15:21:39.319] [modloading-worker-0/DEBUG] [net.minecraftforge.fml.javafmlmod.AutomaticEventSubscriber/LOADING]: Attempting to inject @EventBusSubscriber classes into the eventbus for born_in_chaos_v1
[23Mar2025 15:21:39.321] [modloading-worker-0/DEBUG] [net.minecraftforge.fml.javafmlmod.AutomaticEventSubscriber/LOADING]: Auto-subscribing net.mcreator.borninchaosv.recipes.brewing.StimulatingDecoctionPBrewingRecipe to MOD
[23Mar2025 15:21:39.324] [modloading-worker-0/DEBUG] [net.minecraftforge.fml.javafmlmod.AutomaticEventSubscriber/LOADING]: Auto-subscribing net.mcreator.borninchaosv.recipes.brewing.SeaTerrorEyeKBrewingRecipe to MOD
[23Mar2025 15:21:39.325] [modloading-worker-0/DEBUG] [net.minecraftforge.fml.javafmlmod.AutomaticEventSubscriber/LOADING]: Auto-subscribing net.mcreator.borninchaosv.recipes.brewing.PotionofRampagekBrewingRecipe to MOD
[23Mar2025 15:21:39.326] [modloading-worker-0/DEBUG] [net.minecraftforge.fml.javafmlmod.AutomaticEventSubscriber/LOADING]: Auto-subscribing net.mcreator.borninchaosv.recipes.brewing.PotionofMagicalDepletionKBrewingRecipe to MOD
[23Mar2025 15:21:39.326] [modloading-worker-0/DEBUG] [net.minecraftforge.fml.javafmlmod.AutomaticEventSubscriber/LOADING]: Auto-subscribing net.mcreator.borninchaosv.recipes.brewing.PotionofLivingCocoonCraftBrewingRecipe to MOD
[23Mar2025 15:21:39.327] [modloading-worker-0/DEBUG] [net.minecraftforge.fml.javafmlmod.AutomaticEventSubscriber/LOADING]: Auto-subscribing net.mcreator.borninchaosv.recipes.brewing.IntoxicationPotionKBrewingRecipe to MOD
[23Mar2025 15:21:39.333] [modloading-worker-0/DEBUG] [net.minecraftforge.fml.javafmlmod.AutomaticEventSubscriber/LOADING]: Auto-subscribing net.mcreator.borninchaosv.recipes.brewing.ElixirofWitherResistanceCraftBrewingRecipe to MOD
[23Mar2025 15:21:39.334] [modloading-worker-0/DEBUG] [net.minecraftforge.fml.javafmlmod.AutomaticEventSubscriber/LOADING]: Auto-subscribing net.mcreator.borninchaosv.recipes.brewing.ElixirofVampirismKBrewingRecipe to MOD
[23Mar2025 15:21:39.335] [modloading-worker-0/DEBUG] [net.minecraftforge.fml.javafmlmod.AutomaticEventSubscriber/LOADING]: Auto-subscribing net.mcreator.borninchaosv.recipes.brewing.ElixirofInsectProtectionCraftBrewingRecipe to MOD
[23Mar2025 15:21:39.337] [modloading-worker-0/DEBUG] [net.minecraftforge.fml.javafmlmod.AutomaticEventSubscriber/LOADING]: Auto-subscribing net.mcreator.borninchaosv.recipes.brewing.ElixirofIceBarrierCraftBrewingRecipe to MOD
[23Mar2025 15:21:39.343] [modloading-worker-0/DEBUG] [net.minecraftforge.fml.javafmlmod.AutomaticEventSubscriber/LOADING]: Auto-subscribing net.mcreator.borninchaosv.recipes.brewing.ChaosComponentCraftBrewingRecipe to MOD
[23Mar2025 15:21:39.344] [modloading-worker-0/DEBUG] [net.minecraftforge.fml.javafmlmod.AutomaticEventSubscriber/LOADING]: Auto-subscribing net.mcreator.borninchaosv.recipes.brewing.BottleOfMagicalEnergyKBrewingRecipe to MOD
[23Mar2025 15:21:39.344] [modloading-worker-0/DEBUG] [com.tterrag.registrate.AbstractRegistrate/REGISTRATE.REGISTER]: Captured registration for entry death_count of type create:display_source
[23Mar2025 15:21:39.346] [modloading-worker-0/DEBUG] [com.tterrag.registrate.AbstractRegistrate/REGISTRATE.REGISTER]: Captured registration for entry scoreboard of type create:display_source
[23Mar2025 15:21:39.348] [modloading-worker-0/DEBUG] [net.minecraftforge.fml.javafmlmod.AutomaticEventSubscriber/LOADING]: Auto-subscribing net.mcreator.borninchaosv.procedures.ZombieswithDoorPriObnovlieniiTaktaSushchnostiProcedure to FORGE
[23Mar2025 15:21:39.349] [modloading-worker-0/DEBUG] [net.minecraftforge.fml.javafmlmod.AutomaticEventSubscriber/LOADING]: Auto-subscribing net.mcreator.borninchaosv.procedures.ZombiefishermanatackProcedure to FORGE
[23Mar2025 15:21:39.350] [modloading-worker-0/DEBUG] [net.minecraftforge.fml.javafmlmod.AutomaticEventSubscriber/LOADING]: Auto-subscribing net.mcreator.borninchaosv.procedures.ZombieclownatacProcedure to FORGE
[23Mar2025 15:21:39.351] [modloading-worker-0/DEBUG] [net.minecraftforge.fml.javafmlmod.AutomaticEventSubscriber/LOADING]: Auto-subscribing net.mcreator.borninchaosv.procedures.ZombieMaggotsProcedure to FORGE
[23Mar2025 15:21:39.352] [modloading-worker-0/DEBUG] [com.tterrag.registrate.AbstractRegistrate/REGISTRATE.REGISTER]: Captured registration for entry enchant_power of type create:display_source
[23Mar2025 15:21:39.352] [modloading-worker-0/DEBUG] [net.minecraftforge.fml.javafmlmod.AutomaticEventSubscriber/LOADING]: Auto-subscribing net.mcreator.borninchaosv.procedures.ZombieLumberjackAtackProcedure to FORGE
[23Mar2025 15:21:39.353] [modloading-worker-0/DEBUG] [net.minecraftforge.fml.javafmlmod.AutomaticEventSubscriber/LOADING]: Auto-subscribing net.mcreator.borninchaosv.procedures.ZombieBruiseratackProcedure to FORGE
[23Mar2025 15:21:39.354] [modloading-worker-0/DEBUG] [net.minecraftforge.fml.javafmlmod.AutomaticEventSubscriber/LOADING]: Auto-subscribing net.mcreator.borninchaosv.procedures.WeaponDescriptionProcedure to FORGE
[23Mar2025 15:21:39.355] [modloading-worker-0/DEBUG] [net.minecraftforge.fml.javafmlmod.AutomaticEventSubscriber/LOADING]: Auto-subscribing net.mcreator.borninchaosv.procedures.WarningSoundProcedure to FORGE
[23Mar2025 15:21:39.356] [modloading-worker-0/DEBUG] [net.minecraftforge.fml.javafmlmod.AutomaticEventSubscriber/LOADING]: Attempting to inject @EventBusSubscriber classes into the eventbus for alexscaves
[23Mar2025 15:21:39.357] [modloading-worker-0/DEBUG] [net.minecraftforge.fml.javafmlmod.AutomaticEventSubscriber/LOADING]: Auto-subscribing net.mcreator.borninchaosv.procedures.VampiricTouchAtackProcedure to FORGE
[23Mar2025 15:21:39.357] [modloading-worker-0/DEBUG] [net.minecraftforge.fml.javafmlmod.AutomaticEventSubscriber/LOADING]: Auto-subscribing net.mcreator.borninchaosv.procedures.TransmutingElixirclicProcedure to FORGE
[23Mar2025 15:21:39.358] [modloading-worker-0/DEBUG] [net.minecraftforge.fml.javafmlmod.AutomaticEventSubscriber/LOADING]: Auto-subscribing com.github.alexmodguy.alexscaves.server.entity.ACEntityRegistry to MOD
[23Mar2025 15:21:39.359] [modloading-worker-0/DEBUG] [com.tterrag.registrate.AbstractRegistrate/REGISTRATE.REGISTER]: Captured registration for entry redstone_power of type create:display_source
[23Mar2025 15:21:39.360] [modloading-worker-0/DEBUG] [net.minecraftforge.fml.javafmlmod.AutomaticEventSubscriber/LOADING]: Auto-subscribing net.mcreator.borninchaosv.procedures.ThornshellCrabPriShchielchkiePKMPoSushchnostiProcedure to FORGE
[23Mar2025 15:21:39.362] [modloading-worker-0/DEBUG] [com.tterrag.registrate.AbstractRegistrate/REGISTRATE.REGISTER]: Captured registration for entry nixie_tube of type create:display_source
[23Mar2025 15:21:39.364] [modloading-worker-0/DEBUG] [net.minecraftforge.fml.javafmlmod.AutomaticEventSubscriber/LOADING]: Attempting to inject @EventBusSubscriber classes into the eventbus for polymorph
[23Mar2025 15:21:39.364] [modloading-worker-0/DEBUG] [com.tterrag.registrate.AbstractRegistrate/REGISTRATE.REGISTER]: Captured registration for entry item_names of type create:display_source
[23Mar2025 15:21:39.364] [modloading-worker-0/DEBUG] [net.minecraftforge.fml.javafmlmod.AutomaticEventSubscriber/LOADING]: Auto-subscribing net.mcreator.borninchaosv.procedures.SweetItemDescriptionProcedure to FORGE
[23Mar2025 15:21:39.366] [modloading-worker-0/DEBUG] [net.minecraftforge.fml.javafmlmod.AutomaticEventSubscriber/LOADING]: Auto-subscribing net.mcreator.borninchaosv.procedures.SwarmerPreparationProcedure to FORGE
[23Mar2025 15:21:39.366] [modloading-worker-0/DEBUG] [net.minecraftforge.fml.javafmlmod.AutomaticEventSubscriber/LOADING]: Auto-subscribing net.mcreator.borninchaosv.procedures.SpiritofChaosAtackProcedure to FORGE
[23Mar2025 15:21:39.368] [modloading-worker-0/DEBUG] [com.tterrag.registrate.AbstractRegistrate/REGISTRATE.REGISTER]: Captured registration for entry boiler of type create:display_source
[23Mar2025 15:21:39.370] [modloading-worker-0/DEBUG] [com.tterrag.registrate.AbstractRegistrate/REGISTRATE.REGISTER]: Captured registration for entry current_floor of type create:display_source
[23Mar2025 15:21:39.370] [modloading-worker-0/DEBUG] [net.minecraftforge.fml.javafmlmod.AutomaticEventSubscriber/LOADING]: Auto-subscribing net.mcreator.borninchaosv.procedures.SpiritGuideAtacProcedure to FORGE
[23Mar2025 15:21:39.372] [modloading-worker-0/DEBUG] [com.tterrag.registrate.AbstractRegistrate/REGISTRATE.REGISTER]: Captured registration for entry fill_level of type create:display_source
[23Mar2025 15:21:39.372] [modloading-worker-0/DEBUG] [net.minecraftforge.fml.javafmlmod.AutomaticEventSubscriber/LOADING]: Auto-subscribing net.mcreator.borninchaosv.procedures.SpinyShellArmorKazhdyiTikDliaShliemaProcedure to FORGE
[23Mar2025 15:21:39.373] [modloading-worker-0/DEBUG] [com.tterrag.registrate.AbstractRegistrate/REGISTRATE.REGISTER]: Captured registration for entry gauge_status of type create:display_source
[23Mar2025 15:21:39.373] [modloading-worker-0/DEBUG] [net.minecraftforge.fml.javafmlmod.AutomaticEventSubscriber/LOADING]: Auto-subscribing net.mcreator.borninchaosv.procedures.SkeletonThrasherDProcedure to FORGE
[23Mar2025 15:21:39.375] [modloading-worker-0/DEBUG] [com.tterrag.registrate.AbstractRegistrate/REGISTRATE.REGISTER]: Captured registration for entry entity_name of type create:display_source
[23Mar2025 15:21:39.376] [modloading-worker-0/DEBUG] [net.minecraftforge.fml.javafmlmod.AutomaticEventSubscriber/LOADING]: Auto-subscribing net.mcreator.borninchaosv.procedures.SerPumpkinheadAtacProcedure to FORGE
[23Mar2025 15:21:39.377] [modloading-worker-0/DEBUG] [net.minecraftforge.fml.javafmlmod.AutomaticEventSubscriber/LOADING]: Auto-subscribing net.mcreator.borninchaosv.procedures.SearedspiritPProcedure to FORGE
[23Mar2025 15:21:39.380] [modloading-worker-0/DEBUG] [net.minecraftforge.fml.config.ConfigTracker/CONFIG]: Config file securitycraft-client.toml for securitycraft tracking
[23Mar2025 15:21:39.381] [modloading-worker-0/DEBUG] [net.minecraftforge.fml.config.ConfigTracker/CONFIG]: Config file securitycraft-server.toml for securitycraft tracking
[23Mar2025 15:21:39.379] [modloading-worker-0/DEBUG] [com.tterrag.registrate.AbstractRegistrate/REGISTRATE.REGISTER]: Captured registration for entry time_of_day of type create:display_source
[23Mar2025 15:21:39.381] [modloading-worker-0/DEBUG] [net.minecraftforge.fml.javafmlmod.AutomaticEventSubscriber/LOADING]: Auto-subscribing net.mcreator.borninchaosv.procedures.RampagePProcedure to FORGE
[23Mar2025 15:21:39.382] [modloading-worker-0/DEBUG] [net.minecraftforge.fml.javafmlmod.AutomaticEventSubscriber/LOADING]: Auto-subscribing net.mcreator.borninchaosv.procedures.PumpkinbruiserAtacProcedure to FORGE
[23Mar2025 15:21:39.383] [modloading-worker-0/DEBUG] [com.tterrag.registrate.AbstractRegistrate/REGISTRATE.REGISTER]: Captured registration for entry stopwatch of type create:display_source
[23Mar2025 15:21:39.383] [modloading-worker-0/DEBUG] [net.minecraftforge.fml.javafmlmod.AutomaticEventSubscriber/LOADING]: Auto-subscribing net.mcreator.borninchaosv.procedures.PositiveTamingProcedure to FORGE
[23Mar2025 15:21:39.385] [modloading-worker-0/DEBUG] [net.minecraftforge.fml.javafmlmod.AutomaticEventSubscriber/LOADING]: Auto-subscribing net.mcreator.borninchaosv.procedures.PositiveFertilizerProcedure to FORGE
[23Mar2025 15:21:39.386] [modloading-worker-0/DEBUG] [com.tterrag.registrate.AbstractRegistrate/REGISTRATE.REGISTER]: Captured registration for entry kinetic_speed of type create:display_source
[23Mar2025 15:21:39.387] [modloading-worker-0/DEBUG] [com.tterrag.registrate.AbstractRegistrate/REGISTRATE.REGISTER]: Captured registration for entry kinetic_stress of type create:display_source
[23Mar2025 15:21:39.389] [modloading-worker-0/DEBUG] [net.minecraftforge.fml.javafmlmod.AutomaticEventSubscriber/LOADING]: Auto-subscribing net.mcreator.borninchaosv.procedures.PiritAtacProcedure to FORGE
[23Mar2025 15:21:39.390] [modloading-worker-0/DEBUG] [net.minecraftforge.fml.javafmlmod.AutomaticEventSubscriber/LOADING]: Auto-subscribing net.mcreator.borninchaosv.procedures.ObsessiondeadProcedure to FORGE
[23Mar2025 15:21:39.390] [modloading-worker-0/DEBUG] [com.tterrag.registrate.AbstractRegistrate/REGISTRATE.REGISTER]: Captured registration for entry station_summary of type create:display_source
[23Mar2025 15:21:39.391] [modloading-worker-0/DEBUG] [com.tterrag.registrate.AbstractRegistrate/REGISTRATE.REGISTER]: Captured registration for entry train_status of type create:display_source
[23Mar2025 15:21:39.393] [modloading-worker-0/DEBUG] [com.tterrag.registrate.AbstractRegistrate/REGISTRATE.REGISTER]: Captured registration for entry observed_train_name of type create:display_source
[23Mar2025 15:21:39.391] [modloading-worker-0/DEBUG] [net.minecraftforge.fml.javafmlmod.AutomaticEventSubscriber/LOADING]: Auto-subscribing net.mcreator.borninchaosv.procedures.NightmareStalkerDamProcedure to FORGE
[23Mar2025 15:21:39.394] [modloading-worker-0/DEBUG] [net.minecraftforge.fml.javafmlmod.AutomaticEventSubscriber/LOADING]: Auto-subscribing net.mcreator.borninchaosv.procedures.MrPumpkinAtacProcedure to FORGE
[23Mar2025 15:21:39.396] [modloading-worker-0/DEBUG] [net.minecraftforge.fml.javafmlmod.AutomaticEventSubscriber/LOADING]: Auto-subscribing net.mcreator.borninchaosv.procedures.MotherSpiderAtackProcedure to FORGE
[23Mar2025 15:21:39.395] [modloading-worker-0/DEBUG] [com.tterrag.registrate.AbstractRegistrate/REGISTRATE.REGISTER]: Captured registration for entry accumulate_items of type create:display_source
[23Mar2025 15:21:39.399] [modloading-worker-0/DEBUG] [net.minecraftforge.fml.javafmlmod.AutomaticEventSubscriber/LOADING]: Auto-subscribing net.mcreator.borninchaosv.procedures.MissionaryHatpProcedure to FORGE
[23Mar2025 15:21:39.399] [modloading-worker-0/DEBUG] [com.tterrag.registrate.AbstractRegistrate/REGISTRATE.REGISTER]: Captured registration for entry item_throughput of type create:display_source
[23Mar2025 15:21:39.400] [modloading-worker-0/DEBUG] [net.minecraftforge.fml.javafmlmod.AutomaticEventSubscriber/LOADING]: Auto-subscribing net.mcreator.borninchaosv.procedures.MissionaryAtacktargetProcedure to FORGE
[23Mar2025 15:21:39.400] [modloading-worker-0/DEBUG] [com.tterrag.registrate.AbstractRegistrate/REGISTRATE.REGISTER]: Captured registration for entry count_items of type create:display_source
[23Mar2025 15:21:39.403] [modloading-worker-0/DEBUG] [net.minecraftforge.fml.javafmlmod.AutomaticEventSubscriber/LOADING]: Auto-subscribing net.mcreator.borninchaosv.procedures.MinionsattacktargetProcedure to FORGE
[23Mar2025 15:21:39.404] [modloading-worker-0/DEBUG] [net.minecraftforge.fml.javafmlmod.AutomaticEventSubscriber/LOADING]: Auto-subscribing net.mcreator.borninchaosv.procedures.LunarSpruceCowboyPProcedure to FORGE
[23Mar2025 15:21:39.405] [modloading-worker-0/DEBUG] [net.minecraftforge.fml.javafmlmod.AutomaticEventSubscriber/LOADING]: Auto-subscribing net.mcreator.borninchaosv.procedures.LordsFelsteedatackProcedure to FORGE
[23Mar2025 15:21:39.405] [modloading-worker-0/DEBUG] [com.tterrag.registrate.AbstractRegistrate/REGISTRATE.REGISTER]: Captured registration for entry list_items of type create:display_source
[23Mar2025 15:21:39.407] [modloading-worker-0/DEBUG] [com.tterrag.registrate.AbstractRegistrate/REGISTRATE.REGISTER]: Captured registration for entry count_fluids of type create:display_source
[23Mar2025 15:21:39.407] [modloading-worker-0/DEBUG] [net.minecraftforge.fml.javafmlmod.AutomaticEventSubscriber/LOADING]: Auto-subscribing net.mcreator.borninchaosv.procedures.LordTheHeadlessAtackProcedure to FORGE
[23Mar2025 15:21:39.408] [modloading-worker-0/DEBUG] [com.tterrag.registrate.AbstractRegistrate/REGISTRATE.REGISTER]: Captured registration for entry list_fluids of type create:display_source
[23Mar2025 15:21:39.409] [modloading-worker-0/DEBUG] [net.minecraftforge.fml.javafmlmod.AutomaticEventSubscriber/LOADING]: Auto-subscribing net.mcreator.borninchaosv.procedures.LordPumpkinheadsHatHitProcedure to FORGE
[23Mar2025 15:21:39.410] [modloading-worker-0/DEBUG] [com.tterrag.registrate.AbstractRegistrate/REGISTRATE.REGISTER]: Captured registration for entry read_package_address of type create:display_source
[23Mar2025 15:21:39.411] [modloading-worker-0/DEBUG] [net.minecraftforge.fml.javafmlmod.AutomaticEventSubscriber/LOADING]: Auto-subscribing net.mcreator.borninchaosv.procedures.LordPumpkinheadatackProcedure to FORGE
[23Mar2025 15:21:39.413] [modloading-worker-0/DEBUG] [net.minecraftforge.fml.javafmlmod.AutomaticEventSubscriber/LOADING]: Auto-subscribing net.mcreator.borninchaosv.procedures.LivingcocoonplayersideDeadProcedure to FORGE
[23Mar2025 15:21:39.414] [modloading-worker-0/DEBUG] [net.minecraftforge.fml.javafmlmod.AutomaticEventSubscriber/LOADING]: Auto-subscribing net.mcreator.borninchaosv.procedures.LivingCocoonDeadProcedure to FORGE
[23Mar2025 15:21:39.412] [modloading-worker-0/DEBUG] [com.tterrag.registrate.AbstractRegistrate/REGISTRATE.REGISTER]: Captured registration for entry computer of type create:display_source
[23Mar2025 15:21:39.417] [modloading-worker-0/DEBUG] [net.minecraftforge.fml.javafmlmod.AutomaticEventSubscriber/LOADING]: Auto-subscribing net.mcreator.borninchaosv.procedures.LifestealerTFAtackProcedure to FORGE
[23Mar2025 15:21:39.420] [modloading-worker-0/DEBUG] [net.minecraftforge.fml.javafmlmod.AutomaticEventSubscriber/LOADING]: Auto-subscribing net.mcreator.borninchaosv.procedures.LifestealerAtackProcedure to FORGE
[23Mar2025 15:21:39.421] [modloading-worker-0/DEBUG] [net.minecraftforge.fml.javafmlmod.AutomaticEventSubscriber/LOADING]: Auto-subscribing net.mcreator.borninchaosv.procedures.KrampusHenchmanAttackProcedure to FORGE
[23Mar2025 15:21:39.424] [modloading-worker-0/DEBUG] [com.tterrag.registrate.AbstractRegistrate/REGISTRATE.REGISTER]: Captured registration for entry sign of type create:display_target
[23Mar2025 15:21:39.425] [modloading-worker-0/DEBUG] [net.minecraftforge.fml.javafmlmod.AutomaticEventSubscriber/LOADING]: Auto-subscribing net.mcreator.borninchaosv.procedures.KrampusAttackProcedure to FORGE
[23Mar2025 15:21:39.426] [modloading-worker-0/DEBUG] [net.minecraftforge.fml.javafmlmod.AutomaticEventSubscriber/LOADING]: Auto-subscribing net.mcreator.borninchaosv.procedures.KillinganimalsProcedure to FORGE
[23Mar2025 15:21:39.428] [modloading-worker-0/DEBUG] [com.tterrag.registrate.AbstractRegistrate/REGISTRATE.REGISTER]: Captured registration for entry lectern of type create:display_target
[23Mar2025 15:21:39.430] [modloading-worker-0/DEBUG] [net.minecraftforge.fml.javafmlmod.AutomaticEventSubscriber/LOADING]: Auto-subscribing net.mcreator.borninchaosv.procedures.KillingVillagersProcedure to FORGE
[23Mar2025 15:21:39.431] [modloading-worker-0/DEBUG] [net.minecraftforge.fml.javafmlmod.AutomaticEventSubscriber/LOADING]: Auto-subscribing net.mcreator.borninchaosv.procedures.ItemsDescriptionTooltipProcedure to FORGE
[23Mar2025 15:21:39.434] [modloading-worker-0/DEBUG] [net.minecraftforge.fml.javafmlmod.AutomaticEventSubscriber/LOADING]: Auto-subscribing net.mcreator.borninchaosv.procedures.InsectProtectionTrigerProcedure to FORGE
[23Mar2025 15:21:39.432] [modloading-worker-0/DEBUG] [com.tterrag.registrate.AbstractRegistrate/REGISTRATE.REGISTER]: Captured registration for entry display_board of type create:display_target
[23Mar2025 15:21:39.436] [modloading-worker-0/DEBUG] [net.minecraftforge.fml.javafmlmod.AutomaticEventSubscriber/LOADING]: Auto-subscribing net.mcreator.borninchaosv.procedures.InfernalSpiritAtackProcedure to FORGE
[23Mar2025 15:21:39.437] [modloading-worker-0/DEBUG] [com.tterrag.registrate.AbstractRegistrate/REGISTRATE.REGISTER]: Captured registration for entry nixie_tube of type create:display_target
[23Mar2025 15:21:39.439] [modloading-worker-0/DEBUG] [net.minecraftforge.fml.javafmlmod.AutomaticEventSubscriber/LOADING]: Auto-subscribing net.mcreator.borninchaosv.procedures.IceBarrierAttackProcedure to FORGE
[23Mar2025 15:21:39.440] [modloading-worker-0/DEBUG] [net.minecraftforge.fml.javafmlmod.AutomaticEventSubscriber/LOADING]: Auto-subscribing net.mcreator.borninchaosv.procedures.HewnScorchedLogPProcedure to FORGE
[23Mar2025 15:21:39.441] [modloading-worker-0/DEBUG] [net.minecraftforge.fml.javafmlmod.AutomaticEventSubscriber/LOADING]: Auto-subscribing net.mcreator.borninchaosv.procedures.HatsDescriptionProcedure to FORGE
[23Mar2025 15:21:39.442] [modloading-worker-0/DEBUG] [net.minecraftforge.fml.javafmlmod.AutomaticEventSubscriber/LOADING]: Auto-subscribing net.mcreator.borninchaosv.procedures.GluttonfishatackProcedure to FORGE
[23Mar2025 15:21:39.444] [modloading-worker-0/DEBUG] [net.minecraftforge.fml.javafmlmod.AutomaticEventSubscriber/LOADING]: Auto-subscribing net.mcreator.borninchaosv.procedures.FragileScorchedPlanksPProcedure to FORGE
[23Mar2025 15:21:39.447] [modloading-worker-0/DEBUG] [net.minecraftforge.fml.javafmlmod.AutomaticEventSubscriber/LOADING]: Auto-subscribing net.mcreator.borninchaosv.procedures.FirelightDProcedure to FORGE
[23Mar2025 15:21:39.449] [modloading-worker-0/DEBUG] [net.minecraftforge.fml.javafmlmod.AutomaticEventSubscriber/LOADING]: Auto-subscribing net.mcreator.borninchaosv.procedures.EvilCarvedPumpkinPProcedure to FORGE
[23Mar2025 15:21:39.454] [modloading-worker-0/DEBUG] [net.minecraftforge.fml.javafmlmod.AutomaticEventSubscriber/LOADING]: Auto-subscribing net.mcreator.borninchaosv.procedures.EatingRottenFleshProcedure to FORGE
[23Mar2025 15:21:39.455] [modloading-worker-0/DEBUG] [net.minecraftforge.fml.javafmlmod.AutomaticEventSubscriber/LOADING]: Auto-subscribing net.mcreator.borninchaosv.procedures.DreadHoundPriNazhatiiPravoiKnopkiNaSushchnostProcedure to FORGE
[23Mar2025 15:21:39.456] [modloading-worker-0/DEBUG] [net.minecraftforge.fml.javafmlmod.AutomaticEventSubscriber/LOADING]: Auto-subscribing net.mcreator.borninchaosv.procedures.DreadHoundAtacProcedure to FORGE
[23Mar2025 15:21:39.457] [modloading-worker-0/DEBUG] [net.minecraftforge.fml.javafmlmod.AutomaticEventSubscriber/LOADING]: Auto-subscribing net.mcreator.borninchaosv.procedures.DireHoundLeaderAtackProcedure to FORGE
[23Mar2025 15:21:39.458] [modloading-worker-0/DEBUG] [net.minecraftforge.fml.javafmlmod.AutomaticEventSubscriber/LOADING]: Auto-subscribing net.mcreator.borninchaosv.procedures.DimonBaitProcedure to FORGE
[23Mar2025 15:21:39.458] [modloading-worker-0/DEBUG] [net.minecraftforge.fml.javafmlmod.AutomaticEventSubscriber/LOADING]: Auto-subscribing net.mcreator.borninchaosv.procedures.DescriptionArmorProcedure to FORGE
[23Mar2025 15:21:39.459] [modloading-worker-0/DEBUG] [net.minecraftforge.fml.javafmlmod.AutomaticEventSubscriber/LOADING]: Auto-subscribing net.mcreator.borninchaosv.procedures.DeathTotemKoghdaPriedmietNakhoditsiaVRukieProcedure to FORGE
[23Mar2025 15:21:39.461] [modloading-worker-0/DEBUG] [net.minecraftforge.fml.javafmlmod.AutomaticEventSubscriber/LOADING]: Auto-subscribing net.mcreator.borninchaosv.procedures.DarkWardActivProcedure to FORGE
[23Mar2025 15:21:39.462] [modloading-worker-0/DEBUG] [net.minecraftforge.fml.javafmlmod.AutomaticEventSubscriber/LOADING]: Auto-subscribing net.mcreator.borninchaosv.procedures.DarkRitualDaggerPProcedure to FORGE
[23Mar2025 15:21:39.463] [modloading-worker-0/DEBUG] [net.minecraftforge.fml.javafmlmod.AutomaticEventSubscriber/LOADING]: Auto-subscribing net.mcreator.borninchaosv.procedures.DZombieDProcedure to FORGE
[23Mar2025 15:21:39.465] [modloading-worker-0/DEBUG] [net.minecraftforge.fml.javafmlmod.AutomaticEventSubscriber/LOADING]: Auto-subscribing net.mcreator.borninchaosv.procedures.CursedMarkAtacProcedure to FORGE
[23Mar2025 15:21:39.466] [modloading-worker-0/DEBUG] [net.minecraftforge.fml.javafmlmod.AutomaticEventSubscriber/LOADING]: Auto-subscribing net.mcreator.borninchaosv.procedures.CorpseflyatacProcedure to FORGE
[23Mar2025 15:21:39.472] [modloading-worker-0/DEBUG] [net.minecraftforge.fml.javafmlmod.AutomaticEventSubscriber/LOADING]: Auto-subscribing net.mcreator.borninchaosv.procedures.BoneBarrierProProcedure to FORGE
[23Mar2025 15:21:39.472] [modloading-worker-0/DEBUG] [net.minecraftforge.fml.javafmlmod.AutomaticEventSubscriber/LOADING]: Auto-subscribing net.mcreator.borninchaosv.procedures.BloodyGadflyAtacProcedure to FORGE
[23Mar2025 15:21:39.473] [modloading-worker-0/DEBUG] [net.minecraftforge.fml.javafmlmod.AutomaticEventSubscriber/LOADING]: Auto-subscribing net.mcreator.borninchaosv.procedures.BlockSkeletonTrasherProcedure to FORGE
[23Mar2025 15:21:39.474] [modloading-worker-0/DEBUG] [net.minecraftforge.fml.javafmlmod.AutomaticEventSubscriber/LOADING]: Auto-subscribing net.mcreator.borninchaosv.procedures.BabyspidercontrolledAtackProcedure to FORGE
[23Mar2025 15:21:39.477] [modloading-worker-0/DEBUG] [net.minecraftforge.fml.javafmlmod.AutomaticEventSubscriber/LOADING]: Auto-subscribing net.mcreator.borninchaosv.procedures.BabySpiderAtackProcedure to FORGE
[23Mar2025 15:21:39.477] [modloading-worker-0/DEBUG] [net.minecraftforge.fml.javafmlmod.AutomaticEventSubscriber/LOADING]: Auto-subscribing net.mcreator.borninchaosv.procedures.AxeAtackProcedure to FORGE
[23Mar2025 15:21:39.479] [modloading-worker-0/DEBUG] [net.minecraftforge.fml.javafmlmod.AutomaticEventSubscriber/LOADING]: Auto-subscribing net.mcreator.borninchaosv.procedures.AttackoftheDisobedientProcedure to FORGE
[23Mar2025 15:21:39.480] [modloading-worker-0/DEBUG] [net.minecraftforge.fml.javafmlmod.AutomaticEventSubscriber/LOADING]: Auto-subscribing net.mcreator.borninchaosv.network.BornInChaosV1ModVariables to MOD
[23Mar2025 15:21:39.484] [modloading-worker-0/DEBUG] [net.minecraftforge.fml.javafmlmod.AutomaticEventSubscriber/LOADING]: Auto-subscribing net.mcreator.borninchaosv.network.BornInChaosV1ModVariables$PlayerVariablesProvider to FORGE
[23Mar2025 15:21:39.485] [modloading-worker-0/DEBUG] [net.minecraftforge.fml.javafmlmod.AutomaticEventSubscriber/LOADING]: Auto-subscribing net.mcreator.borninchaosv.network.BornInChaosV1ModVariables$EventBusVariableHandlers to FORGE
[23Mar2025 15:21:39.488] [modloading-worker-0/DEBUG] [net.minecraftforge.fml.javafmlmod.AutomaticEventSubscriber/LOADING]: Auto-subscribing net.mcreator.borninchaosv.init.ItemAnimationFactory to FORGE
[23Mar2025 15:21:39.490] [modloading-worker-0/DEBUG] [net.minecraftforge.fml.javafmlmod.AutomaticEventSubscriber/LOADING]: Auto-subscribing net.mcreator.borninchaosv.init.EntityAnimationFactory to FORGE
[23Mar2025 15:21:39.491] [modloading-worker-0/DEBUG] [net.minecraftforge.fml.javafmlmod.AutomaticEventSubscriber/LOADING]: Auto-subscribing net.mcreator.borninchaosv.init.BornInChaosV1ModGameRules to MOD
[23Mar2025 15:21:39.493] [modloading-worker-0/DEBUG] [net.minecraftforge.fml.javafmlmod.AutomaticEventSubscriber/LOADING]: Auto-subscribing net.mcreator.borninchaosv.init.BornInChaosV1ModFuels to FORGE
[23Mar2025 15:21:39.495] [modloading-worker-0/DEBUG] [net.minecraftforge.fml.javafmlmod.AutomaticEventSubscriber/LOADING]: Auto-subscribing net.mcreator.borninchaosv.init.BornInChaosV1ModFeatures to FORGE
[23Mar2025 15:21:39.497] [modloading-worker-0/DEBUG] [net.minecraftforge.fml.javafmlmod.AutomaticEventSubscriber/LOADING]: Auto-subscribing net.mcreator.borninchaosv.init.BornInChaosV1ModEntities to MOD
[23Mar2025 15:21:39.498] [modloading-worker-0/DEBUG] [net.minecraftforge.fml.javafmlmod.AutomaticEventSubscriber/LOADING]: Auto-subscribing net.mcreator.borninchaosv.init.BornInChaosV1ModCompostableItems to MOD
[23Mar2025 15:21:39.511] [modloading-worker-0/DEBUG] [mixin/]: Mixing IZetaItemExtensionsMixin from quark.mixins.json into org.violetmoon.zeta.item.ext.IZetaItemExtensions
[23Mar2025 15:21:39.523] [modloading-worker-0/DEBUG] [com.tterrag.registrate.AbstractRegistrate/REGISTRATE.REGISTER]: Captured registration for entry schematicannon of type minecraft:item
[23Mar2025 15:21:39.527] [modloading-worker-0/DEBUG] [com.tterrag.registrate.AbstractRegistrate/REGISTRATE.REGISTER]: Captured registration for entry schematicannon of type minecraft:block
[23Mar2025 15:21:39.529] [modloading-worker-0/DEBUG] [com.tterrag.registrate.AbstractRegistrate/REGISTRATE.REGISTER]: Captured registration for entry schematic_table of type minecraft:item
[23Mar2025 15:21:39.530] [modloading-worker-0/DEBUG] [com.tterrag.registrate.AbstractRegistrate/REGISTRATE.REGISTER]: Captured registration for entry schematic_table of type minecraft:block
[23Mar2025 15:21:39.533] [modloading-worker-0/DEBUG] [mixin/]: Mixing self.IZetaItemMixin_FAKE from zeta_forge.mixins.json into org.violetmoon.zeta.item.ZetaBlockItem
[23Mar2025 15:21:39.560] [modloading-worker-0/DEBUG] [com.tterrag.registrate.AbstractRegistrate/REGISTRATE.REGISTER]: Captured registration for entry shaft of type minecraft:item
[23Mar2025 15:21:39.561] [modloading-worker-0/DEBUG] [com.tterrag.registrate.AbstractRegistrate/REGISTRATE.REGISTER]: Captured registration for entry shaft of type minecraft:block
[23Mar2025 15:21:39.569] [modloading-worker-0/DEBUG] [com.tterrag.registrate.AbstractRegistrate/REGISTRATE.REGISTER]: Captured registration for entry cogwheel of type minecraft:item
[23Mar2025 15:21:39.569] [modloading-worker-0/DEBUG] [com.tterrag.registrate.AbstractRegistrate/REGISTRATE.REGISTER]: Captured registration for entry cogwheel of type minecraft:block
[23Mar2025 15:21:39.573] [modloading-worker-0/DEBUG] [com.tterrag.registrate.AbstractRegistrate/REGISTRATE.REGISTER]: Captured registration for entry large_cogwheel of type minecraft:item
[23Mar2025 15:21:39.573] [modloading-worker-0/DEBUG] [com.tterrag.registrate.AbstractRegistrate/REGISTRATE.REGISTER]: Captured registration for entry large_cogwheel of type minecraft:block
[23Mar2025 15:21:39.603] [modloading-worker-0/DEBUG] [com.tterrag.registrate.AbstractRegistrate/REGISTRATE.REGISTER]: Captured registration for entry andesite_encased_shaft of type minecraft:item
[23Mar2025 15:21:39.607] [modloading-worker-0/DEBUG] [com.tterrag.registrate.AbstractRegistrate/REGISTRATE.REGISTER]: Captured registration for entry andesite_encased_shaft of type minecraft:block
[23Mar2025 15:21:39.608] [modloading-worker-0/DEBUG] [com.tterrag.registrate.AbstractRegistrate/REGISTRATE.REGISTER]: Captured registration for entry brass_encased_shaft of type minecraft:item
[23Mar2025 15:21:39.608] [modloading-worker-0/DEBUG] [com.tterrag.registrate.AbstractRegistrate/REGISTRATE.REGISTER]: Captured registration for entry brass_encased_shaft of type minecraft:block
[23Mar2025 15:21:39.610] [modloading-worker-0/DEBUG] [com.tterrag.registrate.AbstractRegistrate/REGISTRATE.REGISTER]: Captured registration for entry andesite_encased_cogwheel of type minecraft:item
[23Mar2025 15:21:39.612] [modloading-worker-0/DEBUG] [com.tterrag.registrate.AbstractRegistrate/REGISTRATE.REGISTER]: Captured registration for entry andesite_encased_cogwheel of type minecraft:block
[23Mar2025 15:21:39.616] [modloading-worker-0/DEBUG] [com.tterrag.registrate.AbstractRegistrate/REGISTRATE.REGISTER]: Captured registration for entry brass_encased_cogwheel of type minecraft:item
[23Mar2025 15:21:39.616] [modloading-worker-0/DEBUG] [com.tterrag.registrate.AbstractRegistrate/REGISTRATE.REGISTER]: Captured registration for entry brass_encased_cogwheel of type minecraft:block
[23Mar2025 15:21:39.617] [modloading-worker-0/DEBUG] [com.tterrag.registrate.AbstractRegistrate/REGISTRATE.REGISTER]: Captured registration for entry andesite_encased_large_cogwheel of type minecraft:item
[23Mar2025 15:21:39.617] [modloading-worker-0/DEBUG] [com.tterrag.registrate.AbstractRegistrate/REGISTRATE.REGISTER]: Captured registration for entry andesite_encased_large_cogwheel of type minecraft:block
[23Mar2025 15:21:39.618] [modloading-worker-0/DEBUG] [com.tterrag.registrate.AbstractRegistrate/REGISTRATE.REGISTER]: Captured registration for entry brass_encased_large_cogwheel of type minecraft:item
[23Mar2025 15:21:39.620] [modloading-worker-0/DEBUG] [com.tterrag.registrate.AbstractRegistrate/REGISTRATE.REGISTER]: Captured registration for entry brass_encased_large_cogwheel of type minecraft:block
[23Mar2025 15:21:39.621] [modloading-worker-0/DEBUG] [com.tterrag.registrate.AbstractRegistrate/REGISTRATE.REGISTER]: Captured registration for entry gearbox of type minecraft:item
[23Mar2025 15:21:39.623] [modloading-worker-0/DEBUG] [com.tterrag.registrate.AbstractRegistrate/REGISTRATE.REGISTER]: Captured registration for entry gearbox of type minecraft:block
[23Mar2025 15:21:39.626] [modloading-worker-0/DEBUG] [com.tterrag.registrate.AbstractRegistrate/REGISTRATE.REGISTER]: Captured registration for entry clutch of type minecraft:item
[23Mar2025 15:21:39.627] [modloading-worker-0/DEBUG] [com.tterrag.registrate.AbstractRegistrate/REGISTRATE.REGISTER]: Captured registration for entry clutch of type minecraft:block
[23Mar2025 15:21:39.628] [modloading-worker-0/DEBUG] [com.tterrag.registrate.AbstractRegistrate/REGISTRATE.REGISTER]: Captured registration for entry gearshift of type minecraft:item
[23Mar2025 15:21:39.630] [modloading-worker-0/DEBUG] [com.tterrag.registrate.AbstractRegistrate/REGISTRATE.REGISTER]: Captured registration for entry gearshift of type minecraft:block
[23Mar2025 15:21:39.633] [modloading-worker-0/DEBUG] [com.tterrag.registrate.AbstractRegistrate/REGISTRATE.REGISTER]: Captured registration for entry encased_chain_drive of type minecraft:item
[23Mar2025 15:21:39.635] [modloading-worker-0/DEBUG] [com.tterrag.registrate.AbstractRegistrate/REGISTRATE.REGISTER]: Captured registration for entry encased_chain_drive of type minecraft:block
[23Mar2025 15:21:39.637] [modloading-worker-0/DEBUG] [com.tterrag.registrate.AbstractRegistrate/REGISTRATE.REGISTER]: Captured registration for entry adjustable_chain_gearshift of type minecraft:item
[23Mar2025 15:21:39.637] [modloading-worker-0/DEBUG] [com.tterrag.registrate.AbstractRegistrate/REGISTRATE.REGISTER]: Captured registration for entry adjustable_chain_gearshift of type minecraft:block
[23Mar2025 15:21:39.651] [modloading-worker-0/DEBUG] [com.tterrag.registrate.AbstractRegistrate/REGISTRATE.REGISTER]: Captured registration for entry belt of type minecraft:block
[23Mar2025 15:21:39.653] [modloading-worker-0/DEBUG] [com.tterrag.registrate.AbstractRegistrate/REGISTRATE.REGISTER]: Captured registration for entry chain_conveyor of type minecraft:item
[23Mar2025 15:21:39.655] [modloading-worker-0/DEBUG] [com.tterrag.registrate.AbstractRegistrate/REGISTRATE.REGISTER]: Captured registration for entry chain_conveyor of type minecraft:block
[23Mar2025 15:21:39.662] [modloading-worker-0/DEBUG] [com.tterrag.registrate.AbstractRegistrate/REGISTRATE.REGISTER]: Captured registration for entry creative_motor of type minecraft:item
[23Mar2025 15:21:39.662] [modloading-worker-0/DEBUG] [com.tterrag.registrate.AbstractRegistrate/REGISTRATE.REGISTER]: Captured registration for entry creative_motor of type minecraft:block
[23Mar2025 15:21:39.664] [modloading-worker-0/DEBUG] [com.tterrag.registrate.AbstractRegistrate/REGISTRATE.REGISTER]: Captured registration for entry water_wheel of type minecraft:item
[23Mar2025 15:21:39.666] [modloading-worker-0/DEBUG] [com.tterrag.registrate.AbstractRegistrate/REGISTRATE.REGISTER]: Captured registration for entry water_wheel of type minecraft:block
[23Mar2025 15:21:39.672] [modloading-worker-0/DEBUG] [com.tterrag.registrate.AbstractRegistrate/REGISTRATE.REGISTER]: Captured registration for entry large_water_wheel of type minecraft:item
[23Mar2025 15:21:39.673] [modloading-worker-0/DEBUG] [com.tterrag.registrate.AbstractRegistrate/REGISTRATE.REGISTER]: Captured registration for entry large_water_wheel of type minecraft:block
[23Mar2025 15:21:39.676] [modloading-worker-0/DEBUG] [com.tterrag.registrate.AbstractRegistrate/REGISTRATE.REGISTER]: Captured registration for entry water_wheel_structure of type minecraft:block
[23Mar2025 15:21:39.681] [modloading-worker-0/DEBUG] [com.tterrag.registrate.AbstractRegistrate/REGISTRATE.REGISTER]: Captured registration for entry encased_fan of type minecraft:item
[23Mar2025 15:21:39.681] [modloading-worker-0/DEBUG] [com.tterrag.registrate.AbstractRegistrate/REGISTRATE.REGISTER]: Captured registration for entry encased_fan of type minecraft:block
[23Mar2025 15:21:39.685] [modloading-worker-0/DEBUG] [com.tterrag.registrate.AbstractRegistrate/REGISTRATE.REGISTER]: Captured registration for entry nozzle of type minecraft:item
[23Mar2025 15:21:39.687] [modloading-worker-0/DEBUG] [com.tterrag.registrate.AbstractRegistrate/REGISTRATE.REGISTER]: Captured registration for entry nozzle of type minecraft:block
[23Mar2025 15:21:39.690] [modloading-worker-0/DEBUG] [com.tterrag.registrate.AbstractRegistrate/REGISTRATE.REGISTER]: Captured registration for entry turntable of type minecraft:item
[23Mar2025 15:21:39.690] [modloading-worker-0/DEBUG] [com.tterrag.registrate.AbstractRegistrate/REGISTRATE.REGISTER]: Captured registration for entry turntable of type minecraft:block
[23Mar2025 15:21:39.693] [modloading-worker-0/DEBUG] [com.tterrag.registrate.AbstractRegistrate/REGISTRATE.REGISTER]: Captured registration for entry hand_crank of type minecraft:item
[23Mar2025 15:21:39.693] [modloading-worker-0/DEBUG] [com.tterrag.registrate.AbstractRegistrate/REGISTRATE.REGISTER]: Captured registration for entry hand_crank of type minecraft:block
[23Mar2025 15:21:39.701] [modloading-worker-0/DEBUG] [com.tterrag.registrate.AbstractRegistrate/REGISTRATE.REGISTER]: Captured registration for entry cuckoo_clock of type minecraft:item
[23Mar2025 15:21:39.702] [modloading-worker-0/DEBUG] [com.tterrag.registrate.AbstractRegistrate/REGISTRATE.REGISTER]: Captured registration for entry cuckoo_clock of type minecraft:block
[23Mar2025 15:21:39.703] [modloading-worker-0/DEBUG] [com.tterrag.registrate.AbstractRegistrate/REGISTRATE.REGISTER]: Captured registration for entry mysterious_cuckoo_clock of type minecraft:item
[23Mar2025 15:21:39.703] [modloading-worker-0/DEBUG] [com.tterrag.registrate.AbstractRegistrate/REGISTRATE.REGISTER]: Captured registration for entry mysterious_cuckoo_clock of type minecraft:block
[23Mar2025 15:21:39.710] [modloading-worker-0/DEBUG] [com.tterrag.registrate.AbstractRegistrate/REGISTRATE.REGISTER]: Captured registration for entry millstone of type minecraft:item
[23Mar2025 15:21:39.710] [modloading-worker-0/DEBUG] [com.tterrag.registrate.AbstractRegistrate/REGISTRATE.REGISTER]: Captured registration for entry millstone of type minecraft:block
[23Mar2025 15:21:39.712] [modloading-worker-0/DEBUG] [com.tterrag.registrate.AbstractRegistrate/REGISTRATE.REGISTER]: Captured registration for entry crushing_wheel of type minecraft:item
[23Mar2025 15:21:39.712] [modloading-worker-0/DEBUG] [com.tterrag.registrate.AbstractRegistrate/REGISTRATE.REGISTER]: Captured registration for entry crushing_wheel of type minecraft:block
[23Mar2025 15:21:39.717] [modloading-worker-0/DEBUG] [com.tterrag.registrate.AbstractRegistrate/REGISTRATE.REGISTER]: Captured registration for entry crushing_wheel_controller of type minecraft:block
[23Mar2025 15:21:39.722] [modloading-worker-0/DEBUG] [com.tterrag.registrate.AbstractRegistrate/REGISTRATE.REGISTER]: Captured registration for entry mechanical_press of type minecraft:item
[23Mar2025 15:21:39.722] [modloading-worker-0/DEBUG] [com.tterrag.registrate.AbstractRegistrate/REGISTRATE.REGISTER]: Captured registration for entry mechanical_press of type minecraft:block
[23Mar2025 15:21:39.729] [modloading-worker-0/DEBUG] [com.tterrag.registrate.AbstractRegistrate/REGISTRATE.REGISTER]: Captured registration for entry mechanical_mixer of type minecraft:item
[23Mar2025 15:21:39.731] [modloading-worker-0/DEBUG] [com.tterrag.registrate.AbstractRegistrate/REGISTRATE.REGISTER]: Captured registration for entry mechanical_mixer of type minecraft:block
[23Mar2025 15:21:39.738] [modloading-worker-0/DEBUG] [net.minecraftforge.fml.config.ConfigTracker/CONFIG]: Config file zeta-common.toml for zeta tracking
[23Mar2025 15:21:39.742] [modloading-worker-0/DEBUG] [com.tterrag.registrate.AbstractRegistrate/REGISTRATE.REGISTER]: Captured registration for entry basin of type minecraft:item
[23Mar2025 15:21:39.742] [modloading-worker-0/DEBUG] [com.tterrag.registrate.AbstractRegistrate/REGISTRATE.REGISTER]: Captured registration for entry basin of type minecraft:block
[23Mar2025 15:21:39.747] [modloading-worker-0/DEBUG] [com.tterrag.registrate.AbstractRegistrate/REGISTRATE.REGISTER]: Captured registration for entry blaze_burner of type minecraft:item
[23Mar2025 15:21:39.747] [modloading-worker-0/DEBUG] [com.tterrag.registrate.AbstractRegistrate/REGISTRATE.REGISTER]: Captured registration for entry blaze_burner of type minecraft:block
[23Mar2025 15:21:39.749] [modloading-worker-0/DEBUG] [com.tterrag.registrate.AbstractRegistrate/REGISTRATE.REGISTER]: Captured registration for entry lit_blaze_burner of type minecraft:block
[23Mar2025 15:21:39.767] [modloading-worker-0/DEBUG] [com.tterrag.registrate.AbstractRegistrate/REGISTRATE.REGISTER]: Captured registration for entry fallback of type create:mounted_item_storage_type
[23Mar2025 15:21:39.769] [modloading-worker-0/DEBUG] [com.tterrag.registrate.AbstractRegistrate/REGISTRATE.REGISTER]: Captured registration for entry creative_crate of type create:mounted_item_storage_type
[23Mar2025 15:21:39.770] [modloading-worker-0/DEBUG] [com.tterrag.registrate.AbstractRegistrate/REGISTRATE.REGISTER]: Captured registration for entry vault of type create:mounted_item_storage_type
[23Mar2025 15:21:39.771] [modloading-worker-0/DEBUG] [com.tterrag.registrate.AbstractRegistrate/REGISTRATE.REGISTER]: Captured registration for entry toolbox of type create:mounted_item_storage_type
[23Mar2025 15:21:39.778] [modloading-worker-0/DEBUG] [com.tterrag.registrate.AbstractRegistrate/REGISTRATE.REGISTER]: Captured registration for entry depot of type create:mounted_item_storage_type
[23Mar2025 15:21:39.782] [modloading-worker-0/DEBUG] [com.tterrag.registrate.AbstractRegistrate/REGISTRATE.REGISTER]: Captured registration for entry fluid_tank of type create:mounted_fluid_storage_type
[23Mar2025 15:21:39.783] [modloading-worker-0/DEBUG] [com.tterrag.registrate.AbstractRegistrate/REGISTRATE.REGISTER]: Captured registration for entry creative_fluid_tank of type create:mounted_fluid_storage_type
[23Mar2025 15:21:39.784] [modloading-worker-0/DEBUG] [com.tterrag.registrate.AbstractRegistrate/REGISTRATE.REGISTER]: Captured registration for entry simple of type create:mounted_item_storage_type
[23Mar2025 15:21:39.788] [modloading-worker-0/DEBUG] [com.tterrag.registrate.AbstractRegistrate/REGISTRATE.REGISTER]: Captured registration for entry chest of type create:mounted_item_storage_type
[23Mar2025 15:21:39.789] [modloading-worker-0/DEBUG] [com.tterrag.registrate.AbstractRegistrate/REGISTRATE.REGISTER]: Captured registration for entry dispenser of type create:mounted_item_storage_type
[23Mar2025 15:21:39.790] [modloading-worker-0/DEBUG] [com.tterrag.registrate.AbstractRegistrate/REGISTRATE.REGISTER]: Captured registration for entry depot of type minecraft:item
[23Mar2025 15:21:39.790] [modloading-worker-0/DEBUG] [com.tterrag.registrate.AbstractRegistrate/REGISTRATE.REGISTER]: Captured registration for entry depot of type minecraft:block
[23Mar2025 15:21:39.793] [modloading-worker-0/DEBUG] [com.tterrag.registrate.AbstractRegistrate/REGISTRATE.REGISTER]: Captured registration for entry weighted_ejector of type minecraft:item
[23Mar2025 15:21:39.793] [modloading-worker-0/DEBUG] [com.tterrag.registrate.AbstractRegistrate/REGISTRATE.REGISTER]: Captured registration for entry weighted_ejector of type minecraft:block
[23Mar2025 15:21:39.806] [modloading-worker-0/DEBUG] [com.tterrag.registrate.AbstractRegistrate/REGISTRATE.REGISTER]: Captured registration for entry chute of type minecraft:item
[23Mar2025 15:21:39.806] [modloading-worker-0/DEBUG] [com.tterrag.registrate.AbstractRegistrate/REGISTRATE.REGISTER]: Captured registration for entry chute of type minecraft:block
[23Mar2025 15:21:39.804] [modloading-worker-0/DEBUG] [net.minecraftforge.fml.javafmlmod.AutomaticEventSubscriber/LOADING]: Attempting to inject @EventBusSubscriber classes into the eventbus for zeta
[23Mar2025 15:21:39.809] [modloading-worker-0/DEBUG] [com.tterrag.registrate.AbstractRegistrate/REGISTRATE.REGISTER]: Captured registration for entry smart_chute of type minecraft:item
[23Mar2025 15:21:39.809] [modloading-worker-0/DEBUG] [com.tterrag.registrate.AbstractRegistrate/REGISTRATE.REGISTER]: Captured registration for entry smart_chute of type minecraft:block
[23Mar2025 15:21:39.819] [modloading-worker-0/DEBUG] [com.tterrag.registrate.AbstractRegistrate/REGISTRATE.REGISTER]: Captured registration for entry speedometer of type minecraft:item
[23Mar2025 15:21:39.819] [modloading-worker-0/DEBUG] [com.tterrag.registrate.AbstractRegistrate/REGISTRATE.REGISTER]: Captured registration for entry speedometer of type minecraft:block
[23Mar2025 15:21:39.820] [modloading-worker-0/DEBUG] [com.tterrag.registrate.AbstractRegistrate/REGISTRATE.REGISTER]: Captured registration for entry stressometer of type minecraft:item
[23Mar2025 15:21:39.820] [modloading-worker-0/DEBUG] [com.tterrag.registrate.AbstractRegistrate/REGISTRATE.REGISTER]: Captured registration for entry stressometer of type minecraft:block
[23Mar2025 15:21:39.825] [modloading-worker-0/DEBUG] [com.tterrag.registrate.AbstractRegistrate/REGISTRATE.REGISTER]: Captured registration for entry wooden_bracket of type minecraft:item
[23Mar2025 15:21:39.827] [modloading-worker-0/DEBUG] [com.tterrag.registrate.AbstractRegistrate/REGISTRATE.REGISTER]: Captured registration for entry wooden_bracket of type minecraft:block
[23Mar2025 15:21:39.831] [modloading-worker-0/DEBUG] [com.tterrag.registrate.AbstractRegistrate/REGISTRATE.REGISTER]: Captured registration for entry metal_bracket of type minecraft:item
[23Mar2025 15:21:39.831] [modloading-worker-0/DEBUG] [com.tterrag.registrate.AbstractRegistrate/REGISTRATE.REGISTER]: Captured registration for entry metal_bracket of type minecraft:block
[23Mar2025 15:21:39.834] [modloading-worker-0/DEBUG] [com.tterrag.registrate.AbstractRegistrate/REGISTRATE.REGISTER]: Captured registration for entry fluid_pipe of type minecraft:item
[23Mar2025 15:21:39.835] [modloading-worker-0/DEBUG] [net.minecraftforge.fml.javafmlmod.AutomaticEventSubscriber/LOADING]: Attempting to inject @EventBusSubscriber classes into the eventbus for cannibal
[23Mar2025 15:21:39.835] [modloading-worker-0/DEBUG] [net.minecraftforge.fml.javafmlmod.AutomaticEventSubscriber/LOADING]: Auto-subscribing net.clockwork.cannibal.event.CommonModEvents to MOD
[23Mar2025 15:21:39.836] [modloading-worker-0/DEBUG] [net.minecraftforge.fml.javafmlmod.AutomaticEventSubscriber/LOADING]: Auto-subscribing net.clockwork.cannibal.event.CommonForgeEvents to FORGE
[23Mar2025 15:21:39.837] [modloading-worker-0/DEBUG] [net.minecraftforge.fml.javafmlmod.AutomaticEventSubscriber/LOADING]: Auto-subscribing net.clockwork.cannibal.datagen.DataGenerators to MOD
[23Mar2025 15:21:39.837] [modloading-worker-0/DEBUG] [com.tterrag.registrate.AbstractRegistrate/REGISTRATE.REGISTER]: Captured registration for entry fluid_pipe of type minecraft:block
[23Mar2025 15:21:39.839] [modloading-worker-0/DEBUG] [com.tterrag.registrate.AbstractRegistrate/REGISTRATE.REGISTER]: Captured registration for entry encased_fluid_pipe of type minecraft:block
[23Mar2025 15:21:39.840] [modloading-worker-0/DEBUG] [com.tterrag.registrate.AbstractRegistrate/REGISTRATE.REGISTER]: Captured registration for entry glass_fluid_pipe of type minecraft:block
[23Mar2025 15:21:39.840] [modloading-worker-0/INFO] [thedarkcolour.kotlinforforge.test.KotlinForForge/]: Kotlin For Forge Enabled!
[23Mar2025 15:21:39.844] [modloading-worker-0/DEBUG] [com.tterrag.registrate.AbstractRegistrate/REGISTRATE.REGISTER]: Captured registration for entry mechanical_pump of type minecraft:item
[23Mar2025 15:21:39.842] [modloading-worker-0/DEBUG] [net.minecraftforge.fml.config.ConfigTracker/CONFIG]: Config file CoroUtil/General.toml for coroutil tracking
[23Mar2025 15:21:39.845] [modloading-worker-0/DEBUG] [thedarkcolour.kotlinforforge.LoggerKt/LOADING]: Attempting to inject @EventBusSubscriber kotlin objects in to the event bus for kotlinforforge
[23Mar2025 15:21:39.846] [modloading-worker-0/DEBUG] [com.tterrag.registrate.AbstractRegistrate/REGISTRATE.REGISTER]: Captured registration for entry mechanical_pump of type minecraft:block
[23Mar2025 15:21:39.850] [modloading-worker-0/DEBUG] [com.tterrag.registrate.AbstractRegistrate/REGISTRATE.REGISTER]: Captured registration for entry smart_fluid_pipe of type minecraft:item
[23Mar2025 15:21:39.846] [modloading-worker-0/DEBUG] [net.minecraftforge.fml.javafmlmod.AutomaticEventSubscriber/LOADING]: Attempting to inject @EventBusSubscriber classes into the eventbus for coroutil
[23Mar2025 15:21:39.850] [modloading-worker-0/DEBUG] [mixin/]: Mixing lootr.ConfigManagerMixin from quark_integrations.mixins.json into noobanidus.mods.lootr.config.ConfigManager
[23Mar2025 15:21:39.852] [modloading-worker-0/DEBUG] [com.tterrag.registrate.AbstractRegistrate/REGISTRATE.REGISTER]: Captured registration for entry smart_fluid_pipe of type minecraft:block
[23Mar2025 15:21:39.859] [modloading-worker-0/DEBUG] [com.tterrag.registrate.AbstractRegistrate/REGISTRATE.REGISTER]: Captured registration for entry fluid_valve of type minecraft:item
[23Mar2025 15:21:39.863] [modloading-worker-0/DEBUG] [net.minecraftforge.fml.config.ConfigTracker/CONFIG]: Config file lootr-common.toml for lootr tracking
[23Mar2025 15:21:39.864] [modloading-worker-0/DEBUG] [net.minecraftforge.fml.config.ConfigTracker/CONFIG]: Config file lootr-client.toml for lootr tracking
[23Mar2025 15:21:39.864] [modloading-worker-0/DEBUG] [com.tterrag.registrate.AbstractRegistrate/REGISTRATE.REGISTER]: Captured registration for entry fluid_valve of type minecraft:block
[23Mar2025 15:21:39.863] [modloading-worker-0/DEBUG] [net.minecraftforge.fml.javafmlmod.AutomaticEventSubscriber/LOADING]: Attempting to inject @EventBusSubscriber classes into the eventbus for securitycraft
[23Mar2025 15:21:39.864] [modloading-worker-0/DEBUG] [net.minecraftforge.fml.javafmlmod.AutomaticEventSubscriber/LOADING]: Auto-subscribing net.geforcemods.securitycraft.api.SecurityCraftAPI to MOD
[23Mar2025 15:21:39.866] [modloading-worker-0/DEBUG] [net.minecraftforge.fml.javafmlmod.AutomaticEventSubscriber/LOADING]: Auto-subscribing net.geforcemods.securitycraft.SecurityCraft to MOD
[23Mar2025 15:21:39.868] [modloading-worker-0/DEBUG] [net.minecraftforge.fml.javafmlmod.AutomaticEventSubscriber/LOADING]: Auto-subscribing net.geforcemods.securitycraft.SCEventHandler to FORGE
[23Mar2025 15:21:39.863] [modloading-worker-0/INFO] [quark/]: Initializing TerraBlender underground biome compat
[23Mar2025 15:21:39.866] [modloading-worker-0/DEBUG] [com.tterrag.registrate.AbstractRegistrate/REGISTRATE.REGISTER]: Captured registration for entry copper_valve_handle of type minecraft:item
[23Mar2025 15:21:39.872] [modloading-worker-0/DEBUG] [com.tterrag.registrate.AbstractRegistrate/REGISTRATE.REGISTER]: Captured registration for entry copper_valve_handle of type minecraft:block
[23Mar2025 15:21:39.873] [modloading-worker-0/DEBUG] [com.tterrag.registrate.AbstractRegistrate/REGISTRATE.REGISTER]: Captured registration for entry white_valve_handle of type minecraft:item
[23Mar2025 15:21:39.873] [modloading-worker-0/DEBUG] [com.tterrag.registrate.AbstractRegistrate/REGISTRATE.REGISTER]: Captured registration for entry white_valve_handle of type minecraft:block
[23Mar2025 15:21:39.874] [modloading-worker-0/DEBUG] [mixin/]: Mixing OverworldBiomeBuilderMixin from quark.mixins.json into net.minecraft.world.level.biome.OverworldBiomeBuilder
[23Mar2025 15:21:39.874] [modloading-worker-0/DEBUG] [com.tterrag.registrate.AbstractRegistrate/REGISTRATE.REGISTER]: Captured registration for entry orange_valve_handle of type minecraft:item
[23Mar2025 15:21:39.874] [modloading-worker-0/DEBUG] [com.tterrag.registrate.AbstractRegistrate/REGISTRATE.REGISTER]: Captured registration for entry orange_valve_handle of type minecraft:block
[23Mar2025 15:21:39.874] [modloading-worker-0/DEBUG] [com.tterrag.registrate.AbstractRegistrate/REGISTRATE.REGISTER]: Captured registration for entry magenta_valve_handle of type minecraft:item
[23Mar2025 15:21:39.874] [modloading-worker-0/DEBUG] [com.tterrag.registrate.AbstractRegistrate/REGISTRATE.REGISTER]: Captured registration for entry magenta_valve_handle of type minecraft:block
[23Mar2025 15:21:39.874] [modloading-worker-0/DEBUG] [com.tterrag.registrate.AbstractRegistrate/REGISTRATE.REGISTER]: Captured registration for entry light_blue_valve_handle of type minecraft:item
[23Mar2025 15:21:39.875] [modloading-worker-0/DEBUG] [com.tterrag.registrate.AbstractRegistrate/REGISTRATE.REGISTER]: Captured registration for entry light_blue_valve_handle of type minecraft:block
[23Mar2025 15:21:39.875] [modloading-worker-0/DEBUG] [com.tterrag.registrate.AbstractRegistrate/REGISTRATE.REGISTER]: Captured registration for entry yellow_valve_handle of type minecraft:item
[23Mar2025 15:21:39.875] [modloading-worker-0/DEBUG] [com.tterrag.registrate.AbstractRegistrate/REGISTRATE.REGISTER]: Captured registration for entry yellow_valve_handle of type minecraft:block
[23Mar2025 15:21:39.875] [modloading-worker-0/DEBUG] [com.tterrag.registrate.AbstractRegistrate/REGISTRATE.REGISTER]: Captured registration for entry lime_valve_handle of type minecraft:item
[23Mar2025 15:21:39.875] [modloading-worker-0/DEBUG] [com.tterrag.registrate.AbstractRegistrate/REGISTRATE.REGISTER]: Captured registration for entry lime_valve_handle of type minecraft:block
[23Mar2025 15:21:39.875] [modloading-worker-0/DEBUG] [com.tterrag.registrate.AbstractRegistrate/REGISTRATE.REGISTER]: Captured registration for entry pink_valve_handle of type minecraft:item
[23Mar2025 15:21:39.875] [modloading-worker-0/DEBUG] [com.tterrag.registrate.AbstractRegistrate/REGISTRATE.REGISTER]: Captured registration for entry pink_valve_handle of type minecraft:block
[23Mar2025 15:21:39.875] [modloading-worker-0/DEBUG] [com.tterrag.registrate.AbstractRegistrate/REGISTRATE.REGISTER]: Captured registration for entry gray_valve_handle of type minecraft:item
[23Mar2025 15:21:39.875] [modloading-worker-0/DEBUG] [com.tterrag.registrate.AbstractRegistrate/REGISTRATE.REGISTER]: Captured registration for entry gray_valve_handle of type minecraft:block
[23Mar2025 15:21:39.876] [modloading-worker-0/DEBUG] [com.tterrag.registrate.AbstractRegistrate/REGISTRATE.REGISTER]: Captured registration for entry light_gray_valve_handle of type minecraft:item
[23Mar2025 15:21:39.876] [modloading-worker-0/DEBUG] [com.tterrag.registrate.AbstractRegistrate/REGISTRATE.REGISTER]: Captured registration for entry light_gray_valve_handle of type minecraft:block
[23Mar2025 15:21:39.876] [modloading-worker-0/DEBUG] [com.tterrag.registrate.AbstractRegistrate/REGISTRATE.REGISTER]: Captured registration for entry cyan_valve_handle of type minecraft:item
[23Mar2025 15:21:39.876] [modloading-worker-0/DEBUG] [com.tterrag.registrate.AbstractRegistrate/REGISTRATE.REGISTER]: Captured registration for entry cyan_valve_handle of type minecraft:block
[23Mar2025 15:21:39.876] [modloading-worker-0/DEBUG] [com.tterrag.registrate.AbstractRegistrate/REGISTRATE.REGISTER]: Captured registration for entry purple_valve_handle of type minecraft:item
[23Mar2025 15:21:39.876] [modloading-worker-0/DEBUG] [com.tterrag.registrate.AbstractRegistrate/REGISTRATE.REGISTER]: Captured registration for entry purple_valve_handle of type minecraft:block
[23Mar2025 15:21:39.876] [modloading-worker-0/DEBUG] [com.tterrag.registrate.AbstractRegistrate/REGISTRATE.REGISTER]: Captured registration for entry blue_valve_handle of type minecraft:item
[23Mar2025 15:21:39.876] [modloading-worker-0/DEBUG] [com.tterrag.registrate.AbstractRegistrate/REGISTRATE.REGISTER]: Captured registration for entry blue_valve_handle of type minecraft:block
[23Mar2025 15:21:39.876] [modloading-worker-0/DEBUG] [com.tterrag.registrate.AbstractRegistrate/REGISTRATE.REGISTER]: Captured registration for entry brown_valve_handle of type minecraft:item
[23Mar2025 15:21:39.876] [modloading-worker-0/DEBUG] [com.tterrag.registrate.AbstractRegistrate/REGISTRATE.REGISTER]: Captured registration for entry brown_valve_handle of type minecraft:block
[23Mar2025 15:21:39.876] [modloading-worker-0/DEBUG] [com.tterrag.registrate.AbstractRegistrate/REGISTRATE.REGISTER]: Captured registration for entry green_valve_handle of type minecraft:item
[23Mar2025 15:21:39.876] [modloading-worker-0/DEBUG] [com.tterrag.registrate.AbstractRegistrate/REGISTRATE.REGISTER]: Captured registration for entry green_valve_handle of type minecraft:block
[23Mar2025 15:21:39.877] [modloading-worker-0/DEBUG] [com.tterrag.registrate.AbstractRegistrate/REGISTRATE.REGISTER]: Captured registration for entry red_valve_handle of type minecraft:item
[23Mar2025 15:21:39.877] [modloading-worker-0/DEBUG] [com.tterrag.registrate.AbstractRegistrate/REGISTRATE.REGISTER]: Captured registration for entry red_valve_handle of type minecraft:block
[23Mar2025 15:21:39.877] [modloading-worker-0/DEBUG] [com.tterrag.registrate.AbstractRegistrate/REGISTRATE.REGISTER]: Captured registration for entry black_valve_handle of type minecraft:item
[23Mar2025 15:21:39.877] [modloading-worker-0/DEBUG] [com.tterrag.registrate.AbstractRegistrate/REGISTRATE.REGISTER]: Captured registration for entry black_valve_handle of type minecraft:block
[23Mar2025 15:21:39.888] [modloading-worker-0/DEBUG] [com.tterrag.registrate.AbstractRegistrate/REGISTRATE.REGISTER]: Captured registration for entry fluid_tank of type minecraft:item
[23Mar2025 15:21:39.889] [modloading-worker-0/DEBUG] [com.tterrag.registrate.AbstractRegistrate/REGISTRATE.REGISTER]: Captured registration for entry fluid_tank of type minecraft:block
[23Mar2025 15:21:39.893] [modloading-worker-0/DEBUG] [com.tterrag.registrate.AbstractRegistrate/REGISTRATE.REGISTER]: Captured registration for entry creative_fluid_tank of type minecraft:item
[23Mar2025 15:21:39.895] [modloading-worker-0/DEBUG] [com.tterrag.registrate.AbstractRegistrate/REGISTRATE.REGISTER]: Captured registration for entry creative_fluid_tank of type minecraft:block
[23Mar2025 15:21:39.896] [modloading-worker-0/DEBUG] [net.minecraftforge.fml.javafmlmod.AutomaticEventSubscriber/LOADING]: Auto-subscribing net.geforcemods.securitycraft.RegistrationHandler to MOD
[23Mar2025 15:21:39.897] [modloading-worker-0/DEBUG] [com.tterrag.registrate.AbstractRegistrate/REGISTRATE.REGISTER]: Captured registration for entry hose_pulley of type minecraft:item
[23Mar2025 15:21:39.897] [modloading-worker-0/DEBUG] [com.tterrag.registrate.AbstractRegistrate/REGISTRATE.REGISTER]: Captured registration for entry hose_pulley of type minecraft:block
[23Mar2025 15:21:39.902] [modloading-worker-0/DEBUG] [net.minecraftforge.fml.javafmlmod.AutomaticEventSubscriber/LOADING]: Auto-subscribing net.geforcemods.securitycraft.ConfigHandler to MOD
[23Mar2025 15:21:39.903] [modloading-worker-0/DEBUG] [net.minecraftforge.fml.javafmlmod.AutomaticEventSubscriber/LOADING]: Attempting to inject @EventBusSubscriber classes into the eventbus for lootr
[23Mar2025 15:21:39.903] [modloading-worker-0/DEBUG] [com.tterrag.registrate.AbstractRegistrate/REGISTRATE.REGISTER]: Captured registration for entry item_drain of type minecraft:item
[23Mar2025 15:21:39.903] [modloading-worker-0/DEBUG] [com.tterrag.registrate.AbstractRegistrate/REGISTRATE.REGISTER]: Captured registration for entry item_drain of type minecraft:block
[23Mar2025 15:21:39.904] [modloading-worker-0/DEBUG] [net.minecraftforge.fml.javafmlmod.AutomaticEventSubscriber/LOADING]: Auto-subscribing noobanidus.mods.lootr.setup.CommonSetup to MOD
[23Mar2025 15:21:39.906] [modloading-worker-0/DEBUG] [com.tterrag.registrate.AbstractRegistrate/REGISTRATE.REGISTER]: Captured registration for entry spout of type minecraft:item
[23Mar2025 15:21:39.907] [modloading-worker-0/DEBUG] [com.tterrag.registrate.AbstractRegistrate/REGISTRATE.REGISTER]: Captured registration for entry spout of type minecraft:block
[23Mar2025 15:21:39.907] [modloading-worker-0/DEBUG] [net.minecraftforge.fml.javafmlmod.AutomaticEventSubscriber/LOADING]: Auto-subscribing noobanidus.mods.lootr.init.ModTabs to MOD
[23Mar2025 15:21:39.908] [modloading-worker-0/DEBUG] [net.minecraftforge.fml.javafmlmod.AutomaticEventSubscriber/LOADING]: Auto-subscribing noobanidus.mods.lootr.init.ModItems to MOD
[23Mar2025 15:21:39.908] [modloading-worker-0/DEBUG] [net.minecraftforge.fml.javafmlmod.AutomaticEventSubscriber/LOADING]: Auto-subscribing noobanidus.mods.lootr.gen.LootrDataGenerators to MOD
[23Mar2025 15:21:39.908] [modloading-worker-0/DEBUG] [mixin/]: Mixing self.IZetaBlockMixin_FAKE from zeta_forge.mixins.json into org.violetmoon.zeta.block.ZetaPillarBlock
[23Mar2025 15:21:39.915] [modloading-worker-0/DEBUG] [com.tterrag.registrate.AbstractRegistrate/REGISTRATE.REGISTER]: Captured registration for entry portable_fluid_interface of type minecraft:item
[23Mar2025 15:21:39.915] [modloading-worker-0/DEBUG] [com.tterrag.registrate.AbstractRegistrate/REGISTRATE.REGISTER]: Captured registration for entry portable_fluid_interface of type minecraft:block
[23Mar2025 15:21:39.916] [modloading-worker-0/DEBUG] [net.minecraftforge.fml.javafmlmod.AutomaticEventSubscriber/LOADING]: Auto-subscribing noobanidus.mods.lootr.event.HandleChunk to FORGE
[23Mar2025 15:21:39.917] [modloading-worker-0/DEBUG] [mixin/]: Mixing self.IZetaBlockMixin_FAKE from zeta_forge.mixins.json into org.violetmoon.zeta.block.ZetaBlock
[23Mar2025 15:21:39.919] [modloading-worker-0/DEBUG] [com.tterrag.registrate.AbstractRegistrate/REGISTRATE.REGISTER]: Captured registration for entry steam_engine of type minecraft:item
[23Mar2025 15:21:39.919] [modloading-worker-0/DEBUG] [com.tterrag.registrate.AbstractRegistrate/REGISTRATE.REGISTER]: Captured registration for entry steam_engine of type minecraft:block
[23Mar2025 15:21:39.921] [modloading-worker-0/DEBUG] [mixin/]: Mixing self.IZetaBlockMixin_FAKE from zeta_forge.mixins.json into org.violetmoon.zeta.block.ZetaFenceBlock
[23Mar2025 15:21:39.926] [modloading-worker-0/DEBUG] [com.tterrag.registrate.AbstractRegistrate/REGISTRATE.REGISTER]: Captured registration for entry steam_whistle of type minecraft:item
[23Mar2025 15:21:39.926] [modloading-worker-0/DEBUG] [com.tterrag.registrate.AbstractRegistrate/REGISTRATE.REGISTER]: Captured registration for entry steam_whistle of type minecraft:block
[23Mar2025 15:21:39.927] [modloading-worker-0/DEBUG] [net.minecraftforge.fml.javafmlmod.AutomaticEventSubscriber/LOADING]: Auto-subscribing noobanidus.mods.lootr.event.HandleCart to FORGE
[23Mar2025 15:21:39.928] [modloading-worker-0/DEBUG] [mixin/]: Mixing self.IZetaBlockMixin_FAKE from zeta_forge.mixins.json into org.violetmoon.zeta.block.ZetaDoorBlock
[23Mar2025 15:21:39.932] [modloading-worker-0/DEBUG] [mixin/]: Mixing self.IZetaBlockMixin_FAKE from zeta_forge.mixins.json into org.violetmoon.zeta.block.ZetaTrapdoorBlock
[23Mar2025 15:21:39.938] [modloading-worker-0/DEBUG] [com.tterrag.registrate.AbstractRegistrate/REGISTRATE.REGISTER]: Captured registration for entry steam_whistle_extension of type minecraft:block
[23Mar2025 15:21:39.939] [modloading-worker-0/DEBUG] [mixin/]: Mixing self.IZetaBlockMixin_FAKE from zeta_forge.mixins.json into org.violetmoon.zeta.block.ZetaPressurePlateBlock
[23Mar2025 15:21:39.943] [modloading-worker-0/DEBUG] [com.tterrag.registrate.AbstractRegistrate/REGISTRATE.REGISTER]: Captured registration for entry powered_shaft of type minecraft:block
[23Mar2025 15:21:39.945] [modloading-worker-0/DEBUG] [net.minecraftforge.fml.javafmlmod.AutomaticEventSubscriber/LOADING]: Auto-subscribing noobanidus.mods.lootr.event.HandleBreak to FORGE
[23Mar2025 15:21:39.947] [modloading-worker-0/DEBUG] [net.minecraftforge.fml.javafmlmod.AutomaticEventSubscriber/LOADING]: Auto-subscribing noobanidus.mods.lootr.event.HandleAdvancement to FORGE
[23Mar2025 15:21:39.949] [modloading-worker-0/DEBUG] [net.minecraftforge.fml.javafmlmod.AutomaticEventSubscriber/LOADING]: Auto-subscribing noobanidus.mods.lootr.entity.EntityTicker to FORGE
[23Mar2025 15:21:39.949] [modloading-worker-0/DEBUG] [mixin/]: Mixing self.IZetaBlockMixin_FAKE from zeta_forge.mixins.json into org.violetmoon.zeta.block.ZetaButtonBlock
[23Mar2025 15:21:39.959] [modloading-worker-0/DEBUG] [mixin/]: Mixing self.IZetaBlockMixin_FAKE from zeta_forge.mixins.json into org.violetmoon.zeta.block.ZetaStandingSignBlock
[23Mar2025 15:21:39.959] [modloading-worker-0/DEBUG] [com.tterrag.registrate.AbstractRegistrate/REGISTRATE.REGISTER]: Captured registration for entry mechanical_piston of type minecraft:item
[23Mar2025 15:21:39.960] [modloading-worker-0/DEBUG] [com.tterrag.registrate.AbstractRegistrate/REGISTRATE.REGISTER]: Captured registration for entry mechanical_piston of type minecraft:block
[23Mar2025 15:21:39.960] [modloading-worker-0/DEBUG] [com.tterrag.registrate.AbstractRegistrate/REGISTRATE.REGISTER]: Captured registration for entry sticky_mechanical_piston of type minecraft:item
[23Mar2025 15:21:39.960] [modloading-worker-0/DEBUG] [com.tterrag.registrate.AbstractRegistrate/REGISTRATE.REGISTER]: Captured registration for entry sticky_mechanical_piston of type minecraft:block
[23Mar2025 15:21:39.964] [modloading-worker-0/DEBUG] [net.minecraftforge.fml.javafmlmod.AutomaticEventSubscriber/LOADING]: Auto-subscribing noobanidus.mods.lootr.config.ConfigManager to MOD
[23Mar2025 15:21:39.965] [modloading-worker-0/DEBUG] [net.minecraftforge.fml.javafmlmod.AutomaticEventSubscriber/LOADING]: Auto-subscribing noobanidus.mods.lootr.block.entities.TileTicker to FORGE
[23Mar2025 15:21:39.968] [modloading-worker-0/DEBUG] [mixin/]: Mixing self.IZetaBlockMixin_FAKE from zeta_forge.mixins.json into org.violetmoon.zeta.block.ZetaWallSignBlock
[23Mar2025 15:21:39.973] [modloading-worker-0/DEBUG] [com.tterrag.registrate.AbstractRegistrate/REGISTRATE.REGISTER]: Captured registration for entry piston_extension_pole of type minecraft:item
[23Mar2025 15:21:39.973] [modloading-worker-0/DEBUG] [com.tterrag.registrate.AbstractRegistrate/REGISTRATE.REGISTER]: Captured registration for entry piston_extension_pole of type minecraft:block
[23Mar2025 15:21:39.973] [modloading-worker-0/DEBUG] [mixin/]: Mixing self.IZetaBlockMixin_FAKE from zeta_forge.mixins.json into org.violetmoon.zeta.block.ZetaCeilingHangingSignBlock
[23Mar2025 15:21:39.977] [modloading-worker-0/DEBUG] [com.tterrag.registrate.AbstractRegistrate/REGISTRATE.REGISTER]: Captured registration for entry mechanical_piston_head of type minecraft:block
[23Mar2025 15:21:39.977] [modloading-worker-0/INFO] [be.florens.expandability.ExpandAbility/]: ExpandAbility here, who dis?
[23Mar2025 15:21:39.978] [modloading-worker-0/DEBUG] [net.minecraftforge.fml.javafmlmod.AutomaticEventSubscriber/LOADING]: Attempting to inject @EventBusSubscriber classes into the eventbus for expandability
[23Mar2025 15:21:39.980] [modloading-worker-0/DEBUG] [mixin/]: Mixing self.IZetaBlockMixin_FAKE from zeta_forge.mixins.json into org.violetmoon.zeta.block.ZetaWallHangingSignBlock
[23Mar2025 15:21:39.981] [modloading-worker-0/DEBUG] [com.tterrag.registrate.AbstractRegistrate/REGISTRATE.REGISTER]: Captured registration for entry gantry_carriage of type minecraft:item
[23Mar2025 15:21:39.982] [modloading-worker-0/DEBUG] [com.tterrag.registrate.AbstractRegistrate/REGISTRATE.REGISTER]: Captured registration for entry gantry_carriage of type minecraft:block
[23Mar2025 15:21:39.987] [modloading-worker-0/DEBUG] [com.tterrag.registrate.AbstractRegistrate/REGISTRATE.REGISTER]: Captured registration for entry gantry_shaft of type minecraft:item
[23Mar2025 15:21:39.987] [modloading-worker-0/DEBUG] [com.tterrag.registrate.AbstractRegistrate/REGISTRATE.REGISTER]: Captured registration for entry gantry_shaft of type minecraft:block
[23Mar2025 15:21:39.988] [modloading-worker-0/DEBUG] [mixin/]: Mixing self.IZetaBlockMixin_FAKE from quark.mixins.json into org.violetmoon.quark.content.building.block.VariantLadderBlock
[23Mar2025 15:21:39.999] [modloading-worker-0/DEBUG] [mixin/]: Mixing self.IZetaItemMixin_FAKE from zeta_forge.mixins.json into org.violetmoon.zeta.item.ZetaItem
[23Mar2025 15:21:40.004] [modloading-worker-0/DEBUG] [com.tterrag.registrate.AbstractRegistrate/REGISTRATE.REGISTER]: Captured registration for entry windmill_bearing of type minecraft:item
[23Mar2025 15:21:40.005] [modloading-worker-0/DEBUG] [com.tterrag.registrate.AbstractRegistrate/REGISTRATE.REGISTER]: Captured registration for entry windmill_bearing of type minecraft:block
[23Mar2025 15:21:40.008] [modloading-worker-0/DEBUG] [com.tterrag.registrate.AbstractRegistrate/REGISTRATE.REGISTER]: Captured registration for entry mechanical_bearing of type minecraft:item
[23Mar2025 15:21:40.010] [modloading-worker-0/DEBUG] [net.minecraftforge.fml.config.ConfigTracker/CONFIG]: Config file supplementaries-common.toml for supplementaries tracking
[23Mar2025 15:21:40.011] [modloading-worker-0/DEBUG] [com.tterrag.registrate.AbstractRegistrate/REGISTRATE.REGISTER]: Captured registration for entry mechanical_bearing of type minecraft:block
[23Mar2025 15:21:40.016] [modloading-worker-0/DEBUG] [com.tterrag.registrate.AbstractRegistrate/REGISTRATE.REGISTER]: Captured registration for entry clockwork_bearing of type minecraft:item
[23Mar2025 15:21:40.018] [modloading-worker-0/DEBUG] [com.tterrag.registrate.AbstractRegistrate/REGISTRATE.REGISTER]: Captured registration for entry clockwork_bearing of type minecraft:block
[23Mar2025 15:21:40.024] [modloading-worker-0/DEBUG] [mixin/]: Mixing common.ServerLifecycleHooksMixin from lithostitched.forge.mixins.json into net.minecraftforge.server.ServerLifecycleHooks
[23Mar2025 15:21:40.024] [modloading-worker-0/DEBUG] [com.tterrag.registrate.AbstractRegistrate/REGISTRATE.REGISTER]: Captured registration for entry rope_pulley of type minecraft:item
[23Mar2025 15:21:40.025] [modloading-worker-0/DEBUG] [com.tterrag.registrate.AbstractRegistrate/REGISTRATE.REGISTER]: Captured registration for entry rope_pulley of type minecraft:block
[23Mar2025 15:21:40.025] [modloading-worker-0/DEBUG] [mixin/]: Renaming synthetic method lambda$lithostitched$injectBiomeModifers$1(Ljava/util/List;Ljava/util/Map$Entry;)V to mdea3d73$lambda$lithostitched$injectBiomeModifers$1$0 in lithostitched.forge.mixins.json:common.ServerLifecycleHooksMixin
[23Mar2025 15:21:40.025] [modloading-worker-0/DEBUG] [mixin/]: Renaming synthetic method lambda$lithostitched$injectBiomeModifers$0(Ljava/util/Map$Entry;)Z to mdea3d73$lambda$lithostitched$injectBiomeModifers$0$1 in lithostitched.forge.mixins.json:common.ServerLifecycleHooksMixin
[23Mar2025 15:21:40.033] [modloading-worker-0/DEBUG] [com.tterrag.registrate.AbstractRegistrate/REGISTRATE.REGISTER]: Captured registration for entry rope of type minecraft:block
[23Mar2025 15:21:40.035] [modloading-worker-0/DEBUG] [com.tterrag.registrate.AbstractRegistrate/REGISTRATE.REGISTER]: Captured registration for entry pulley_magnet of type minecraft:block
[23Mar2025 15:21:40.037] [modloading-worker-0/DEBUG] [com.tterrag.registrate.AbstractRegistrate/REGISTRATE.REGISTER]: Captured registration for entry elevator_pulley of type minecraft:item
[23Mar2025 15:21:40.038] [modloading-worker-0/DEBUG] [com.tterrag.registrate.AbstractRegistrate/REGISTRATE.REGISTER]: Captured registration for entry elevator_pulley of type minecraft:block
[23Mar2025 15:21:40.045] [modloading-worker-0/DEBUG] [com.tterrag.registrate.AbstractRegistrate/REGISTRATE.REGISTER]: Captured registration for entry cart_assembler of type minecraft:item
[23Mar2025 15:21:40.048] [modloading-worker-0/DEBUG] [com.tterrag.registrate.AbstractRegistrate/REGISTRATE.REGISTER]: Captured registration for entry cart_assembler of type minecraft:block
[23Mar2025 15:21:40.061] [modloading-worker-0/DEBUG] [com.tterrag.registrate.AbstractRegistrate/REGISTRATE.REGISTER]: Captured registration for entry controller_rail of type minecraft:item
[23Mar2025 15:21:40.061] [modloading-worker-0/DEBUG] [com.tterrag.registrate.AbstractRegistrate/REGISTRATE.REGISTER]: Captured registration for entry controller_rail of type minecraft:block
[23Mar2025 15:21:40.063] [modloading-worker-0/DEBUG] [com.tterrag.registrate.AbstractRegistrate/REGISTRATE.REGISTER]: Captured registration for entry minecart_anchor of type minecraft:block
[23Mar2025 15:21:40.087] [modloading-worker-0/DEBUG] [com.tterrag.registrate.AbstractRegistrate/REGISTRATE.REGISTER]: Captured registration for entry linear_chassis of type minecraft:item
[23Mar2025 15:21:40.087] [modloading-worker-0/DEBUG] [com.tterrag.registrate.AbstractRegistrate/REGISTRATE.REGISTER]: Captured registration for entry linear_chassis of type minecraft:block
[23Mar2025 15:21:40.088] [modloading-worker-0/DEBUG] [com.tterrag.registrate.AbstractRegistrate/REGISTRATE.REGISTER]: Captured registration for entry secondary_linear_chassis of type minecraft:item
[23Mar2025 15:21:40.088] [modloading-worker-0/DEBUG] [com.tterrag.registrate.AbstractRegistrate/REGISTRATE.REGISTER]: Captured registration for entry secondary_linear_chassis of type minecraft:block
[23Mar2025 15:21:40.095] [modloading-worker-0/DEBUG] [com.tterrag.registrate.AbstractRegistrate/REGISTRATE.REGISTER]: Captured registration for entry radial_chassis of type minecraft:item
[23Mar2025 15:21:40.095] [modloading-worker-0/DEBUG] [com.tterrag.registrate.AbstractRegistrate/REGISTRATE.REGISTER]: Captured registration for entry radial_chassis of type minecraft:block
[23Mar2025 15:21:40.104] [modloading-worker-0/DEBUG] [com.tterrag.registrate.AbstractRegistrate/REGISTRATE.REGISTER]: Captured registration for entry sticker of type minecraft:item
[23Mar2025 15:21:40.106] [modloading-worker-0/DEBUG] [com.tterrag.registrate.AbstractRegistrate/REGISTRATE.REGISTER]: Captured registration for entry sticker of type minecraft:block
[23Mar2025 15:21:40.123] [modloading-worker-0/DEBUG] [com.tterrag.registrate.AbstractRegistrate/REGISTRATE.REGISTER]: Captured registration for entry contraption_controls of type minecraft:item
[23Mar2025 15:21:40.124] [modloading-worker-0/DEBUG] [com.tterrag.registrate.AbstractRegistrate/REGISTRATE.REGISTER]: Captured registration for entry contraption_controls of type minecraft:block
[23Mar2025 15:21:40.139] [modloading-worker-0/DEBUG] [com.tterrag.registrate.AbstractRegistrate/REGISTRATE.REGISTER]: Captured registration for entry mechanical_drill of type minecraft:item
[23Mar2025 15:21:40.139] [modloading-worker-0/DEBUG] [com.tterrag.registrate.AbstractRegistrate/REGISTRATE.REGISTER]: Captured registration for entry mechanical_drill of type minecraft:block
[23Mar2025 15:21:40.152] [modloading-worker-0/DEBUG] [com.tterrag.registrate.AbstractRegistrate/REGISTRATE.REGISTER]: Captured registration for entry mechanical_saw of type minecraft:item
[23Mar2025 15:21:40.153] [modloading-worker-0/DEBUG] [com.tterrag.registrate.AbstractRegistrate/REGISTRATE.REGISTER]: Captured registration for entry mechanical_saw of type minecraft:block
[23Mar2025 15:21:40.163] [modloading-worker-0/DEBUG] [com.tterrag.registrate.AbstractRegistrate/REGISTRATE.REGISTER]: Captured registration for entry deployer of type minecraft:item
[23Mar2025 15:21:40.163] [modloading-worker-0/DEBUG] [com.tterrag.registrate.AbstractRegistrate/REGISTRATE.REGISTER]: Captured registration for entry deployer of type minecraft:block
[23Mar2025 15:21:40.164] [modloading-worker-0/DEBUG] [com.tterrag.registrate.AbstractRegistrate/REGISTRATE.REGISTER]: Captured registration for entry portable_storage_interface of type minecraft:item
[23Mar2025 15:21:40.164] [modloading-worker-0/DEBUG] [com.tterrag.registrate.AbstractRegistrate/REGISTRATE.REGISTER]: Captured registration for entry portable_storage_interface of type minecraft:block
[23Mar2025 15:21:40.169] [modloading-worker-0/DEBUG] [com.tterrag.registrate.AbstractRegistrate/REGISTRATE.REGISTER]: Captured registration for entry redstone_contact of type minecraft:item
[23Mar2025 15:21:40.170] [modloading-worker-0/DEBUG] [com.tterrag.registrate.AbstractRegistrate/REGISTRATE.REGISTER]: Captured registration for entry redstone_contact of type minecraft:block
[23Mar2025 15:21:40.171] [modloading-worker-0/DEBUG] [com.tterrag.registrate.AbstractRegistrate/REGISTRATE.REGISTER]: Captured registration for entry elevator_contact of type minecraft:item
[23Mar2025 15:21:40.173] [modloading-worker-0/DEBUG] [com.tterrag.registrate.AbstractRegistrate/REGISTRATE.REGISTER]: Captured registration for entry elevator_contact of type minecraft:block
[23Mar2025 15:21:40.178] [modloading-worker-0/DEBUG] [com.tterrag.registrate.AbstractRegistrate/REGISTRATE.REGISTER]: Captured registration for entry mechanical_harvester of type minecraft:item
[23Mar2025 15:21:40.179] [modloading-worker-0/DEBUG] [com.tterrag.registrate.AbstractRegistrate/REGISTRATE.REGISTER]: Captured registration for entry mechanical_harvester of type minecraft:block
[23Mar2025 15:21:40.183] [modloading-worker-0/DEBUG] [mixin/]: Mixing self.SelfLumiseneFluidMixin from supplementaries.mixins.json into net.mehvahdjukaar.supplementaries.common.fluids.LumiseneFluid
[23Mar2025 15:21:40.187] [modloading-worker-0/DEBUG] [mixin/]: Mixing self.SelfFlammableFluidBlockMixin from supplementaries.mixins.json into net.mehvahdjukaar.supplementaries.common.fluids.FlammableLiquidBlock
[23Mar2025 15:21:40.189] [modloading-worker-0/DEBUG] [com.tterrag.registrate.AbstractRegistrate/REGISTRATE.REGISTER]: Captured registration for entry mechanical_plough of type minecraft:item
[23Mar2025 15:21:40.189] [modloading-worker-0/DEBUG] [com.tterrag.registrate.AbstractRegistrate/REGISTRATE.REGISTER]: Captured registration for entry mechanical_plough of type minecraft:block
[23Mar2025 15:21:40.206] [modloading-worker-0/DEBUG] [com.tterrag.registrate.AbstractRegistrate/REGISTRATE.REGISTER]: Captured registration for entry mechanical_roller of type minecraft:item
[23Mar2025 15:21:40.207] [modloading-worker-0/DEBUG] [com.tterrag.registrate.AbstractRegistrate/REGISTRATE.REGISTER]: Captured registration for entry mechanical_roller of type minecraft:block
[23Mar2025 15:21:40.208] [modloading-worker-0/DEBUG] [com.tterrag.registrate.AbstractRegistrate/REGISTRATE.REGISTER]: Captured registration for entry sail_frame of type minecraft:item
[23Mar2025 15:21:40.210] [modloading-worker-0/DEBUG] [com.tterrag.registrate.AbstractRegistrate/REGISTRATE.REGISTER]: Captured registration for entry sail_frame of type minecraft:block
[23Mar2025 15:21:40.212] [modloading-worker-0/DEBUG] [com.tterrag.registrate.AbstractRegistrate/REGISTRATE.REGISTER]: Captured registration for entry white_sail of type minecraft:item
[23Mar2025 15:21:40.213] [modloading-worker-0/DEBUG] [com.tterrag.registrate.AbstractRegistrate/REGISTRATE.REGISTER]: Captured registration for entry white_sail of type minecraft:block
[23Mar2025 15:21:40.214] [modloading-worker-0/DEBUG] [com.tterrag.registrate.AbstractRegistrate/REGISTRATE.REGISTER]: Captured registration for entry orange_sail of type minecraft:block
[23Mar2025 15:21:40.215] [modloading-worker-0/DEBUG] [com.tterrag.registrate.AbstractRegistrate/REGISTRATE.REGISTER]: Captured registration for entry magenta_sail of type minecraft:block
[23Mar2025 15:21:40.215] [modloading-worker-0/DEBUG] [com.tterrag.registrate.AbstractRegistrate/REGISTRATE.REGISTER]: Captured registration for entry light_blue_sail of type minecraft:block
[23Mar2025 15:21:40.216] [modloading-worker-0/DEBUG] [com.tterrag.registrate.AbstractRegistrate/REGISTRATE.REGISTER]: Captured registration for entry yellow_sail of type minecraft:block
[23Mar2025 15:21:40.216] [modloading-worker-0/DEBUG] [com.tterrag.registrate.AbstractRegistrate/REGISTRATE.REGISTER]: Captured registration for entry lime_sail of type minecraft:block
[23Mar2025 15:21:40.217] [modloading-worker-0/DEBUG] [mixin/]: Mixing self.SelfSoapItemMixin from supplementaries.mixins.json into net.mehvahdjukaar.supplementaries.common.items.SoapItem
[23Mar2025 15:21:40.217] [modloading-worker-0/DEBUG] [com.tterrag.registrate.AbstractRegistrate/REGISTRATE.REGISTER]: Captured registration for entry pink_sail of type minecraft:block
[23Mar2025 15:21:40.217] [modloading-worker-0/DEBUG] [com.tterrag.registrate.AbstractRegistrate/REGISTRATE.REGISTER]: Captured registration for entry gray_sail of type minecraft:block
[23Mar2025 15:21:40.218] [modloading-worker-0/DEBUG] [com.tterrag.registrate.AbstractRegistrate/REGISTRATE.REGISTER]: Captured registration for entry light_gray_sail of type minecraft:block
[23Mar2025 15:21:40.218] [modloading-worker-0/DEBUG] [com.tterrag.registrate.AbstractRegistrate/REGISTRATE.REGISTER]: Captured registration for entry cyan_sail of type minecraft:block
[23Mar2025 15:21:40.219] [modloading-worker-0/DEBUG] [com.tterrag.registrate.AbstractRegistrate/REGISTRATE.REGISTER]: Captured registration for entry purple_sail of type minecraft:block
[23Mar2025 15:21:40.219] [modloading-worker-0/DEBUG] [com.tterrag.registrate.AbstractRegistrate/REGISTRATE.REGISTER]: Captured registration for entry blue_sail of type minecraft:block
[23Mar2025 15:21:40.219] [modloading-worker-0/DEBUG] [com.tterrag.registrate.AbstractRegistrate/REGISTRATE.REGISTER]: Captured registration for entry brown_sail of type minecraft:block
[23Mar2025 15:21:40.220] [modloading-worker-0/DEBUG] [com.tterrag.registrate.AbstractRegistrate/REGISTRATE.REGISTER]: Captured registration for entry green_sail of type minecraft:block
[23Mar2025 15:21:40.220] [modloading-worker-0/DEBUG] [com.tterrag.registrate.AbstractRegistrate/REGISTRATE.REGISTER]: Captured registration for entry red_sail of type minecraft:block
[23Mar2025 15:21:40.220] [modloading-worker-0/DEBUG] [com.tterrag.registrate.AbstractRegistrate/REGISTRATE.REGISTER]: Captured registration for entry black_sail of type minecraft:block
[23Mar2025 15:21:40.224] [modloading-worker-0/DEBUG] [com.tterrag.registrate.AbstractRegistrate/REGISTRATE.REGISTER]: Captured registration for entry andesite_casing of type minecraft:item
[23Mar2025 15:21:40.225] [modloading-worker-0/DEBUG] [com.tterrag.registrate.AbstractRegistrate/REGISTRATE.REGISTER]: Captured registration for entry andesite_casing of type minecraft:block
[23Mar2025 15:21:40.226] [modloading-worker-0/DEBUG] [com.tterrag.registrate.AbstractRegistrate/REGISTRATE.REGISTER]: Captured registration for entry brass_casing of type minecraft:item
[23Mar2025 15:21:40.226] [modloading-worker-0/DEBUG] [com.tterrag.registrate.AbstractRegistrate/REGISTRATE.REGISTER]: Captured registration for entry brass_casing of type minecraft:block
[23Mar2025 15:21:40.228] [modloading-worker-0/DEBUG] [com.tterrag.registrate.AbstractRegistrate/REGISTRATE.REGISTER]: Captured registration for entry copper_casing of type minecraft:item
[23Mar2025 15:21:40.229] [modloading-worker-0/DEBUG] [com.tterrag.registrate.AbstractRegistrate/REGISTRATE.REGISTER]: Captured registration for entry copper_casing of type minecraft:block
[23Mar2025 15:21:40.230] [modloading-worker-0/DEBUG] [com.tterrag.registrate.AbstractRegistrate/REGISTRATE.REGISTER]: Captured registration for entry shadow_steel_casing of type minecraft:item
[23Mar2025 15:21:40.231] [modloading-worker-0/DEBUG] [com.tterrag.registrate.AbstractRegistrate/REGISTRATE.REGISTER]: Captured registration for entry shadow_steel_casing of type minecraft:block
[23Mar2025 15:21:40.232] [modloading-worker-0/DEBUG] [com.tterrag.registrate.AbstractRegistrate/REGISTRATE.REGISTER]: Captured registration for entry refined_radiance_casing of type minecraft:item
[23Mar2025 15:21:40.235] [modloading-worker-0/DEBUG] [com.tterrag.registrate.AbstractRegistrate/REGISTRATE.REGISTER]: Captured registration for entry refined_radiance_casing of type minecraft:block
[23Mar2025 15:21:40.238] [modloading-worker-0/DEBUG] [com.tterrag.registrate.AbstractRegistrate/REGISTRATE.REGISTER]: Captured registration for entry mechanical_crafter of type minecraft:item
[23Mar2025 15:21:40.239] [modloading-worker-0/DEBUG] [com.tterrag.registrate.AbstractRegistrate/REGISTRATE.REGISTER]: Captured registration for entry mechanical_crafter of type minecraft:block
[23Mar2025 15:21:40.245] [modloading-worker-0/DEBUG] [mixin/]: Mixing self.SelfGunpowderMixin from supplementaries.mixins.json into net.mehvahdjukaar.supplementaries.common.block.blocks.GunpowderBlock
[23Mar2025 15:21:40.250] [modloading-worker-0/DEBUG] [com.tterrag.registrate.AbstractRegistrate/REGISTRATE.REGISTER]: Captured registration for entry sequenced_gearshift of type minecraft:item
[23Mar2025 15:21:40.252] [modloading-worker-0/DEBUG] [com.tterrag.registrate.AbstractRegistrate/REGISTRATE.REGISTER]: Captured registration for entry sequenced_gearshift of type minecraft:block
[23Mar2025 15:21:40.254] [modloading-worker-0/DEBUG] [com.tterrag.registrate.AbstractRegistrate/REGISTRATE.REGISTER]: Captured registration for entry flywheel of type minecraft:item
[23Mar2025 15:21:40.254] [modloading-worker-0/DEBUG] [com.tterrag.registrate.AbstractRegistrate/REGISTRATE.REGISTER]: Captured registration for entry flywheel of type minecraft:block
[23Mar2025 15:21:40.258] [modloading-worker-0/DEBUG] [com.tterrag.registrate.AbstractRegistrate/REGISTRATE.REGISTER]: Captured registration for entry rotation_speed_controller of type minecraft:item
[23Mar2025 15:21:40.259] [modloading-worker-0/DEBUG] [com.tterrag.registrate.AbstractRegistrate/REGISTRATE.REGISTER]: Captured registration for entry rotation_speed_controller of type minecraft:block
[23Mar2025 15:21:40.259] [modloading-worker-0/DEBUG] [mixin/]: Mixing compat.PistonReactQuarkMixin from moonlight-common.mixins.json into net.mehvahdjukaar.moonlight.api.block.IPistonMotionReact
[23Mar2025 15:21:40.266] [modloading-worker-0/DEBUG] [com.tterrag.registrate.AbstractRegistrate/REGISTRATE.REGISTER]: Captured registration for entry mechanical_arm of type minecraft:item
[23Mar2025 15:21:40.266] [modloading-worker-0/DEBUG] [com.tterrag.registrate.AbstractRegistrate/REGISTRATE.REGISTER]: Captured registration for entry mechanical_arm of type minecraft:block
[23Mar2025 15:21:40.279] [modloading-worker-0/DEBUG] [net.minecraftforge.fml.config.ConfigTracker/CONFIG]: Config file Obscuria/aquamirae-common.toml for aquamirae tracking
[23Mar2025 15:21:40.280] [modloading-worker-0/DEBUG] [net.minecraftforge.fml.config.ConfigTracker/CONFIG]: Config file Obscuria/aquamirae-client.toml for aquamirae tracking
[23Mar2025 15:21:40.285] [modloading-worker-0/DEBUG] [net.minecraftforge.fml.javafmlmod.AutomaticEventSubscriber/LOADING]: Attempting to inject @EventBusSubscriber classes into the eventbus for aquamirae
[23Mar2025 15:21:40.288] [modloading-worker-0/DEBUG] [net.minecraftforge.fml.javafmlmod.AutomaticEventSubscriber/LOADING]: Auto-subscribing com.obscuria.aquamirae.registry.AquamiraeEntities to MOD
[23Mar2025 15:21:40.289] [modloading-worker-0/DEBUG] [net.minecraftforge.fml.javafmlmod.AutomaticEventSubscriber/LOADING]: Auto-subscribing com.obscuria.aquamirae.registry.AquamiraeCreativeTab to MOD
[23Mar2025 15:21:40.290] [modloading-worker-0/DEBUG] [net.minecraftforge.fml.javafmlmod.AutomaticEventSubscriber/LOADING]: Auto-subscribing com.obscuria.aquamirae.network.ScrollMessage to MOD
[23Mar2025 15:21:40.293] [modloading-worker-0/DEBUG] [net.minecraftforge.fml.javafmlmod.AutomaticEventSubscriber/LOADING]: Auto-subscribing com.obscuria.aquamirae.common.recipes.SpectralPotionRecipe to MOD
[23Mar2025 15:21:40.296] [modloading-worker-0/DEBUG] [net.minecraftforge.fml.javafmlmod.AutomaticEventSubscriber/LOADING]: Auto-subscribing com.obscuria.aquamirae.common.recipes.PotionOfTenacityRecipe to MOD
[23Mar2025 15:21:40.298] [modloading-worker-0/DEBUG] [net.minecraftforge.fml.javafmlmod.AutomaticEventSubscriber/LOADING]: Auto-subscribing com.obscuria.aquamirae.common.items.armor.TerribleArmorItem to FORGE
[23Mar2025 15:21:40.299] [modloading-worker-0/DEBUG] [net.minecraftforge.fml.javafmlmod.AutomaticEventSubscriber/LOADING]: Auto-subscribing com.obscuria.aquamirae.common.items.RuneOfTheStormItem to FORGE
[23Mar2025 15:21:40.304] [modloading-worker-0/DEBUG] [com.tterrag.registrate.AbstractRegistrate/REGISTRATE.REGISTER]: Captured registration for entry track of type minecraft:item
[23Mar2025 15:21:40.304] [modloading-worker-0/DEBUG] [com.tterrag.registrate.AbstractRegistrate/REGISTRATE.REGISTER]: Captured registration for entry track of type minecraft:block
[23Mar2025 15:21:40.309] [modloading-worker-0/DEBUG] [com.tterrag.registrate.AbstractRegistrate/REGISTRATE.REGISTER]: Captured registration for entry fake_track of type minecraft:block
[23Mar2025 15:21:40.312] [modloading-worker-0/DEBUG] [com.tterrag.registrate.AbstractRegistrate/REGISTRATE.REGISTER]: Captured registration for entry railway_casing of type minecraft:item
[23Mar2025 15:21:40.313] [modloading-worker-0/DEBUG] [com.tterrag.registrate.AbstractRegistrate/REGISTRATE.REGISTER]: Captured registration for entry railway_casing of type minecraft:block
[23Mar2025 15:21:40.345] [modloading-worker-0/DEBUG] [com.tterrag.registrate.AbstractRegistrate/REGISTRATE.REGISTER]: Captured registration for entry track_station of type minecraft:item
[23Mar2025 15:21:40.348] [modloading-worker-0/DEBUG] [com.tterrag.registrate.AbstractRegistrate/REGISTRATE.REGISTER]: Captured registration for entry track_station of type minecraft:block
[23Mar2025 15:21:40.350] [modloading-worker-0/DEBUG] [com.tterrag.registrate.AbstractRegistrate/REGISTRATE.REGISTER]: Captured registration for entry track_signal of type minecraft:item
[23Mar2025 15:21:40.350] [modloading-worker-0/DEBUG] [com.tterrag.registrate.AbstractRegistrate/REGISTRATE.REGISTER]: Captured registration for entry track_signal of type minecraft:block
[23Mar2025 15:21:40.353] [modloading-worker-0/DEBUG] [com.tterrag.registrate.AbstractRegistrate/REGISTRATE.REGISTER]: Captured registration for entry track_observer of type minecraft:item
[23Mar2025 15:21:40.354] [modloading-worker-0/DEBUG] [com.tterrag.registrate.AbstractRegistrate/REGISTRATE.REGISTER]: Captured registration for entry track_observer of type minecraft:block
[23Mar2025 15:21:40.358] [modloading-worker-0/DEBUG] [com.tterrag.registrate.AbstractRegistrate/REGISTRATE.REGISTER]: Captured registration for entry small_bogey of type minecraft:block
[23Mar2025 15:21:40.359] [modloading-worker-0/DEBUG] [com.tterrag.registrate.AbstractRegistrate/REGISTRATE.REGISTER]: Captured registration for entry large_bogey of type minecraft:block
[23Mar2025 15:21:40.360] [modloading-worker-0/DEBUG] [com.tterrag.registrate.AbstractRegistrate/REGISTRATE.REGISTER]: Captured registration for entry controls of type minecraft:item
[23Mar2025 15:21:40.363] [modloading-worker-0/DEBUG] [com.tterrag.registrate.AbstractRegistrate/REGISTRATE.REGISTER]: Captured registration for entry controls of type minecraft:block
[23Mar2025 15:21:40.382] [modloading-worker-0/DEBUG] [com.tterrag.registrate.AbstractRegistrate/REGISTRATE.REGISTER]: Captured registration for entry andesite_funnel of type minecraft:item
[23Mar2025 15:21:40.388] [modloading-worker-0/DEBUG] [com.tterrag.registrate.AbstractRegistrate/REGISTRATE.REGISTER]: Captured registration for entry andesite_funnel of type minecraft:block
[23Mar2025 15:21:40.390] [modloading-worker-0/DEBUG] [com.tterrag.registrate.AbstractRegistrate/REGISTRATE.REGISTER]: Captured registration for entry andesite_belt_funnel of type minecraft:block
[23Mar2025 15:21:40.398] [modloading-worker-0/DEBUG] [com.tterrag.registrate.AbstractRegistrate/REGISTRATE.REGISTER]: Captured registration for entry brass_funnel of type minecraft:item
[23Mar2025 15:21:40.398] [modloading-worker-0/DEBUG] [com.tterrag.registrate.AbstractRegistrate/REGISTRATE.REGISTER]: Captured registration for entry brass_funnel of type minecraft:block
[23Mar2025 15:21:40.399] [modloading-worker-0/DEBUG] [com.tterrag.registrate.AbstractRegistrate/REGISTRATE.REGISTER]: Captured registration for entry brass_belt_funnel of type minecraft:block
[23Mar2025 15:21:40.405] [modloading-worker-0/DEBUG] [com.tterrag.registrate.AbstractRegistrate/REGISTRATE.REGISTER]: Captured registration for entry andesite_tunnel of type minecraft:item
[23Mar2025 15:21:40.408] [modloading-worker-0/DEBUG] [com.tterrag.registrate.AbstractRegistrate/REGISTRATE.REGISTER]: Captured registration for entry andesite_tunnel of type minecraft:block
[23Mar2025 15:21:40.413] [modloading-worker-0/DEBUG] [com.tterrag.registrate.AbstractRegistrate/REGISTRATE.REGISTER]: Captured registration for entry brass_tunnel of type minecraft:item
[23Mar2025 15:21:40.414] [modloading-worker-0/DEBUG] [com.tterrag.registrate.AbstractRegistrate/REGISTRATE.REGISTER]: Captured registration for entry brass_tunnel of type minecraft:block
[23Mar2025 15:21:40.424] [modloading-worker-0/DEBUG] [com.tterrag.registrate.AbstractRegistrate/REGISTRATE.REGISTER]: Captured registration for entry content_observer of type minecraft:item
[23Mar2025 15:21:40.424] [modloading-worker-0/DEBUG] [com.tterrag.registrate.AbstractRegistrate/REGISTRATE.REGISTER]: Captured registration for entry content_observer of type minecraft:block
[23Mar2025 15:21:40.428] [modloading-worker-0/INFO] [quark-zeta/]: Discovered 164 modules to load.
[23Mar2025 15:21:40.429] [modloading-worker-0/INFO] [quark-zeta/]: Constructing module Abacus...
[23Mar2025 15:21:40.432] [modloading-worker-0/DEBUG] [com.tterrag.registrate.AbstractRegistrate/REGISTRATE.REGISTER]: Captured registration for entry stockpile_switch of type minecraft:item
[23Mar2025 15:21:40.432] [modloading-worker-0/DEBUG] [com.tterrag.registrate.AbstractRegistrate/REGISTRATE.REGISTER]: Captured registration for entry stockpile_switch of type minecraft:block
[23Mar2025 15:21:40.435] [modloading-worker-0/DEBUG] [com.tterrag.registrate.AbstractRegistrate/REGISTRATE.REGISTER]: Captured registration for entry creative_crate of type minecraft:item
[23Mar2025 15:21:40.435] [modloading-worker-0/DEBUG] [com.tterrag.registrate.AbstractRegistrate/REGISTRATE.REGISTER]: Captured registration for entry creative_crate of type minecraft:block
[23Mar2025 15:21:40.437] [modloading-worker-0/INFO] [quark-zeta/]: Constructing module Adjustable Chat...
[23Mar2025 15:21:40.437] [modloading-worker-0/INFO] [quark-zeta/]: Constructing module Ambient Discs...
[23Mar2025 15:21:40.439] [modloading-worker-0/INFO] [quark-zeta/]: Constructing module Ancient Tomes...
[23Mar2025 15:21:40.445] [modloading-worker-0/DEBUG] [com.tterrag.registrate.AbstractRegistrate/REGISTRATE.REGISTER]: Captured registration for entry item_vault of type minecraft:item
[23Mar2025 15:21:40.445] [modloading-worker-0/DEBUG] [com.tterrag.registrate.AbstractRegistrate/REGISTRATE.REGISTER]: Captured registration for entry item_vault of type minecraft:block
[23Mar2025 15:21:40.447] [modloading-worker-0/DEBUG] [Cristel Lib/]: Couldn't parse: "T&T Waystone Patch Pack" to a component
com.mojang.brigadier.exceptions.CommandSyntaxException: Invalid chat component: Use JsonReader.setLenient(true) to accept malformed JSON at line 1 column 1 path $ at position 0: <--[HERE]
[23Mar2025 15:21:40.447] [modloading-worker-0/DEBUG] [mixin/]: Mixing entities.MerchantOfferAccessor from integrated_api-common.mixins.json into net.minecraft.world.item.trading.MerchantOffer
[23Mar2025 15:21:40.448] [modloading-worker-0/DEBUG] [mixin/]: Mixing MerchantOfferMixin from quark.mixins.json into net.minecraft.world.item.trading.MerchantOffer
[23Mar2025 15:21:40.448] [modloading-worker-0/DEBUG] [com.tterrag.registrate.AbstractRegistrate/REGISTRATE.REGISTER]: Captured registration for entry item_hatch of type minecraft:item
[23Mar2025 15:21:40.448] [modloading-worker-0/DEBUG] [com.tterrag.registrate.AbstractRegistrate/REGISTRATE.REGISTER]: Captured registration for entry item_hatch of type minecraft:block
[23Mar2025 15:21:40.449] [modloading-worker-0/DEBUG] [mixin/]: Mixing accessor.AccessorMerchantOffer from quark.mixins.json into net.minecraft.world.item.trading.MerchantOffer
[23Mar2025 15:21:40.455] [modloading-worker-0/DEBUG] [mixin/]: Mixing PathPackResourcesAccessor from creativecore.mixins.json into net.minecraft.server.packs.PathPackResources
[23Mar2025 15:21:40.458] [modloading-worker-0/DEBUG] [mixin/]: Mixing self.SelfSlingshotMixin from supplementaries.mixins.json into net.mehvahdjukaar.supplementaries.common.items.SlingshotItem
[23Mar2025 15:21:40.462] [modloading-worker-0/DEBUG] [com.tterrag.registrate.AbstractRegistrate/REGISTRATE.REGISTER]: Captured registration for entry packager of type minecraft:item
[23Mar2025 15:21:40.462] [modloading-worker-0/DEBUG] [com.tterrag.registrate.AbstractRegistrate/REGISTRATE.REGISTER]: Captured registration for entry packager of type minecraft:block
[23Mar2025 15:21:40.463] [modloading-worker-0/DEBUG] [com.tterrag.registrate.AbstractRegistrate/REGISTRATE.REGISTER]: Captured registration for entry repackager of type minecraft:item
[23Mar2025 15:21:40.463] [modloading-worker-0/DEBUG] [com.tterrag.registrate.AbstractRegistrate/REGISTRATE.REGISTER]: Captured registration for entry repackager of type minecraft:block
[23Mar2025 15:21:40.465] [modloading-worker-0/INFO] [quark-zeta/]: Constructing module Ancient Wood...
[23Mar2025 15:21:40.466] [modloading-worker-0/DEBUG] [mixin/]: Mixing self.IZetaBlockMixin_FAKE from zeta_forge.mixins.json into org.violetmoon.zeta.block.ZetaLeavesBlock
[23Mar2025 15:21:40.479] [modloading-worker-0/DEBUG] [mixin/]: Mixing self.SelfSafeMixin from supplementaries.mixins.json into net.mehvahdjukaar.supplementaries.common.block.blocks.SafeBlock
[23Mar2025 15:21:40.483] [modloading-worker-0/DEBUG] [mixin/]: Mixing self.IZetaBlockMixin_FAKE from zeta_forge.mixins.json into org.violetmoon.zeta.block.ZetaSaplingBlock
[23Mar2025 15:21:40.484] [modloading-worker-0/DEBUG] [com.tterrag.registrate.AbstractRegistrate/REGISTRATE.REGISTER]: Captured registration for entry package_frogport of type minecraft:item
[23Mar2025 15:21:40.484] [modloading-worker-0/DEBUG] [com.tterrag.registrate.AbstractRegistrate/REGISTRATE.REGISTER]: Captured registration for entry package_frogport of type minecraft:block
[23Mar2025 15:21:40.490] [modloading-worker-0/DEBUG] [com.tterrag.registrate.AbstractRegistrate/REGISTRATE.REGISTER]: Captured registration for entry white_postbox of type minecraft:item
[23Mar2025 15:21:40.495] [modloading-worker-0/DEBUG] [com.tterrag.registrate.AbstractRegistrate/REGISTRATE.REGISTER]: Captured registration for entry white_postbox of type minecraft:block
[23Mar2025 15:21:40.495] [modloading-worker-0/DEBUG] [com.tterrag.registrate.AbstractRegistrate/REGISTRATE.REGISTER]: Captured registration for entry orange_postbox of type minecraft:item
[23Mar2025 15:21:40.495] [modloading-worker-0/DEBUG] [com.tterrag.registrate.AbstractRegistrate/REGISTRATE.REGISTER]: Captured registration for entry orange_postbox of type minecraft:block
[23Mar2025 15:21:40.496] [modloading-worker-0/DEBUG] [com.tterrag.registrate.AbstractRegistrate/REGISTRATE.REGISTER]: Captured registration for entry magenta_postbox of type minecraft:item
[23Mar2025 15:21:40.496] [modloading-worker-0/DEBUG] [mixin/]: Mixing self.SelfWrenchMixin from supplementaries.mixins.json into net.mehvahdjukaar.supplementaries.common.items.WrenchItem
[23Mar2025 15:21:40.494] [modloading-worker-0/INFO] [quark-zeta/]: Constructing module Armed Armor Stands...
[23Mar2025 15:21:40.496] [modloading-worker-0/DEBUG] [com.tterrag.registrate.AbstractRegistrate/REGISTRATE.REGISTER]: Captured registration for entry magenta_postbox of type minecraft:block
[23Mar2025 15:21:40.497] [modloading-worker-0/DEBUG] [com.tterrag.registrate.AbstractRegistrate/REGISTRATE.REGISTER]: Captured registration for entry light_blue_postbox of type minecraft:item
[23Mar2025 15:21:40.497] [modloading-worker-0/DEBUG] [com.tterrag.registrate.AbstractRegistrate/REGISTRATE.REGISTER]: Captured registration for entry light_blue_postbox of type minecraft:block
[23Mar2025 15:21:40.497] [modloading-worker-0/DEBUG] [com.tterrag.registrate.AbstractRegistrate/REGISTRATE.REGISTER]: Captured registration for entry yellow_postbox of type minecraft:item
[23Mar2025 15:21:40.496] [modloading-worker-0/INFO] [quark-zeta/]: Constructing module Auto Walk Keybind...
[23Mar2025 15:21:40.498] [modloading-worker-0/DEBUG] [com.tterrag.registrate.AbstractRegistrate/REGISTRATE.REGISTER]: Captured registration for entry yellow_postbox of type minecraft:block
[23Mar2025 15:21:40.498] [modloading-worker-0/DEBUG] [com.tterrag.registrate.AbstractRegistrate/REGISTRATE.REGISTER]: Captured registration for entry lime_postbox of type minecraft:item
[23Mar2025 15:21:40.497] [modloading-worker-0/INFO] [quark-zeta/]: Constructing module Automatic Recipe Unlock...
[23Mar2025 15:21:40.498] [modloading-worker-0/DEBUG] [mixin/]: Renaming synthetic method lambda$onLeftClickEntity$0(Lnet/minecraft/world/entity/player/Player;Lnet/minecraft/world/entity/player/Player;)V to mdea3d73$lambda$onLeftClickEntity$0$0 in supplementaries.mixins.json:self.SelfWrenchMixin
[23Mar2025 15:21:40.499] [modloading-worker-0/INFO] [quark-zeta/]: Constructing module Automatic Tool Restock...
[23Mar2025 15:21:40.498] [modloading-worker-0/DEBUG] [com.tterrag.registrate.AbstractRegistrate/REGISTRATE.REGISTER]: Captured registration for entry lime_postbox of type minecraft:block
[23Mar2025 15:21:40.504] [modloading-worker-0/DEBUG] [com.tterrag.registrate.AbstractRegistrate/REGISTRATE.REGISTER]: Captured registration for entry pink_postbox of type minecraft:item
[23Mar2025 15:21:40.504] [modloading-worker-0/DEBUG] [com.tterrag.registrate.AbstractRegistrate/REGISTRATE.REGISTER]: Captured registration for entry pink_postbox of type minecraft:block
[23Mar2025 15:21:40.504] [modloading-worker-0/DEBUG] [com.tterrag.registrate.AbstractRegistrate/REGISTRATE.REGISTER]: Captured registration for entry gray_postbox of type minecraft:item
[23Mar2025 15:21:40.504] [modloading-worker-0/DEBUG] [com.tterrag.registrate.AbstractRegistrate/REGISTRATE.REGISTER]: Captured registration for entry gray_postbox of type minecraft:block
[23Mar2025 15:21:40.504] [modloading-worker-0/DEBUG] [com.tterrag.registrate.AbstractRegistrate/REGISTRATE.REGISTER]: Captured registration for entry light_gray_postbox of type minecraft:item
[23Mar2025 15:21:40.504] [modloading-worker-0/DEBUG] [com.tterrag.registrate.AbstractRegistrate/REGISTRATE.REGISTER]: Captured registration for entry light_gray_postbox of type minecraft:block
[23Mar2025 15:21:40.505] [modloading-worker-0/DEBUG] [com.tterrag.registrate.AbstractRegistrate/REGISTRATE.REGISTER]: Captured registration for entry cyan_postbox of type minecraft:item
[23Mar2025 15:21:40.505] [modloading-worker-0/DEBUG] [com.tterrag.registrate.AbstractRegistrate/REGISTRATE.REGISTER]: Captured registration for entry cyan_postbox of type minecraft:block
[23Mar2025 15:21:40.505] [modloading-worker-0/DEBUG] [com.tterrag.registrate.AbstractRegistrate/REGISTRATE.REGISTER]: Captured registration for entry purple_postbox of type minecraft:item
[23Mar2025 15:21:40.505] [modloading-worker-0/DEBUG] [com.tterrag.registrate.AbstractRegistrate/REGISTRATE.REGISTER]: Captured registration for entry purple_postbox of type minecraft:block
[23Mar2025 15:21:40.505] [modloading-worker-0/DEBUG] [com.tterrag.registrate.AbstractRegistrate/REGISTRATE.REGISTER]: Captured registration for entry blue_postbox of type minecraft:item
[23Mar2025 15:21:40.505] [modloading-worker-0/DEBUG] [com.tterrag.registrate.AbstractRegistrate/REGISTRATE.REGISTER]: Captured registration for entry blue_postbox of type minecraft:block
[23Mar2025 15:21:40.505] [modloading-worker-0/DEBUG] [com.tterrag.registrate.AbstractRegistrate/REGISTRATE.REGISTER]: Captured registration for entry brown_postbox of type minecraft:item
[23Mar2025 15:21:40.505] [modloading-worker-0/DEBUG] [com.tterrag.registrate.AbstractRegistrate/REGISTRATE.REGISTER]: Captured registration for entry brown_postbox of type minecraft:block
[23Mar2025 15:21:40.505] [modloading-worker-0/DEBUG] [com.tterrag.registrate.AbstractRegistrate/REGISTRATE.REGISTER]: Captured registration for entry green_postbox of type minecraft:item
[23Mar2025 15:21:40.505] [modloading-worker-0/DEBUG] [com.tterrag.registrate.AbstractRegistrate/REGISTRATE.REGISTER]: Captured registration for entry green_postbox of type minecraft:block
[23Mar2025 15:21:40.505] [modloading-worker-0/DEBUG] [com.tterrag.registrate.AbstractRegistrate/REGISTRATE.REGISTER]: Captured registration for entry red_postbox of type minecraft:item
[23Mar2025 15:21:40.505] [modloading-worker-0/DEBUG] [com.tterrag.registrate.AbstractRegistrate/REGISTRATE.REGISTER]: Captured registration for entry red_postbox of type minecraft:block
[23Mar2025 15:21:40.505] [modloading-worker-0/DEBUG] [com.tterrag.registrate.AbstractRegistrate/REGISTRATE.REGISTER]: Captured registration for entry black_postbox of type minecraft:item
[23Mar2025 15:21:40.505] [modloading-worker-0/DEBUG] [com.tterrag.registrate.AbstractRegistrate/REGISTRATE.REGISTER]: Captured registration for entry black_postbox of type minecraft:block
[23Mar2025 15:21:40.506] [modloading-worker-0/INFO] [quark-zeta/]: Constructing module Azalea Wood...
[23Mar2025 15:21:40.506] [modloading-worker-0/INFO] [quark-zeta/]: Constructing module Back Button Keybind...
[23Mar2025 15:21:40.507] [modloading-worker-0/INFO] [quark-zeta/]: Constructing module Backpack...
[23Mar2025 15:21:40.511] [modloading-worker-0/DEBUG] [mixin/]: Mixing self.IZetaItemMixin_FAKE from quark.mixins.json into org.violetmoon.quark.addons.oddities.item.BackpackItem
[23Mar2025 15:21:40.519] [modloading-worker-0/DEBUG] [com.tterrag.registrate.AbstractRegistrate/REGISTRATE.REGISTER]: Captured registration for entry stock_link of type minecraft:item
[23Mar2025 15:21:40.520] [modloading-worker-0/DEBUG] [com.tterrag.registrate.AbstractRegistrate/REGISTRATE.REGISTER]: Captured registration for entry stock_link of type minecraft:block
[23Mar2025 15:21:40.521] [modloading-worker-0/DEBUG] [com.tterrag.registrate.AbstractRegistrate/REGISTRATE.REGISTER]: Captured registration for entry stock_ticker of type minecraft:item
[23Mar2025 15:21:40.524] [modloading-worker-0/DEBUG] [com.tterrag.registrate.AbstractRegistrate/REGISTRATE.REGISTER]: Captured registration for entry stock_ticker of type minecraft:block
[23Mar2025 15:21:40.522] [modloading-worker-0/INFO] [quark-zeta/]: Constructing module Beacon Redirection...
[23Mar2025 15:21:40.527] [modloading-worker-0/INFO] [quark-zeta/]: Constructing module Better Elytra Rocket...
[23Mar2025 15:21:40.528] [modloading-worker-0/INFO] [quark-zeta/]: Constructing module Big Stone Clusters...
[23Mar2025 15:21:40.533] [modloading-worker-0/DEBUG] [com.tterrag.registrate.AbstractRegistrate/REGISTRATE.REGISTER]: Captured registration for entry redstone_requester of type minecraft:item
[23Mar2025 15:21:40.533] [modloading-worker-0/DEBUG] [com.tterrag.registrate.AbstractRegistrate/REGISTRATE.REGISTER]: Captured registration for entry redstone_requester of type minecraft:block
[23Mar2025 15:21:40.547] [modloading-worker-0/DEBUG] [mixin/]: Mixing self.SelfQuiverItemMixin from supplementaries.mixins.json into net.mehvahdjukaar.supplementaries.common.items.QuiverItem
[23Mar2025 15:21:40.549] [modloading-worker-0/DEBUG] [com.tterrag.registrate.AbstractRegistrate/REGISTRATE.REGISTER]: Captured registration for entry factory_gauge of type minecraft:item
[23Mar2025 15:21:40.549] [modloading-worker-0/DEBUG] [com.tterrag.registrate.AbstractRegistrate/REGISTRATE.REGISTER]: Captured registration for entry factory_gauge of type minecraft:block
[23Mar2025 15:21:40.556] [modloading-worker-0/INFO] [quark-zeta/]: Constructing module Blossom Trees...
[23Mar2025 15:21:40.562] [modloading-worker-0/DEBUG] [mixin/]: Mixing self.SelfLunchBoxItemMixin from supplementaries.mixins.json into net.mehvahdjukaar.supplementaries.common.items.LunchBoxItem
[23Mar2025 15:21:40.567] [modloading-worker-0/DEBUG] [com.tterrag.registrate.AbstractRegistrate/REGISTRATE.REGISTER]: Captured registration for entry white_table_cloth of type minecraft:item
[23Mar2025 15:21:40.567] [modloading-worker-0/DEBUG] [com.tterrag.registrate.AbstractRegistrate/REGISTRATE.REGISTER]: Captured registration for entry white_table_cloth of type minecraft:block
[23Mar2025 15:21:40.567] [modloading-worker-0/DEBUG] [com.tterrag.registrate.AbstractRegistrate/REGISTRATE.REGISTER]: Captured registration for entry orange_table_cloth of type minecraft:item
[23Mar2025 15:21:40.567] [modloading-worker-0/DEBUG] [com.tterrag.registrate.AbstractRegistrate/REGISTRATE.REGISTER]: Captured registration for entry orange_table_cloth of type minecraft:block
[23Mar2025 15:21:40.567] [modloading-worker-0/DEBUG] [com.tterrag.registrate.AbstractRegistrate/REGISTRATE.REGISTER]: Captured registration for entry magenta_table_cloth of type minecraft:item
[23Mar2025 15:21:40.568] [modloading-worker-0/DEBUG] [com.tterrag.registrate.AbstractRegistrate/REGISTRATE.REGISTER]: Captured registration for entry magenta_table_cloth of type minecraft:block
[23Mar2025 15:21:40.568] [modloading-worker-0/DEBUG] [com.tterrag.registrate.AbstractRegistrate/REGISTRATE.REGISTER]: Captured registration for entry light_blue_table_cloth of type minecraft:item
[23Mar2025 15:21:40.568] [modloading-worker-0/DEBUG] [com.tterrag.registrate.AbstractRegistrate/REGISTRATE.REGISTER]: Captured registration for entry light_blue_table_cloth of type minecraft:block
[23Mar2025 15:21:40.568] [modloading-worker-0/DEBUG] [com.tterrag.registrate.AbstractRegistrate/REGISTRATE.REGISTER]: Captured registration for entry yellow_table_cloth of type minecraft:item
[23Mar2025 15:21:40.568] [modloading-worker-0/DEBUG] [com.tterrag.registrate.AbstractRegistrate/REGISTRATE.REGISTER]: Captured registration for entry yellow_table_cloth of type minecraft:block
[23Mar2025 15:21:40.568] [modloading-worker-0/DEBUG] [com.tterrag.registrate.AbstractRegistrate/REGISTRATE.REGISTER]: Captured registration for entry lime_table_cloth of type minecraft:item
[23Mar2025 15:21:40.568] [modloading-worker-0/DEBUG] [com.tterrag.registrate.AbstractRegistrate/REGISTRATE.REGISTER]: Captured registration for entry lime_table_cloth of type minecraft:block
[23Mar2025 15:21:40.568] [modloading-worker-0/DEBUG] [com.tterrag.registrate.AbstractRegistrate/REGISTRATE.REGISTER]: Captured registration for entry pink_table_cloth of type minecraft:item
[23Mar2025 15:21:40.569] [modloading-worker-0/DEBUG] [com.tterrag.registrate.AbstractRegistrate/REGISTRATE.REGISTER]: Captured registration for entry pink_table_cloth of type minecraft:block
[23Mar2025 15:21:40.569] [modloading-worker-0/DEBUG] [com.tterrag.registrate.AbstractRegistrate/REGISTRATE.REGISTER]: Captured registration for entry gray_table_cloth of type minecraft:item
[23Mar2025 15:21:40.569] [modloading-worker-0/DEBUG] [com.tterrag.registrate.AbstractRegistrate/REGISTRATE.REGISTER]: Captured registration for entry gray_table_cloth of type minecraft:block
[23Mar2025 15:21:40.569] [modloading-worker-0/DEBUG] [com.tterrag.registrate.AbstractRegistrate/REGISTRATE.REGISTER]: Captured registration for entry light_gray_table_cloth of type minecraft:item
[23Mar2025 15:21:40.569] [modloading-worker-0/DEBUG] [com.tterrag.registrate.AbstractRegistrate/REGISTRATE.REGISTER]: Captured registration for entry light_gray_table_cloth of type minecraft:block
[23Mar2025 15:21:40.569] [modloading-worker-0/DEBUG] [com.tterrag.registrate.AbstractRegistrate/REGISTRATE.REGISTER]: Captured registration for entry cyan_table_cloth of type minecraft:item
[23Mar2025 15:21:40.569] [modloading-worker-0/DEBUG] [com.tterrag.registrate.AbstractRegistrate/REGISTRATE.REGISTER]: Captured registration for entry cyan_table_cloth of type minecraft:block
[23Mar2025 15:21:40.569] [modloading-worker-0/DEBUG] [com.tterrag.registrate.AbstractRegistrate/REGISTRATE.REGISTER]: Captured registration for entry purple_table_cloth of type minecraft:item
[23Mar2025 15:21:40.569] [modloading-worker-0/DEBUG] [com.tterrag.registrate.AbstractRegistrate/REGISTRATE.REGISTER]: Captured registration for entry purple_table_cloth of type minecraft:block
[23Mar2025 15:21:40.573] [modloading-worker-0/DEBUG] [com.tterrag.registrate.AbstractRegistrate/REGISTRATE.REGISTER]: Captured registration for entry blue_table_cloth of type minecraft:item
[23Mar2025 15:21:40.573] [modloading-worker-0/DEBUG] [com.tterrag.registrate.AbstractRegistrate/REGISTRATE.REGISTER]: Captured registration for entry blue_table_cloth of type minecraft:block
[23Mar2025 15:21:40.574] [modloading-worker-0/DEBUG] [com.tterrag.registrate.AbstractRegistrate/REGISTRATE.REGISTER]: Captured registration for entry brown_table_cloth of type minecraft:item
[23Mar2025 15:21:40.574] [modloading-worker-0/DEBUG] [com.tterrag.registrate.AbstractRegistrate/REGISTRATE.REGISTER]: Captured registration for entry brown_table_cloth of type minecraft:block
[23Mar2025 15:21:40.574] [modloading-worker-0/DEBUG] [com.tterrag.registrate.AbstractRegistrate/REGISTRATE.REGISTER]: Captured registration for entry green_table_cloth of type minecraft:item
[23Mar2025 15:21:40.574] [modloading-worker-0/DEBUG] [com.tterrag.registrate.AbstractRegistrate/REGISTRATE.REGISTER]: Captured registration for entry green_table_cloth of type minecraft:block
[23Mar2025 15:21:40.574] [modloading-worker-0/DEBUG] [com.tterrag.registrate.AbstractRegistrate/REGISTRATE.REGISTER]: Captured registration for entry red_table_cloth of type minecraft:item
[23Mar2025 15:21:40.574] [modloading-worker-0/DEBUG] [com.tterrag.registrate.AbstractRegistrate/REGISTRATE.REGISTER]: Captured registration for entry red_table_cloth of type minecraft:block
[23Mar2025 15:21:40.574] [modloading-worker-0/DEBUG] [com.tterrag.registrate.AbstractRegistrate/REGISTRATE.REGISTER]: Captured registration for entry black_table_cloth of type minecraft:item
[23Mar2025 15:21:40.574] [modloading-worker-0/DEBUG] [com.tterrag.registrate.AbstractRegistrate/REGISTRATE.REGISTER]: Captured registration for entry black_table_cloth of type minecraft:block
[23Mar2025 15:21:40.575] [modloading-worker-0/DEBUG] [com.tterrag.registrate.AbstractRegistrate/REGISTRATE.REGISTER]: Captured registration for entry andesite_table_cloth of type minecraft:item
[23Mar2025 15:21:40.573] [modloading-worker-0/INFO] [quark-zeta/]: Constructing module Bottled Cloud...
[23Mar2025 15:21:40.575] [modloading-worker-0/DEBUG] [com.tterrag.registrate.AbstractRegistrate/REGISTRATE.REGISTER]: Captured registration for entry andesite_table_cloth of type minecraft:block
[23Mar2025 15:21:40.576] [modloading-worker-0/DEBUG] [com.tterrag.registrate.AbstractRegistrate/REGISTRATE.REGISTER]: Captured registration for entry brass_table_cloth of type minecraft:item
[23Mar2025 15:21:40.576] [modloading-worker-0/DEBUG] [com.tterrag.registrate.AbstractRegistrate/REGISTRATE.REGISTER]: Captured registration for entry brass_table_cloth of type minecraft:block
[23Mar2025 15:21:40.577] [modloading-worker-0/DEBUG] [com.tterrag.registrate.AbstractRegistrate/REGISTRATE.REGISTER]: Captured registration for entry copper_table_cloth of type minecraft:item
[23Mar2025 15:21:40.577] [modloading-worker-0/DEBUG] [com.tterrag.registrate.AbstractRegistrate/REGISTRATE.REGISTER]: Captured registration for entry copper_table_cloth of type minecraft:block
[23Mar2025 15:21:40.581] [modloading-worker-0/INFO] [quark-zeta/]: Constructing module Buckets Show Inhabitants...
[23Mar2025 15:21:40.585] [modloading-worker-0/INFO] [quark-zeta/]: Constructing module Camera...
[23Mar2025 15:21:40.586] [modloading-worker-0/INFO] [quark-zeta/]: Constructing module Campfires Boost Elytra...
[23Mar2025 15:21:40.589] [modloading-worker-0/INFO] [quark-zeta/]: Constructing module Celebratory Lamps...
[23Mar2025 15:21:40.590] [modloading-worker-0/DEBUG] [com.tterrag.registrate.AbstractRegistrate/REGISTRATE.REGISTER]: Captured registration for entry display_link of type minecraft:item
[23Mar2025 15:21:40.590] [modloading-worker-0/DEBUG] [com.tterrag.registrate.AbstractRegistrate/REGISTRATE.REGISTER]: Captured registration for entry display_link of type minecraft:block
[23Mar2025 15:21:40.589] [modloading-worker-0/INFO] [quark-zeta/]: Constructing module Chains Connect Blocks...
[23Mar2025 15:21:40.596] [modloading-worker-0/INFO] [quark-zeta/]: Constructing module Chest Searching...
[23Mar2025 15:21:40.596] [modloading-worker-0/INFO] [quark-zeta/]: Constructing module Chorus Vegetation...
[23Mar2025 15:21:40.601] [modloading-worker-0/DEBUG] [com.tterrag.registrate.AbstractRegistrate/REGISTRATE.REGISTER]: Captured registration for entry display_board of type minecraft:item
[23Mar2025 15:21:40.601] [modloading-worker-0/DEBUG] [com.tterrag.registrate.AbstractRegistrate/REGISTRATE.REGISTER]: Captured registration for entry display_board of type minecraft:block
[23Mar2025 15:21:40.602] [modloading-worker-0/DEBUG] [mixin/]: Mixing self.SelfOpenableContainerMixin from supplementaries.mixins.json into net.mehvahdjukaar.supplementaries.common.block.tiles.OpeneableContainerBlockEntity
[23Mar2025 15:21:40.604] [modloading-worker-0/INFO] [quark-zeta/]: Constructing module Chute...
[23Mar2025 15:21:40.610] [modloading-worker-0/DEBUG] [net.minecraftforge.fml.javafmlmod.AutomaticEventSubscriber/LOADING]: Attempting to inject @EventBusSubscriber classes into the eventbus for cristellib
[23Mar2025 15:21:40.611] [modloading-worker-0/DEBUG] [com.tterrag.registrate.AbstractRegistrate/REGISTRATE.REGISTER]: Captured registration for entry nixie_tube of type minecraft:item
[23Mar2025 15:21:40.611] [modloading-worker-0/DEBUG] [com.tterrag.registrate.AbstractRegistrate/REGISTRATE.REGISTER]: Captured registration for entry nixie_tube of type minecraft:block
[23Mar2025 15:21:40.611] [modloading-worker-0/INFO] [quark-zeta/]: Constructing module Climate Control Remover...
[23Mar2025 15:21:40.611] [modloading-worker-0/INFO] [quark-zeta/]: Constructing module Color Runes...
[23Mar2025 15:21:40.615] [modloading-worker-0/DEBUG] [com.tterrag.registrate.AbstractRegistrate/REGISTRATE.REGISTER]: Captured registration for entry white_nixie_tube of type minecraft:block
[23Mar2025 15:21:40.615] [modloading-worker-0/DEBUG] [com.tterrag.registrate.AbstractRegistrate/REGISTRATE.REGISTER]: Captured registration for entry magenta_nixie_tube of type minecraft:block
[23Mar2025 15:21:40.617] [modloading-worker-0/DEBUG] [com.tterrag.registrate.AbstractRegistrate/REGISTRATE.REGISTER]: Captured registration for entry light_blue_nixie_tube of type minecraft:block
[23Mar2025 15:21:40.618] [modloading-worker-0/DEBUG] [com.tterrag.registrate.AbstractRegistrate/REGISTRATE.REGISTER]: Captured registration for entry yellow_nixie_tube of type minecraft:block
[23Mar2025 15:21:40.618] [modloading-worker-0/DEBUG] [com.tterrag.registrate.AbstractRegistrate/REGISTRATE.REGISTER]: Captured registration for entry lime_nixie_tube of type minecraft:block
[23Mar2025 15:21:40.618] [modloading-worker-0/DEBUG] [com.tterrag.registrate.AbstractRegistrate/REGISTRATE.REGISTER]: Captured registration for entry pink_nixie_tube of type minecraft:block
[23Mar2025 15:21:40.618] [modloading-worker-0/DEBUG] [com.tterrag.registrate.AbstractRegistrate/REGISTRATE.REGISTER]: Captured registration for entry gray_nixie_tube of type minecraft:block
[23Mar2025 15:21:40.618] [modloading-worker-0/DEBUG] [com.tterrag.registrate.AbstractRegistrate/REGISTRATE.REGISTER]: Captured registration for entry light_gray_nixie_tube of type minecraft:block
[23Mar2025 15:21:40.618] [modloading-worker-0/DEBUG] [com.tterrag.registrate.AbstractRegistrate/REGISTRATE.REGISTER]: Captured registration for entry cyan_nixie_tube of type minecraft:block
[23Mar2025 15:21:40.618] [modloading-worker-0/DEBUG] [com.tterrag.registrate.AbstractRegistrate/REGISTRATE.REGISTER]: Captured registration for entry purple_nixie_tube of type minecraft:block
[23Mar2025 15:21:40.618] [modloading-worker-0/DEBUG] [com.tterrag.registrate.AbstractRegistrate/REGISTRATE.REGISTER]: Captured registration for entry blue_nixie_tube of type minecraft:block
[23Mar2025 15:21:40.619] [modloading-worker-0/DEBUG] [com.tterrag.registrate.AbstractRegistrate/REGISTRATE.REGISTER]: Captured registration for entry brown_nixie_tube of type minecraft:block
[23Mar2025 15:21:40.619] [modloading-worker-0/DEBUG] [com.tterrag.registrate.AbstractRegistrate/REGISTRATE.REGISTER]: Captured registration for entry green_nixie_tube of type minecraft:block
[23Mar2025 15:21:40.619] [modloading-worker-0/DEBUG] [com.tterrag.registrate.AbstractRegistrate/REGISTRATE.REGISTER]: Captured registration for entry red_nixie_tube of type minecraft:block
[23Mar2025 15:21:40.619] [modloading-worker-0/DEBUG] [com.tterrag.registrate.AbstractRegistrate/REGISTRATE.REGISTER]: Captured registration for entry black_nixie_tube of type minecraft:block
[23Mar2025 15:21:40.622] [modloading-worker-0/INFO] [quark-zeta/]: Constructing module Compasses Work Everywhere...
[23Mar2025 15:21:40.623] [modloading-worker-0/INFO] [quark-zeta/]: Constructing module Compressed Blocks...
[23Mar2025 15:21:40.625] [modloading-worker-0/DEBUG] [com.tterrag.registrate.AbstractRegistrate/REGISTRATE.REGISTER]: Captured registration for entry rose_quartz_lamp of type minecraft:item
[23Mar2025 15:21:40.625] [modloading-worker-0/DEBUG] [com.tterrag.registrate.AbstractRegistrate/REGISTRATE.REGISTER]: Captured registration for entry rose_quartz_lamp of type minecraft:block
[23Mar2025 15:21:40.625] [modloading-worker-0/INFO] [quark-zeta/]: Constructing module Coral On Cactus...
[23Mar2025 15:21:40.627] [modloading-worker-0/INFO] [quark-zeta/]: Constructing module Corundum...
[23Mar2025 15:21:40.630] [modloading-worker-0/DEBUG] [mixin/]: Mixing self.SelfPlanterMixin from supplementaries.mixins.json into net.mehvahdjukaar.supplementaries.common.block.blocks.PlanterBlock
[23Mar2025 15:21:40.631] [modloading-worker-0/DEBUG] [com.tterrag.registrate.AbstractRegistrate/REGISTRATE.REGISTER]: Captured registration for entry redstone_link of type minecraft:item
[23Mar2025 15:21:40.631] [modloading-worker-0/DEBUG] [com.tterrag.registrate.AbstractRegistrate/REGISTRATE.REGISTER]: Captured registration for entry redstone_link of type minecraft:block
[23Mar2025 15:21:40.639] [modloading-worker-0/DEBUG] [com.tterrag.registrate.AbstractRegistrate/REGISTRATE.REGISTER]: Captured registration for entry analog_lever of type minecraft:item
[23Mar2025 15:21:40.639] [modloading-worker-0/DEBUG] [com.tterrag.registrate.AbstractRegistrate/REGISTRATE.REGISTER]: Captured registration for entry analog_lever of type minecraft:block
[23Mar2025 15:21:40.652] [modloading-worker-0/DEBUG] [com.tterrag.registrate.AbstractRegistrate/REGISTRATE.REGISTER]: Captured registration for entry placard of type minecraft:item
[23Mar2025 15:21:40.652] [modloading-worker-0/DEBUG] [com.tterrag.registrate.AbstractRegistrate/REGISTRATE.REGISTER]: Captured registration for entry placard of type minecraft:block
[23Mar2025 15:21:40.661] [modloading-worker-0/DEBUG] [com.tterrag.registrate.AbstractRegistrate/REGISTRATE.REGISTER]: Captured registration for entry pulse_repeater of type minecraft:item
[23Mar2025 15:21:40.662] [modloading-worker-0/DEBUG] [com.tterrag.registrate.AbstractRegistrate/REGISTRATE.REGISTER]: Captured registration for entry pulse_repeater of type minecraft:block
[23Mar2025 15:21:40.662] [modloading-worker-0/DEBUG] [com.tterrag.registrate.AbstractRegistrate/REGISTRATE.REGISTER]: Captured registration for entry pulse_extender of type minecraft:item
[23Mar2025 15:21:40.663] [modloading-worker-0/DEBUG] [com.tterrag.registrate.AbstractRegistrate/REGISTRATE.REGISTER]: Captured registration for entry pulse_extender of type minecraft:block
[23Mar2025 15:21:40.663] [modloading-worker-0/DEBUG] [com.tterrag.registrate.AbstractRegistrate/REGISTRATE.REGISTER]: Captured registration for entry pulse_timer of type minecraft:item
[23Mar2025 15:21:40.664] [modloading-worker-0/DEBUG] [com.tterrag.registrate.AbstractRegistrate/REGISTRATE.REGISTER]: Captured registration for entry pulse_timer of type minecraft:block
[23Mar2025 15:21:40.665] [modloading-worker-0/INFO] [quark-zeta/]: Constructing module Crabs...
[23Mar2025 15:21:40.669] [modloading-worker-0/DEBUG] [com.tterrag.registrate.AbstractRegistrate/REGISTRATE.REGISTER]: Captured registration for entry powered_latch of type minecraft:item
[23Mar2025 15:21:40.669] [modloading-worker-0/DEBUG] [com.tterrag.registrate.AbstractRegistrate/REGISTRATE.REGISTER]: Captured registration for entry powered_latch of type minecraft:block
[23Mar2025 15:21:40.667] [modloading-worker-0/ERROR] [zeta/]: Client event interface org.violetmoon.zeta.client.event.load.ZClientSetup was found in a non client only class!
[23Mar2025 15:21:40.670] [modloading-worker-0/INFO] [quark-zeta/]: Constructing module Crafter...
[23Mar2025 15:21:40.671] [modloading-worker-0/DEBUG] [com.tterrag.registrate.AbstractRegistrate/REGISTRATE.REGISTER]: Captured registration for entry powered_toggle_latch of type minecraft:item
[23Mar2025 15:21:40.673] [modloading-worker-0/DEBUG] [com.tterrag.registrate.AbstractRegistrate/REGISTRATE.REGISTER]: Captured registration for entry powered_toggle_latch of type minecraft:block
[23Mar2025 15:21:40.674] [modloading-worker-0/DEBUG] [com.tterrag.registrate.AbstractRegistrate/REGISTRATE.REGISTER]: Captured registration for entry lectern_controller of type minecraft:block
[23Mar2025 15:21:40.674] [modloading-worker-0/ERROR] [zeta/]: Client event interface org.violetmoon.zeta.client.event.load.ZClientSetup was found in a non client only class!
[23Mar2025 15:21:40.674] [modloading-worker-0/INFO] [quark-zeta/]: Constructing module Crate...
[23Mar2025 15:21:40.675] [modloading-worker-0/INFO] [quark-zeta/]: Constructing module Diamond Repair...
[23Mar2025 15:21:40.680] [modloading-worker-0/DEBUG] [com.tterrag.registrate.AbstractRegistrate/REGISTRATE.REGISTER]: Captured registration for entry wheat_flour of type minecraft:item
[23Mar2025 15:21:40.680] [modloading-worker-0/DEBUG] [com.tterrag.registrate.AbstractRegistrate/REGISTRATE.REGISTER]: Captured registration for entry dough of type minecraft:item
[23Mar2025 15:21:40.679] [modloading-worker-0/INFO] [quark-zeta/]: Constructing module Dispensers Place Blocks...
[23Mar2025 15:21:40.681] [modloading-worker-0/INFO] [quark-zeta/]: Constructing module Double Door Opening...
[23Mar2025 15:21:40.681] [modloading-worker-0/INFO] [quark-zeta/]: Constructing module Dragon Scales...
[23Mar2025 15:21:40.682] [modloading-worker-0/DEBUG] [com.tterrag.registrate.AbstractRegistrate/REGISTRATE.REGISTER]: Captured registration for entry cinder_flour of type minecraft:item
[23Mar2025 15:21:40.682] [modloading-worker-0/DEBUG] [com.tterrag.registrate.AbstractRegistrate/REGISTRATE.REGISTER]: Captured registration for entry rose_quartz of type minecraft:item
[23Mar2025 15:21:40.683] [modloading-worker-0/DEBUG] [com.tterrag.registrate.AbstractRegistrate/REGISTRATE.REGISTER]: Captured registration for entry polished_rose_quartz of type minecraft:item
[23Mar2025 15:21:40.683] [modloading-worker-0/DEBUG] [com.tterrag.registrate.AbstractRegistrate/REGISTRATE.REGISTER]: Captured registration for entry powdered_obsidian of type minecraft:item
[23Mar2025 15:21:40.683] [modloading-worker-0/DEBUG] [com.tterrag.registrate.AbstractRegistrate/REGISTRATE.REGISTER]: Captured registration for entry sturdy_sheet of type minecraft:item
[23Mar2025 15:21:40.683] [modloading-worker-0/DEBUG] [com.tterrag.registrate.AbstractRegistrate/REGISTRATE.REGISTER]: Captured registration for entry propeller of type minecraft:item
[23Mar2025 15:21:40.683] [modloading-worker-0/DEBUG] [com.tterrag.registrate.AbstractRegistrate/REGISTRATE.REGISTER]: Captured registration for entry whisk of type minecraft:item
[23Mar2025 15:21:40.682] [modloading-worker-0/INFO] [quark-zeta/]: Constructing module Duskbound Blocks...
[23Mar2025 15:21:40.683] [modloading-worker-0/DEBUG] [com.tterrag.registrate.AbstractRegistrate/REGISTRATE.REGISTER]: Captured registration for entry brass_hand of type minecraft:item
[23Mar2025 15:21:40.684] [modloading-worker-0/INFO] [quark-zeta/]: Constructing module Dyeable Item Frames...
[23Mar2025 15:21:40.684] [modloading-worker-0/DEBUG] [com.tterrag.registrate.AbstractRegistrate/REGISTRATE.REGISTER]: Captured registration for entry crafter_slot_cover of type minecraft:item
[23Mar2025 15:21:40.686] [modloading-worker-0/DEBUG] [com.tterrag.registrate.AbstractRegistrate/REGISTRATE.REGISTER]: Captured registration for entry electron_tube of type minecraft:item
[23Mar2025 15:21:40.687] [modloading-worker-0/DEBUG] [com.tterrag.registrate.AbstractRegistrate/REGISTRATE.REGISTER]: Captured registration for entry transmitter of type minecraft:item
[23Mar2025 15:21:40.687] [modloading-worker-0/DEBUG] [com.tterrag.registrate.AbstractRegistrate/REGISTRATE.REGISTER]: Captured registration for entry pulp of type minecraft:item
[23Mar2025 15:21:40.688] [modloading-worker-0/DEBUG] [com.tterrag.registrate.AbstractRegistrate/REGISTRATE.REGISTER]: Captured registration for entry cardboard of type minecraft:item
[23Mar2025 15:21:40.686] [modloading-worker-0/INFO] [quark-zeta/]: Constructing module Easy Transfering...
[23Mar2025 15:21:40.688] [modloading-worker-0/INFO] [quark-zeta/]: Constructing module Elytra Indicator...
[23Mar2025 15:21:40.689] [modloading-worker-0/INFO] [quark-zeta/]: Constructing module Emotes...
[23Mar2025 15:21:40.689] [modloading-worker-0/DEBUG] [com.tterrag.registrate.AbstractRegistrate/REGISTRATE.REGISTER]: Captured registration for entry incomplete_precision_mechanism of type minecraft:item
[23Mar2025 15:21:40.689] [modloading-worker-0/DEBUG] [com.tterrag.registrate.AbstractRegistrate/REGISTRATE.REGISTER]: Captured registration for entry unprocessed_obsidian_sheet of type minecraft:item
[23Mar2025 15:21:40.690] [modloading-worker-0/DEBUG] [com.tterrag.registrate.AbstractRegistrate/REGISTRATE.REGISTER]: Captured registration for entry incomplete_track of type minecraft:item
[23Mar2025 15:21:40.690] [modloading-worker-0/DEBUG] [com.tterrag.registrate.AbstractRegistrate/REGISTRATE.REGISTER]: Captured registration for entry precision_mechanism of type minecraft:item
[23Mar2025 15:21:40.691] [modloading-worker-0/INFO] [quark-zeta/]: Constructing module Enchantment Predicates...
[23Mar2025 15:21:40.691] [modloading-worker-0/INFO] [quark-zeta/]: Constructing module Enchantments Begone...
[23Mar2025 15:21:40.692] [modloading-worker-0/INFO] [quark-zeta/]: Constructing module Ender Watcher...
[23Mar2025 15:21:40.693] [modloading-worker-0/DEBUG] [com.tterrag.registrate.AbstractRegistrate/REGISTRATE.REGISTER]: Captured registration for entry blaze_cake_base of type minecraft:item
[23Mar2025 15:21:40.693] [modloading-worker-0/DEBUG] [com.tterrag.registrate.AbstractRegistrate/REGISTRATE.REGISTER]: Captured registration for entry blaze_cake of type minecraft:item
[23Mar2025 15:21:40.696] [modloading-worker-0/INFO] [quark-zeta/]: Constructing module Endermosh Music Disc...
[23Mar2025 15:21:40.697] [modloading-worker-0/DEBUG] [com.tterrag.registrate.AbstractRegistrate/REGISTRATE.REGISTER]: Captured registration for entry creative_blaze_cake of type minecraft:item
[23Mar2025 15:21:40.697] [modloading-worker-0/DEBUG] [com.tterrag.registrate.AbstractRegistrate/REGISTRATE.REGISTER]: Captured registration for entry bar_of_chocolate of type minecraft:item
[23Mar2025 15:21:40.698] [modloading-worker-0/DEBUG] [com.tterrag.registrate.AbstractRegistrate/REGISTRATE.REGISTER]: Captured registration for entry sweet_roll of type minecraft:item
[23Mar2025 15:21:40.698] [modloading-worker-0/INFO] [quark-zeta/]: Constructing module Enhanced Ladders...
[23Mar2025 15:21:40.698] [modloading-worker-0/DEBUG] [com.tterrag.registrate.AbstractRegistrate/REGISTRATE.REGISTER]: Captured registration for entry chocolate_glazed_berries of type minecraft:item
[23Mar2025 15:21:40.698] [modloading-worker-0/INFO] [quark-zeta/]: Constructing module Expanded Item Interactions...
[23Mar2025 15:21:40.699] [modloading-worker-0/DEBUG] [com.tterrag.registrate.AbstractRegistrate/REGISTRATE.REGISTER]: Captured registration for entry honeyed_apple of type minecraft:item
[23Mar2025 15:21:40.699] [modloading-worker-0/ERROR] [zeta/]: Client event interface org.violetmoon.zeta.client.event.load.ZClientSetup was found in a non client only class!
[23Mar2025 15:21:40.702] [modloading-worker-0/DEBUG] [com.tterrag.registrate.AbstractRegistrate/REGISTRATE.REGISTER]: Captured registration for entry builders_tea of type minecraft:item
[23Mar2025 15:21:40.702] [modloading-worker-0/INFO] [quark-zeta/]: Constructing module Fairy Rings...
[23Mar2025 15:21:40.703] [modloading-worker-0/INFO] [quark-zeta/]: Constructing module Fallen Logs...
[23Mar2025 15:21:40.706] [modloading-worker-0/DEBUG] [com.tterrag.registrate.AbstractRegistrate/REGISTRATE.REGISTER]: Captured registration for entry cardboard_sword of type minecraft:item
[23Mar2025 15:21:40.706] [modloading-worker-0/DEBUG] [com.tterrag.registrate.AbstractRegistrate/REGISTRATE.REGISTER]: Captured registration for entry raw_zinc of type minecraft:item
[23Mar2025 15:21:40.706] [modloading-worker-0/DEBUG] [com.tterrag.registrate.AbstractRegistrate/REGISTRATE.REGISTER]: Captured registration for entry andesite_alloy of type minecraft:item
[23Mar2025 15:21:40.706] [modloading-worker-0/DEBUG] [com.tterrag.registrate.AbstractRegistrate/REGISTRATE.REGISTER]: Captured registration for entry zinc_ingot of type minecraft:item
[23Mar2025 15:21:40.706] [modloading-worker-0/DEBUG] [com.tterrag.registrate.AbstractRegistrate/REGISTRATE.REGISTER]: Captured registration for entry brass_ingot of type minecraft:item
[23Mar2025 15:21:40.707] [modloading-worker-0/INFO] [quark-zeta/]: Constructing module Feeding Trough...
[23Mar2025 15:21:40.708] [modloading-worker-0/DEBUG] [mixin/]: Mixing self.SelfFrameMixin from supplementaries.mixins.json into net.mehvahdjukaar.supplementaries.common.block.blocks.FrameBlock
[23Mar2025 15:21:40.713] [modloading-worker-0/DEBUG] [com.tterrag.registrate.AbstractRegistrate/REGISTRATE.REGISTER]: Captured registration for entry chromatic_compound of type minecraft:item
[23Mar2025 15:21:40.714] [modloading-worker-0/ERROR] [zeta/]: Client event interface org.violetmoon.zeta.client.event.load.ZClientSetup was found in a non client only class!
[23Mar2025 15:21:40.715] [modloading-worker-0/INFO] [quark-zeta/]: Constructing module Forgotten...
[23Mar2025 15:21:40.716] [modloading-worker-0/DEBUG] [com.tterrag.registrate.AbstractRegistrate/REGISTRATE.REGISTER]: Captured registration for entry shadow_steel of type minecraft:item
[23Mar2025 15:21:40.717] [modloading-worker-0/DEBUG] [mixin/]: Mixing self.IZetaItemMixin_FAKE from zeta_forge.mixins.json into org.violetmoon.zeta.item.ZetaArmorItem
[23Mar2025 15:21:40.717] [modloading-worker-0/DEBUG] [com.tterrag.registrate.AbstractRegistrate/REGISTRATE.REGISTER]: Captured registration for entry refined_radiance of type minecraft:item
[23Mar2025 15:21:40.718] [modloading-worker-0/DEBUG] [com.tterrag.registrate.AbstractRegistrate/REGISTRATE.REGISTER]: Captured registration for entry copper_nugget of type minecraft:item
[23Mar2025 15:21:40.718] [modloading-worker-0/DEBUG] [com.tterrag.registrate.AbstractRegistrate/REGISTRATE.REGISTER]: Captured registration for entry zinc_nugget of type minecraft:item
[23Mar2025 15:21:40.718] [modloading-worker-0/DEBUG] [com.tterrag.registrate.AbstractRegistrate/REGISTRATE.REGISTER]: Captured registration for entry brass_nugget of type minecraft:item
[23Mar2025 15:21:40.724] [modloading-worker-0/INFO] [quark-zeta/]: Constructing module Foxhound...
[23Mar2025 15:21:40.726] [modloading-worker-0/INFO] [quark-zeta/]: Constructing module Framed Glass...
[23Mar2025 15:21:40.731] [modloading-worker-0/DEBUG] [com.tterrag.registrate.AbstractRegistrate/REGISTRATE.REGISTER]: Captured registration for entry experience_nugget of type minecraft:item
[23Mar2025 15:21:40.731] [modloading-worker-0/DEBUG] [com.tterrag.registrate.AbstractRegistrate/REGISTRATE.REGISTER]: Captured registration for entry copper_sheet of type minecraft:item
[23Mar2025 15:21:40.731] [modloading-worker-0/DEBUG] [com.tterrag.registrate.AbstractRegistrate/REGISTRATE.REGISTER]: Captured registration for entry brass_sheet of type minecraft:item
[23Mar2025 15:21:40.731] [modloading-worker-0/DEBUG] [com.tterrag.registrate.AbstractRegistrate/REGISTRATE.REGISTER]: Captured registration for entry iron_sheet of type minecraft:item
[23Mar2025 15:21:40.731] [modloading-worker-0/DEBUG] [com.tterrag.registrate.AbstractRegistrate/REGISTRATE.REGISTER]: Captured registration for entry golden_sheet of type minecraft:item
[23Mar2025 15:21:40.731] [modloading-worker-0/DEBUG] [com.tterrag.registrate.AbstractRegistrate/REGISTRATE.REGISTER]: Captured registration for entry crushed_raw_iron of type minecraft:item
[23Mar2025 15:21:40.732] [modloading-worker-0/DEBUG] [com.tterrag.registrate.AbstractRegistrate/REGISTRATE.REGISTER]: Captured registration for entry crushed_raw_gold of type minecraft:item
[23Mar2025 15:21:40.732] [modloading-worker-0/DEBUG] [com.tterrag.registrate.AbstractRegistrate/REGISTRATE.REGISTER]: Captured registration for entry crushed_raw_copper of type minecraft:item
[23Mar2025 15:21:40.732] [modloading-worker-0/DEBUG] [com.tterrag.registrate.AbstractRegistrate/REGISTRATE.REGISTER]: Captured registration for entry crushed_raw_zinc of type minecraft:item
[23Mar2025 15:21:40.733] [modloading-worker-0/INFO] [quark-zeta/]: Constructing module Game Nerfs...
[23Mar2025 15:21:40.734] [modloading-worker-0/INFO] [quark-zeta/]: Constructing module Glass Item Frame...
[23Mar2025 15:21:40.739] [modloading-worker-0/ERROR] [zeta/]: Client event interface org.violetmoon.zeta.client.event.load.ZClientSetup was found in a non client only class!
[23Mar2025 15:21:40.739] [modloading-worker-0/INFO] [quark-zeta/]: Constructing module Glass Shard...
[23Mar2025 15:21:40.740] [modloading-worker-0/INFO] [quark-zeta/]: Constructing module Glimmering Weald...
[23Mar2025 15:21:40.740] [modloading-worker-0/DEBUG] [mixin/]: Mixing self.IZetaBlockMixin_FAKE from quark.mixins.json into org.violetmoon.quark.content.world.block.HugeGlowShroomBlock
[23Mar2025 15:21:40.749] [modloading-worker-0/DEBUG] [com.tterrag.registrate.AbstractRegistrate/REGISTRATE.REGISTER]: Captured registration for entry crushed_raw_osmium of type minecraft:item
[23Mar2025 15:21:40.752] [modloading-worker-0/DEBUG] [com.tterrag.registrate.AbstractRegistrate/REGISTRATE.REGISTER]: Captured registration for entry crushed_raw_platinum of type minecraft:item
[23Mar2025 15:21:40.752] [modloading-worker-0/DEBUG] [com.tterrag.registrate.AbstractRegistrate/REGISTRATE.REGISTER]: Captured registration for entry crushed_raw_silver of type minecraft:item
[23Mar2025 15:21:40.752] [modloading-worker-0/DEBUG] [com.tterrag.registrate.AbstractRegistrate/REGISTRATE.REGISTER]: Captured registration for entry crushed_raw_tin of type minecraft:item
[23Mar2025 15:21:40.752] [modloading-worker-0/DEBUG] [com.tterrag.registrate.AbstractRegistrate/REGISTRATE.REGISTER]: Captured registration for entry crushed_raw_lead of type minecraft:item
[23Mar2025 15:21:40.753] [modloading-worker-0/DEBUG] [com.tterrag.registrate.AbstractRegistrate/REGISTRATE.REGISTER]: Captured registration for entry crushed_raw_quicksilver of type minecraft:item
[23Mar2025 15:21:40.753] [modloading-worker-0/DEBUG] [com.tterrag.registrate.AbstractRegistrate/REGISTRATE.REGISTER]: Captured registration for entry crushed_raw_aluminum of type minecraft:item
[23Mar2025 15:21:40.753] [modloading-worker-0/DEBUG] [com.tterrag.registrate.AbstractRegistrate/REGISTRATE.REGISTER]: Captured registration for entry crushed_raw_uranium of type minecraft:item
[23Mar2025 15:21:40.753] [modloading-worker-0/DEBUG] [com.tterrag.registrate.AbstractRegistrate/REGISTRATE.REGISTER]: Captured registration for entry crushed_raw_nickel of type minecraft:item
[23Mar2025 15:21:40.752] [modloading-worker-0/DEBUG] [mixin/]: Mixing self.IZetaBlockMixin_FAKE from zeta_forge.mixins.json into org.violetmoon.zeta.block.ZetaBushBlock
[23Mar2025 15:21:40.758] [modloading-worker-0/DEBUG] [com.tterrag.registrate.AbstractRegistrate/REGISTRATE.REGISTER]: Captured registration for entry belt_connector of type minecraft:item
[23Mar2025 15:21:40.760] [modloading-worker-0/DEBUG] [com.tterrag.registrate.AbstractRegistrate/REGISTRATE.REGISTER]: Captured registration for entry vertical_gearbox of type minecraft:item
[23Mar2025 15:21:40.762] [modloading-worker-0/DEBUG] [com.tterrag.registrate.AbstractRegistrate/REGISTRATE.REGISTER]: Captured registration for entry empty_blaze_burner of type minecraft:item
[23Mar2025 15:21:40.763] [modloading-worker-0/DEBUG] [com.tterrag.registrate.AbstractRegistrate/REGISTRATE.REGISTER]: Captured registration for entry goggles of type minecraft:item
[23Mar2025 15:21:40.763] [modloading-worker-0/INFO] [quark-zeta/]: Constructing module Gold Bars...
[23Mar2025 15:21:40.764] [modloading-worker-0/INFO] [quark-zeta/]: Constructing module Gold Tools Have Fortune...
[23Mar2025 15:21:40.770] [modloading-worker-0/DEBUG] [com.tterrag.registrate.AbstractRegistrate/REGISTRATE.REGISTER]: Captured registration for entry super_glue of type minecraft:item
[23Mar2025 15:21:40.772] [modloading-worker-0/INFO] [quark-zeta/]: Constructing module Grab Chickens...
[23Mar2025 15:21:40.773] [modloading-worker-0/DEBUG] [com.tterrag.registrate.AbstractRegistrate/REGISTRATE.REGISTER]: Captured registration for entry minecart_coupling of type minecraft:item
[23Mar2025 15:21:40.772] [modloading-worker-0/INFO] [quark-zeta/]: Constructing module Grate...
[23Mar2025 15:21:40.779] [modloading-worker-0/INFO] [quark-zeta/]: Constructing module Gravisand...
[23Mar2025 15:21:40.780] [modloading-worker-0/INFO] [quark-zeta/]: Constructing module Greener Grass...
[23Mar2025 15:21:40.786] [modloading-worker-0/DEBUG] [com.tterrag.registrate.AbstractRegistrate/REGISTRATE.REGISTER]: Captured registration for entry crafting_blueprint of type minecraft:item
[23Mar2025 15:21:40.786] [modloading-worker-0/DEBUG] [com.tterrag.registrate.AbstractRegistrate/REGISTRATE.REGISTER]: Captured registration for entry copper_backtank_placeable of type minecraft:item
[23Mar2025 15:21:40.788] [modloading-worker-0/DEBUG] [com.tterrag.registrate.AbstractRegistrate/REGISTRATE.REGISTER]: Captured registration for entry netherite_backtank_placeable of type minecraft:item
[23Mar2025 15:21:40.782] [modloading-worker-0/INFO] [quark-zeta/]: Constructing module Hedges...
[23Mar2025 15:21:40.791] [modloading-worker-0/DEBUG] [com.tterrag.registrate.AbstractRegistrate/REGISTRATE.REGISTER]: Captured registration for entry copper_backtank of type minecraft:item
[23Mar2025 15:21:40.791] [modloading-worker-0/INFO] [quark-zeta/]: Constructing module Hoe Harvesting...
[23Mar2025 15:21:40.792] [modloading-worker-0/INFO] [quark-zeta/]: Constructing module Hollow Logs...
[23Mar2025 15:21:40.793] [modloading-worker-0/INFO] [quark-zeta/]: Constructing module Horses Swim...
[23Mar2025 15:21:40.794] [modloading-worker-0/INFO] [quark-zeta/]: Constructing module Hotbar Changer...
[23Mar2025 15:21:40.799] [modloading-worker-0/DEBUG] [com.tterrag.registrate.AbstractRegistrate/REGISTRATE.REGISTER]: Captured registration for entry netherite_backtank of type minecraft:item
[23Mar2025 15:21:40.798] [modloading-worker-0/INFO] [quark-zeta/]: Constructing module Improved Sponges...
[23Mar2025 15:21:40.803] [modloading-worker-0/INFO] [quark-zeta/]: Constructing module Improved Tooltips...
[23Mar2025 15:21:40.803] [modloading-worker-0/INFO] [quark-zeta/]: Constructing module Industrial Palette...
[23Mar2025 15:21:40.804] [modloading-worker-0/DEBUG] [com.tterrag.registrate.AbstractRegistrate/REGISTRATE.REGISTER]: Captured registration for entry copper_diving_helmet of type minecraft:item
[23Mar2025 15:21:40.794] [modloading-worker-0/ERROR] [net.minecraftforge.fml.javafmlmod.FMLModContainer/LOADING]: Failed to create mod instance. ModID: supplementaries, class net.mehvahdjukaar.supplementaries.forge.SupplementariesForge
java.lang.ArrayIndexOutOfBoundsException: Index 256 out of bounds for length 129
	at it.unimi.dsi.fastutil.objects.Object2ObjectOpenHashMap.rehash(Object2ObjectOpenHashMap.java:1275) ~[fastutil-8.5.9.jar%2390!/:?]
	at it.unimi.dsi.fastutil.objects.Object2ObjectOpenHashMap.insert(Object2ObjectOpenHashMap.java:245) ~[fastutil-8.5.9.jar%2390!/:?]
	at it.unimi.dsi.fastutil.objects.Object2ObjectOpenHashMap.put(Object2ObjectOpenHashMap.java:253) ~[fastutil-8.5.9.jar%2390!/:?]
	at org.violetmoon.zetaimplforge.event.ForgeZetaEventBus.subscribeMethod(ForgeZetaEventBus.java:87) ~[Zeta-1.0-24.jar%23281!/:1.0-24]
	at org.violetmoon.zeta.event.bus.ZetaEventBus.lambda$subscribe$0(ZetaEventBus.java:60) ~[Zeta-1.0-24.jar%23281!/:1.0-24]
	at java.util.stream.ForEachOps$ForEachOp$OfRef.accept(ForEachOps.java:183) ~[?:?]
	at java.util.stream.ReferencePipeline$2$1.accept(ReferencePipeline.java:179) ~[?:?]
	at java.util.Spliterators$ArraySpliterator.forEachRemaining(Spliterators.java:992) ~[?:?]
	at java.util.stream.AbstractPipeline.copyInto(AbstractPipeline.java:509) ~[?:?]
	at java.util.stream.AbstractPipeline.wrapAndCopyInto(AbstractPipeline.java:499) ~[?:?]
	at java.util.stream.ForEachOps$ForEachOp.evaluateSequential(ForEachOps.java:150) ~[?:?]
	at java.util.stream.ForEachOps$ForEachOp$OfRef.evaluateSequential(ForEachOps.java:173) ~[?:?]
	at java.util.stream.AbstractPipeline.evaluate(AbstractPipeline.java:234) ~[?:?]
	at java.util.stream.ReferencePipeline.forEach(ReferencePipeline.java:596) ~[?:?]
	at org.violetmoon.zeta.event.bus.ZetaEventBus.subscribe(ZetaEventBus.java:60) ~[Zeta-1.0-24.jar%23281!/:1.0-24]
	at net.mehvahdjukaar.supplementaries.integration.QuarkCompat.init(QuarkCompat.java:84) ~[supplementaries-1.20-3.1.20.jar%23260!/:?]
	at net.mehvahdjukaar.supplementaries.integration.CompatHandler.initOptionalRegistries(CompatHandler.java:123) ~[supplementaries-1.20-3.1.20.jar%23260!/:?]
	at net.mehvahdjukaar.supplementaries.reg.ModRegistry.init(ModRegistry.java:52) ~[supplementaries-1.20-3.1.20.jar%23260!/:?]
	at net.mehvahdjukaar.supplementaries.Supplementaries.commonInit(Supplementaries.java:98) ~[supplementaries-1.20-3.1.20.jar%23260!/:?]
	at net.mehvahdjukaar.supplementaries.forge.SupplementariesForge.<init>(SupplementariesForge.java:39) ~[supplementaries-1.20-3.1.20.jar%23260!/:?]
	at jdk.internal.reflect.NativeConstructorAccessorImpl.newInstance0(Native Method) ~[?:?]
	at jdk.internal.reflect.NativeConstructorAccessorImpl.newInstance(NativeConstructorAccessorImpl.java:77) ~[?:?]
	at jdk.internal.reflect.DelegatingConstructorAccessorImpl.newInstance(DelegatingConstructorAccessorImpl.java:45) ~[?:?]
	at java.lang.reflect.Constructor.newInstanceWithCaller(Constructor.java:500) ~[?:?]
	at java.lang.reflect.Constructor.newInstance(Constructor.java:481) ~[?:?]
	at net.minecraftforge.fml.javafmlmod.FMLModContainer.constructMod(FMLModContainer.java:70) ~[javafmllanguage-1.20.1-47.3.7.jar%23285!/:?]
	at net.minecraftforge.fml.ModContainer.lambda$buildTransitionHandler$4(ModContainer.java:124) ~[fmlcore-1.20.1-47.3.7.jar%23284!/:?]
	at java.util.concurrent.CompletableFuture$AsyncRun.run(CompletableFuture.java:1804) ~[?:?]
	at java.util.concurrent.CompletableFuture$AsyncRun.exec(CompletableFuture.java:1796) ~[?:?]
	at java.util.concurrent.ForkJoinTask.doExec(ForkJoinTask.java:373) ~[?:?]
	at java.util.concurrent.ForkJoinPool$WorkQueue.topLevelExec(ForkJoinPool.java:1182) ~[?:?]
	at java.util.concurrent.ForkJoinPool.scan(ForkJoinPool.java:1655) ~[?:?]
	at java.util.concurrent.ForkJoinPool.runWorker(ForkJoinPool.java:1622) ~[?:?]
	at java.util.concurrent.ForkJoinWorkerThread.run(ForkJoinWorkerThread.java:165) ~[?:?]
[23Mar2025 15:21:40.805] [modloading-worker-0/DEBUG] [com.tterrag.registrate.AbstractRegistrate/REGISTRATE.REGISTER]: Captured registration for entry netherite_diving_helmet of type minecraft:item
[23Mar2025 15:21:40.807] [modloading-worker-0/INFO] [quark-zeta/]: Constructing module Inventory Sorting...
[23Mar2025 15:21:40.808] [modloading-worker-0/INFO] [quark-zeta/]: Constructing module Iron Rod...
[23Mar2025 15:21:40.811] [modloading-worker-0/DEBUG] [mixin/]: Mixing self.IZetaBlockMixin_FAKE from quark.mixins.json into org.violetmoon.quark.content.automation.block.IronRodBlock
[23Mar2025 15:21:40.813] [modloading-worker-0/DEBUG] [com.tterrag.registrate.AbstractRegistrate/REGISTRATE.REGISTER]: Captured registration for entry copper_diving_boots of type minecraft:item
[23Mar2025 15:21:40.815] [modloading-worker-0/DEBUG] [com.tterrag.registrate.AbstractRegistrate/REGISTRATE.REGISTER]: Captured registration for entry netherite_diving_boots of type minecraft:item
[23Mar2025 15:21:40.823] [modloading-worker-0/DEBUG] [com.tterrag.registrate.AbstractRegistrate/REGISTRATE.REGISTER]: Captured registration for entry cardboard_helmet of type minecraft:item
[23Mar2025 15:21:40.827] [modloading-worker-0/INFO] [quark-zeta/]: Constructing module Item Sharing...
[23Mar2025 15:21:40.828] [modloading-worker-0/DEBUG] [com.tterrag.registrate.AbstractRegistrate/REGISTRATE.REGISTER]: Captured registration for entry cardboard_chestplate of type minecraft:item
[23Mar2025 15:21:40.828] [modloading-worker-0/DEBUG] [com.tterrag.registrate.AbstractRegistrate/REGISTRATE.REGISTER]: Captured registration for entry cardboard_leggings of type minecraft:item
[23Mar2025 15:21:40.829] [modloading-worker-0/DEBUG] [com.tterrag.registrate.AbstractRegistrate/REGISTRATE.REGISTER]: Captured registration for entry cardboard_boots of type minecraft:item
[23Mar2025 15:21:40.830] [modloading-worker-0/INFO] [quark-zeta/]: Constructing module Japanese Palette...
[23Mar2025 15:21:40.831] [modloading-worker-0/INFO] [quark-zeta/]: Constructing module Leaf Carpet...
[23Mar2025 15:21:40.833] [modloading-worker-0/INFO] [quark-zeta/]: Constructing module Lock Rotation...
[23Mar2025 15:21:40.836] [modloading-worker-0/INFO] [quark-zeta/]: Constructing module Long Range Pick Block...
[23Mar2025 15:21:40.837] [modloading-worker-0/INFO] [quark-zeta/]: Constructing module Magma Keeps Concrete Powder...
[23Mar2025 15:21:40.838] [modloading-worker-0/DEBUG] [com.tterrag.registrate.AbstractRegistrate/REGISTRATE.REGISTER]: Captured registration for entry sand_paper of type minecraft:item
[23Mar2025 15:21:40.839] [modloading-worker-0/INFO] [quark-zeta/]: Constructing module Magnets...
[23Mar2025 15:21:40.840] [modloading-worker-0/DEBUG] [com.tterrag.registrate.AbstractRegistrate/REGISTRATE.REGISTER]: Captured registration for entry red_sand_paper of type minecraft:item
[23Mar2025 15:21:40.845] [modloading-worker-0/DEBUG] [com.tterrag.registrate.AbstractRegistrate/REGISTRATE.REGISTER]: Captured registration for entry wrench of type minecraft:item
[23Mar2025 15:21:40.845] [modloading-worker-0/ERROR] [zeta/]: Client event interface org.violetmoon.zeta.client.event.load.ZClientSetup was found in a non client only class!
[23Mar2025 15:21:40.849] [modloading-worker-0/INFO] [quark-zeta/]: Constructing module Map Washing...
[23Mar2025 15:21:40.849] [modloading-worker-0/INFO] [quark-zeta/]: Constructing module Matrix Enchanting...
[23Mar2025 15:21:40.850] [modloading-worker-0/DEBUG] [mixin/]: Mixing self.IZetaBlockMixin_FAKE from quark.mixins.json into org.violetmoon.quark.addons.oddities.block.MatrixEnchantingTableBlock
[23Mar2025 15:21:40.851] [modloading-worker-0/DEBUG] [com.tterrag.registrate.AbstractRegistrate/REGISTRATE.REGISTER]: Captured registration for entry minecart_contraption of type minecraft:item
[23Mar2025 15:21:40.852] [modloading-worker-0/DEBUG] [com.tterrag.registrate.AbstractRegistrate/REGISTRATE.REGISTER]: Captured registration for entry furnace_minecart_contraption of type minecraft:item
[23Mar2025 15:21:40.852] [modloading-worker-0/DEBUG] [com.tterrag.registrate.AbstractRegistrate/REGISTRATE.REGISTER]: Captured registration for entry chest_minecart_contraption of type minecraft:item
[23Mar2025 15:21:40.857] [modloading-worker-0/ERROR] [zeta/]: Client event interface org.violetmoon.zeta.client.event.load.ZClientSetup was found in a non client only class!
[23Mar2025 15:21:40.861] [modloading-worker-0/DEBUG] [mixin/]: Mixing ad_astra.MachineBlockEntityMixin from ad_astra_giselle_addon.mixin.forge.common.json into earth.terrarium.adastra.common.blockentities.base.MachineBlockEntity
[23Mar2025 15:21:40.861] [modloading-worker-0/INFO] [quark-zeta/]: Constructing module Metal Buttons...
[23Mar2025 15:21:40.863] [modloading-worker-0/DEBUG] [com.tterrag.registrate.AbstractRegistrate/REGISTRATE.REGISTER]: Captured registration for entry linked_controller of type minecraft:item
[23Mar2025 15:21:40.864] [modloading-worker-0/INFO] [quark-zeta/]: Constructing module Microcrafting Helper...
[23Mar2025 15:21:40.866] [modloading-worker-0/INFO] [quark-zeta/]: Constructing module Midori...
[23Mar2025 15:21:40.866] [modloading-worker-0/INFO] [quark-zeta/]: Constructing module Monster Box...
[23Mar2025 15:21:40.867] [modloading-worker-0/INFO] [quark-zeta/]: Constructing module More Banner Layers...
[23Mar2025 15:21:40.867] [modloading-worker-0/INFO] [quark-zeta/]: Constructing module More Brick Types...
[23Mar2025 15:21:40.868] [modloading-worker-0/INFO] [quark-zeta/]: Constructing module More Mud Blocks...
[23Mar2025 15:21:40.868] [modloading-worker-0/INFO] [quark-zeta/]: Constructing module More Note Block Sounds...
[23Mar2025 15:21:40.868] [modloading-worker-0/INFO] [quark-zeta/]: Constructing module More Potted Plants...
[23Mar2025 15:21:40.872] [modloading-worker-0/ERROR] [zeta/]: Client event interface org.violetmoon.zeta.client.event.load.ZClientSetup was found in a non client only class!
[23Mar2025 15:21:40.872] [modloading-worker-0/INFO] [quark-zeta/]: Constructing module More Villagers...
[23Mar2025 15:21:40.872] [modloading-worker-0/INFO] [quark-zeta/]: Constructing module Narrator Readout...
[23Mar2025 15:21:40.873] [modloading-worker-0/INFO] [quark-zeta/]: Constructing module Nether Brick Fence Gate...
[23Mar2025 15:21:40.873] [modloading-worker-0/INFO] [quark-zeta/]: Constructing module Nether Obsidian Spikes...
[23Mar2025 15:21:40.874] [modloading-worker-0/DEBUG] [com.tterrag.registrate.AbstractRegistrate/REGISTRATE.REGISTER]: Captured registration for entry potato_cannon of type minecraft:item
[23Mar2025 15:21:40.875] [modloading-worker-0/INFO] [quark-zeta/]: Constructing module New Stone Types...
[23Mar2025 15:21:40.879] [modloading-worker-0/DEBUG] [com.tterrag.registrate.AbstractRegistrate/REGISTRATE.REGISTER]: Captured registration for entry extendo_grip of type minecraft:item
[23Mar2025 15:21:40.882] [modloading-worker-0/INFO] [quark-zeta/]: Constructing module No Durability On Cosmetics...
[23Mar2025 15:21:40.883] [modloading-worker-0/INFO] [quark-zeta/]: Constructing module No More Lava Pockets...
[23Mar2025 15:21:40.884] [modloading-worker-0/INFO] [quark-zeta/]: Constructing module Obsidian Plate...
[23Mar2025 15:21:40.885] [modloading-worker-0/INFO] [quark-zeta/]: Constructing module Overlay Shader...
[23Mar2025 15:21:40.885] [modloading-worker-0/INFO] [quark-zeta/]: Constructing module Parrot Eggs...
[23Mar2025 15:21:40.889] [modloading-worker-0/ERROR] [zeta/]: Client event interface org.violetmoon.zeta.client.event.load.ZClientSetup was found in a non client only class!
[23Mar2025 15:21:40.891] [modloading-worker-0/INFO] [quark-zeta/]: Constructing module Pat The Dogs...
[23Mar2025 15:21:40.892] [modloading-worker-0/DEBUG] [com.tterrag.registrate.AbstractRegistrate/REGISTRATE.REGISTER]: Captured registration for entry wand_of_symmetry of type minecraft:item
[23Mar2025 15:21:40.892] [modloading-worker-0/INFO] [quark-zeta/]: Constructing module Pathfinder Maps...
[23Mar2025 15:21:40.895] [modloading-worker-0/INFO] [quark-zeta/]: Constructing module Permafrost...
[23Mar2025 15:21:40.900] [modloading-worker-0/INFO] [quark-zeta/]: Constructing module Petals On Water...
[23Mar2025 15:21:40.904] [modloading-worker-0/INFO] [quark-zeta/]: Constructing module Pickarang...
[23Mar2025 15:21:40.912] [modloading-worker-0/DEBUG] [com.tterrag.registrate.AbstractRegistrate/REGISTRATE.REGISTER]: Captured registration for entry handheld_worldshaper of type minecraft:item
[23Mar2025 15:21:40.914] [modloading-worker-0/INFO] [quark-zeta/]: Constructing module Pig Litters...
[23Mar2025 15:21:40.915] [modloading-worker-0/INFO] [quark-zeta/]: Constructing module Pipes...
[23Mar2025 15:21:40.923] [modloading-worker-0/DEBUG] [com.tterrag.registrate.AbstractRegistrate/REGISTRATE.REGISTER]: Captured registration for entry tree_fertilizer of type minecraft:item
[23Mar2025 15:21:40.924] [modloading-worker-0/INFO] [quark-zeta/]: Constructing module Pistons Move Tile Entities...
[23Mar2025 15:21:40.925] [modloading-worker-0/INFO] [quark-zeta/]: Constructing module Poison Potato Usage...
[23Mar2025 15:21:40.926] [modloading-worker-0/INFO] [quark-zeta/]: Constructing module Quick Armor Swapping...
[23Mar2025 15:21:40.926] [modloading-worker-0/INFO] [quark-zeta/]: Constructing module Rainbow Lamps...
[23Mar2025 15:21:40.926] [modloading-worker-0/INFO] [quark-zeta/]: Constructing module Raw Metal Bricks...
[23Mar2025 15:21:40.927] [modloading-worker-0/INFO] [quark-zeta/]: Constructing module Reacharound Placing...
[23Mar2025 15:21:40.929] [modloading-worker-0/DEBUG] [com.tterrag.registrate.AbstractRegistrate/REGISTRATE.REGISTER]: Captured registration for entry cardboard_package_12x12 of type minecraft:item
[23Mar2025 15:21:40.931] [modloading-worker-0/INFO] [quark-zeta/]: Constructing module Redstone Randomizer...
[23Mar2025 15:21:40.931] [modloading-worker-0/DEBUG] [com.tterrag.registrate.AbstractRegistrate/REGISTRATE.REGISTER]: Captured registration for entry cardboard_package_10x12 of type minecraft:item
[23Mar2025 15:21:40.931] [modloading-worker-0/DEBUG] [com.tterrag.registrate.AbstractRegistrate/REGISTRATE.REGISTER]: Captured registration for entry cardboard_package_10x8 of type minecraft:item
[23Mar2025 15:21:40.931] [modloading-worker-0/DEBUG] [com.tterrag.registrate.AbstractRegistrate/REGISTRATE.REGISTER]: Captured registration for entry cardboard_package_12x10 of type minecraft:item
[23Mar2025 15:21:40.932] [modloading-worker-0/DEBUG] [com.tterrag.registrate.AbstractRegistrate/REGISTRATE.REGISTER]: Captured registration for entry rare_creeper_package of type minecraft:item
[23Mar2025 15:21:40.932] [modloading-worker-0/DEBUG] [com.tterrag.registrate.AbstractRegistrate/REGISTRATE.REGISTER]: Captured registration for entry rare_darcy_package of type minecraft:item
[23Mar2025 15:21:40.932] [modloading-worker-0/DEBUG] [com.tterrag.registrate.AbstractRegistrate/REGISTRATE.REGISTER]: Captured registration for entry rare_evan_package of type minecraft:item
[23Mar2025 15:21:40.932] [modloading-worker-0/DEBUG] [com.tterrag.registrate.AbstractRegistrate/REGISTRATE.REGISTER]: Captured registration for entry rare_jinx_package of type minecraft:item
[23Mar2025 15:21:40.932] [modloading-worker-0/DEBUG] [com.tterrag.registrate.AbstractRegistrate/REGISTRATE.REGISTER]: Captured registration for entry rare_kryppers_package of type minecraft:item
[23Mar2025 15:21:40.932] [modloading-worker-0/DEBUG] [com.tterrag.registrate.AbstractRegistrate/REGISTRATE.REGISTER]: Captured registration for entry rare_simi_package of type minecraft:item
[23Mar2025 15:21:40.932] [modloading-worker-0/DEBUG] [com.tterrag.registrate.AbstractRegistrate/REGISTRATE.REGISTER]: Captured registration for entry rare_starlotte_package of type minecraft:item
[23Mar2025 15:21:40.932] [modloading-worker-0/DEBUG] [com.tterrag.registrate.AbstractRegistrate/REGISTRATE.REGISTER]: Captured registration for entry rare_thunder_package of type minecraft:item
[23Mar2025 15:21:40.932] [modloading-worker-0/DEBUG] [com.tterrag.registrate.AbstractRegistrate/REGISTRATE.REGISTER]: Captured registration for entry rare_up_package of type minecraft:item
[23Mar2025 15:21:40.932] [modloading-worker-0/DEBUG] [com.tterrag.registrate.AbstractRegistrate/REGISTRATE.REGISTER]: Captured registration for entry rare_vector_package of type minecraft:item
[23Mar2025 15:21:40.937] [modloading-worker-0/INFO] [quark-zeta/]: Constructing module Renewable Spore Blossoms...
[23Mar2025 15:21:40.938] [modloading-worker-0/INFO] [quark-zeta/]: Constructing module Replace Scaffolding...
[23Mar2025 15:21:40.939] [modloading-worker-0/INFO] [quark-zeta/]: Constructing module Rope...
[23Mar2025 15:21:40.944] [modloading-worker-0/DEBUG] [com.tterrag.registrate.AbstractRegistrate/REGISTRATE.REGISTER]: Captured registration for entry filter of type minecraft:item
[23Mar2025 15:21:40.945] [modloading-worker-0/DEBUG] [com.tterrag.registrate.AbstractRegistrate/REGISTRATE.REGISTER]: Captured registration for entry attribute_filter of type minecraft:item
[23Mar2025 15:21:40.945] [modloading-worker-0/DEBUG] [com.tterrag.registrate.AbstractRegistrate/REGISTRATE.REGISTER]: Captured registration for entry package_filter of type minecraft:item
[23Mar2025 15:21:40.945] [modloading-worker-0/INFO] [quark-zeta/]: Constructing module Safer Creatures...
[23Mar2025 15:21:40.947] [modloading-worker-0/INFO] [quark-zeta/]: Constructing module Seed Pouch...
[23Mar2025 15:21:40.948] [modloading-worker-0/DEBUG] [com.tterrag.registrate.AbstractRegistrate/REGISTRATE.REGISTER]: Captured registration for entry schedule of type minecraft:item
[23Mar2025 15:21:40.950] [modloading-worker-0/INFO] [quark-zeta/]: Constructing module Shear Vines...
[23Mar2025 15:21:40.951] [modloading-worker-0/DEBUG] [com.tterrag.registrate.AbstractRegistrate/REGISTRATE.REGISTER]: Captured registration for entry shopping_list of type minecraft:item
[23Mar2025 15:21:40.951] [modloading-worker-0/DEBUG] [mixin/]: Mixing self.IZetaBlockMixin_FAKE from zeta_forge.mixins.json into org.violetmoon.zeta.block.ZetaVineBlock
[23Mar2025 15:21:40.952] [modloading-worker-0/DEBUG] [com.tterrag.registrate.AbstractRegistrate/REGISTRATE.REGISTER]: Captured registration for entry empty_schematic of type minecraft:item
[23Mar2025 15:21:40.967] [modloading-worker-0/DEBUG] [com.tterrag.registrate.AbstractRegistrate/REGISTRATE.REGISTER]: Captured registration for entry schematic_and_quill of type minecraft:item
[23Mar2025 15:21:40.968] [modloading-worker-0/INFO] [quark-zeta/]: Constructing module Shiba...
[23Mar2025 15:21:40.969] [modloading-worker-0/ERROR] [zeta/]: Client event interface org.violetmoon.zeta.client.event.load.ZClientSetup was found in a non client only class!
[23Mar2025 15:21:40.969] [modloading-worker-0/INFO] [quark-zeta/]: Constructing module Shingles...
[23Mar2025 15:21:40.969] [modloading-worker-0/INFO] [quark-zeta/]: Constructing module Shulker Packing...
[23Mar2025 15:21:40.969] [modloading-worker-0/INFO] [quark-zeta/]: Constructing module Simple Harvest...
[23Mar2025 15:21:40.971] [modloading-worker-0/DEBUG] [com.tterrag.registrate.AbstractRegistrate/REGISTRATE.REGISTER]: Captured registration for entry schematic of type minecraft:item
[23Mar2025 15:21:40.973] [modloading-worker-0/INFO] [quark-zeta/]: Constructing module Skull Pikes...
[23Mar2025 15:21:40.975] [modloading-worker-0/DEBUG] [com.tterrag.registrate.AbstractRegistrate/REGISTRATE.REGISTER]: Captured registration for entry copper_backtank of type minecraft:block
[23Mar2025 15:21:40.977] [modloading-worker-0/DEBUG] [com.tterrag.registrate.AbstractRegistrate/REGISTRATE.REGISTER]: Captured registration for entry netherite_backtank of type minecraft:block
[23Mar2025 15:21:40.976] [modloading-worker-0/ERROR] [zeta/]: Client event interface org.violetmoon.zeta.client.event.load.ZClientSetup was found in a non client only class!
[23Mar2025 15:21:40.979] [modloading-worker-0/INFO] [quark-zeta/]: Constructing module Slabs To Blocks...
[23Mar2025 15:21:40.983] [modloading-worker-0/DEBUG] [com.tterrag.registrate.AbstractRegistrate/REGISTRATE.REGISTER]: Captured registration for entry peculiar_bell of type minecraft:item
[23Mar2025 15:21:40.981] [modloading-worker-0/INFO] [quark-zeta/]: Constructing module Slime In A Bucket...
[23Mar2025 15:21:40.985] [modloading-worker-0/INFO] [quark-zeta/]: Constructing module Slimes To Magma Cubes...
[23Mar2025 15:21:40.987] [modloading-worker-0/INFO] [quark-zeta/]: Constructing module Snow Golem Player Heads...
[23Mar2025 15:21:40.987] [modloading-worker-0/DEBUG] [com.tterrag.registrate.AbstractRegistrate/REGISTRATE.REGISTER]: Captured registration for entry peculiar_bell of type minecraft:block
[23Mar2025 15:21:40.988] [modloading-worker-0/INFO] [quark-zeta/]: Constructing module Soul Candles...
[23Mar2025 15:21:40.990] [modloading-worker-0/INFO] [quark-zeta/]: Constructing module Soul Sandstone...
[23Mar2025 15:21:40.991] [modloading-worker-0/INFO] [quark-zeta/]: Constructing module Spawner Replacer...
[23Mar2025 15:21:40.992] [modloading-worker-0/DEBUG] [com.tterrag.registrate.AbstractRegistrate/REGISTRATE.REGISTER]: Captured registration for entry haunted_bell of type minecraft:item
[23Mar2025 15:21:40.993] [modloading-worker-0/INFO] [quark-zeta/]: Constructing module Spiral Spires...
[23Mar2025 15:21:40.994] [modloading-worker-0/DEBUG] [com.tterrag.registrate.AbstractRegistrate/REGISTRATE.REGISTER]: Captured registration for entry haunted_bell of type minecraft:block
[23Mar2025 15:21:40.998] [modloading-worker-0/DEBUG] [com.tterrag.registrate.AbstractRegistrate/REGISTRATE.REGISTER]: Captured registration for entry desk_bell of type minecraft:item
[23Mar2025 15:21:40.996] [modloading-worker-0/INFO] [quark-zeta/]: Constructing module Stonelings...
[23Mar2025 15:21:40.998] [modloading-worker-0/DEBUG] [com.tterrag.registrate.AbstractRegistrate/REGISTRATE.REGISTER]: Captured registration for entry desk_bell of type minecraft:block
[23Mar2025 15:21:41.002] [modloading-worker-0/ERROR] [zeta/]: Client event interface org.violetmoon.zeta.client.event.load.ZClientSetup was found in a non client only class!
[23Mar2025 15:21:41.003] [modloading-worker-0/INFO] [quark-zeta/]: Constructing module Stools...
[23Mar2025 15:21:41.005] [modloading-worker-0/ERROR] [zeta/]: Client event interface org.violetmoon.zeta.client.event.load.ZClientSetup was found in a non client only class!
[23Mar2025 15:21:41.005] [modloading-worker-0/INFO] [quark-zeta/]: Constructing module Sturdy Stone...
[23Mar2025 15:21:41.006] [modloading-worker-0/DEBUG] [com.tterrag.registrate.AbstractRegistrate/REGISTRATE.REGISTER]: Captured registration for entry white_toolbox of type minecraft:item
[23Mar2025 15:21:41.006] [modloading-worker-0/DEBUG] [com.tterrag.registrate.AbstractRegistrate/REGISTRATE.REGISTER]: Captured registration for entry white_toolbox of type minecraft:block
[23Mar2025 15:21:41.007] [modloading-worker-0/DEBUG] [com.tterrag.registrate.AbstractRegistrate/REGISTRATE.REGISTER]: Captured registration for entry orange_toolbox of type minecraft:item
[23Mar2025 15:21:41.007] [modloading-worker-0/DEBUG] [com.tterrag.registrate.AbstractRegistrate/REGISTRATE.REGISTER]: Captured registration for entry orange_toolbox of type minecraft:block
[23Mar2025 15:21:41.008] [modloading-worker-0/INFO] [quark-zeta/]: Constructing module Thatch...
[23Mar2025 15:21:41.008] [modloading-worker-0/DEBUG] [com.tterrag.registrate.AbstractRegistrate/REGISTRATE.REGISTER]: Captured registration for entry magenta_toolbox of type minecraft:item
[23Mar2025 15:21:41.009] [modloading-worker-0/DEBUG] [com.tterrag.registrate.AbstractRegistrate/REGISTRATE.REGISTER]: Captured registration for entry magenta_toolbox of type minecraft:block
[23Mar2025 15:21:41.010] [modloading-worker-0/DEBUG] [com.tterrag.registrate.AbstractRegistrate/REGISTRATE.REGISTER]: Captured registration for entry light_blue_toolbox of type minecraft:item
[23Mar2025 15:21:41.010] [modloading-worker-0/DEBUG] [com.tterrag.registrate.AbstractRegistrate/REGISTRATE.REGISTER]: Captured registration for entry light_blue_toolbox of type minecraft:block
[23Mar2025 15:21:41.010] [modloading-worker-0/DEBUG] [com.tterrag.registrate.AbstractRegistrate/REGISTRATE.REGISTER]: Captured registration for entry yellow_toolbox of type minecraft:item
[23Mar2025 15:21:41.010] [modloading-worker-0/DEBUG] [com.tterrag.registrate.AbstractRegistrate/REGISTRATE.REGISTER]: Captured registration for entry yellow_toolbox of type minecraft:block
[23Mar2025 15:21:41.011] [modloading-worker-0/DEBUG] [com.tterrag.registrate.AbstractRegistrate/REGISTRATE.REGISTER]: Captured registration for entry lime_toolbox of type minecraft:item
[23Mar2025 15:21:41.011] [modloading-worker-0/DEBUG] [com.tterrag.registrate.AbstractRegistrate/REGISTRATE.REGISTER]: Captured registration for entry lime_toolbox of type minecraft:block
[23Mar2025 15:21:41.011] [modloading-worker-0/DEBUG] [com.tterrag.registrate.AbstractRegistrate/REGISTRATE.REGISTER]: Captured registration for entry pink_toolbox of type minecraft:item
[23Mar2025 15:21:41.011] [modloading-worker-0/DEBUG] [com.tterrag.registrate.AbstractRegistrate/REGISTRATE.REGISTER]: Captured registration for entry pink_toolbox of type minecraft:block
[23Mar2025 15:21:41.011] [modloading-worker-0/DEBUG] [com.tterrag.registrate.AbstractRegistrate/REGISTRATE.REGISTER]: Captured registration for entry gray_toolbox of type minecraft:item
[23Mar2025 15:21:41.012] [modloading-worker-0/DEBUG] [com.tterrag.registrate.AbstractRegistrate/REGISTRATE.REGISTER]: Captured registration for entry gray_toolbox of type minecraft:block
[23Mar2025 15:21:41.010] [modloading-worker-0/INFO] [quark-zeta/]: Constructing module Tiny Potato...
[23Mar2025 15:21:41.012] [modloading-worker-0/DEBUG] [com.tterrag.registrate.AbstractRegistrate/REGISTRATE.REGISTER]: Captured registration for entry light_gray_toolbox of type minecraft:item
[23Mar2025 15:21:41.013] [modloading-worker-0/DEBUG] [com.tterrag.registrate.AbstractRegistrate/REGISTRATE.REGISTER]: Captured registration for entry light_gray_toolbox of type minecraft:block
[23Mar2025 15:21:41.013] [modloading-worker-0/DEBUG] [com.tterrag.registrate.AbstractRegistrate/REGISTRATE.REGISTER]: Captured registration for entry cyan_toolbox of type minecraft:item
[23Mar2025 15:21:41.013] [modloading-worker-0/INFO] [quark-zeta/]: Constructing module Torch Arrow...
[23Mar2025 15:21:41.014] [modloading-worker-0/DEBUG] [com.tterrag.registrate.AbstractRegistrate/REGISTRATE.REGISTER]: Captured registration for entry cyan_toolbox of type minecraft:block
[23Mar2025 15:21:41.014] [modloading-worker-0/DEBUG] [com.tterrag.registrate.AbstractRegistrate/REGISTRATE.REGISTER]: Captured registration for entry purple_toolbox of type minecraft:item
[23Mar2025 15:21:41.015] [modloading-worker-0/DEBUG] [com.tterrag.registrate.AbstractRegistrate/REGISTRATE.REGISTER]: Captured registration for entry purple_toolbox of type minecraft:block
[23Mar2025 15:21:41.015] [modloading-worker-0/DEBUG] [com.tterrag.registrate.AbstractRegistrate/REGISTRATE.REGISTER]: Captured registration for entry blue_toolbox of type minecraft:item
[23Mar2025 15:21:41.015] [modloading-worker-0/DEBUG] [com.tterrag.registrate.AbstractRegistrate/REGISTRATE.REGISTER]: Captured registration for entry blue_toolbox of type minecraft:block
[23Mar2025 15:21:41.016] [modloading-worker-0/DEBUG] [com.tterrag.registrate.AbstractRegistrate/REGISTRATE.REGISTER]: Captured registration for entry brown_toolbox of type minecraft:item
[23Mar2025 15:21:41.016] [modloading-worker-0/DEBUG] [com.tterrag.registrate.AbstractRegistrate/REGISTRATE.REGISTER]: Captured registration for entry brown_toolbox of type minecraft:block
[23Mar2025 15:21:41.016] [modloading-worker-0/DEBUG] [com.tterrag.registrate.AbstractRegistrate/REGISTRATE.REGISTER]: Captured registration for entry green_toolbox of type minecraft:item
[23Mar2025 15:21:41.016] [modloading-worker-0/DEBUG] [com.tterrag.registrate.AbstractRegistrate/REGISTRATE.REGISTER]: Captured registration for entry green_toolbox of type minecraft:block
[23Mar2025 15:21:41.017] [modloading-worker-0/DEBUG] [com.tterrag.registrate.AbstractRegistrate/REGISTRATE.REGISTER]: Captured registration for entry red_toolbox of type minecraft:item
[23Mar2025 15:21:41.017] [modloading-worker-0/INFO] [quark-zeta/]: Constructing module Toretoise...
[23Mar2025 15:21:41.017] [modloading-worker-0/DEBUG] [com.tterrag.registrate.AbstractRegistrate/REGISTRATE.REGISTER]: Captured registration for entry red_toolbox of type minecraft:block
[23Mar2025 15:21:41.017] [modloading-worker-0/DEBUG] [com.tterrag.registrate.AbstractRegistrate/REGISTRATE.REGISTER]: Captured registration for entry black_toolbox of type minecraft:item
[23Mar2025 15:21:41.017] [modloading-worker-0/DEBUG] [com.tterrag.registrate.AbstractRegistrate/REGISTRATE.REGISTER]: Captured registration for entry black_toolbox of type minecraft:block
[23Mar2025 15:21:41.017] [modloading-worker-0/ERROR] [zeta/]: Client event interface org.violetmoon.zeta.client.event.load.ZClientSetup was found in a non client only class!
[23Mar2025 15:21:41.019] [modloading-worker-0/INFO] [quark-zeta/]: Constructing module Totem Of Holding...
[23Mar2025 15:21:41.020] [modloading-worker-0/DEBUG] [net.minecraftforge.fml.javafmlmod.AutomaticEventSubscriber/LOADING]: Attempting to inject @EventBusSubscriber classes into the eventbus for ad_astra_giselle_addon
[23Mar2025 15:21:41.022] [modloading-worker-0/DEBUG] [net.minecraftforge.fml.javafmlmod.AutomaticEventSubscriber/LOADING]: Auto-subscribing ad_astra_giselle_addon.datagen.AdAstraGiselleAddonDataGenerator to MOD
[23Mar2025 15:21:41.023] [modloading-worker-0/INFO] [quark-zeta/]: Constructing module Trowel...
[23Mar2025 15:21:41.024] [modloading-worker-0/DEBUG] [com.tterrag.registrate.AbstractRegistrate/REGISTRATE.REGISTER]: Captured registration for entry clipboard of type minecraft:item
[23Mar2025 15:21:41.024] [modloading-worker-0/DEBUG] [com.tterrag.registrate.AbstractRegistrate/REGISTRATE.REGISTER]: Captured registration for entry clipboard of type minecraft:block
[23Mar2025 15:21:41.024] [modloading-worker-0/INFO] [quark-zeta/]: Constructing module Usage Ticker...
[23Mar2025 15:21:41.024] [modloading-worker-0/INFO] [quark-zeta/]: Constructing module Uses For Curses...
[23Mar2025 15:21:41.025] [modloading-worker-0/INFO] [quark-zeta/]: Constructing module Utility Recipes...
[23Mar2025 15:21:41.028] [modloading-worker-0/DEBUG] [com.tterrag.registrate.AbstractRegistrate/REGISTRATE.REGISTER]: Captured registration for entry andesite_ladder of type minecraft:item
[23Mar2025 15:21:41.028] [modloading-worker-0/DEBUG] [com.tterrag.registrate.AbstractRegistrate/REGISTRATE.REGISTER]: Captured registration for entry andesite_ladder of type minecraft:block
[23Mar2025 15:21:41.028] [modloading-worker-0/DEBUG] [com.tterrag.registrate.AbstractRegistrate/REGISTRATE.REGISTER]: Captured registration for entry brass_ladder of type minecraft:item
[23Mar2025 15:21:41.029] [modloading-worker-0/DEBUG] [com.tterrag.registrate.AbstractRegistrate/REGISTRATE.REGISTER]: Captured registration for entry brass_ladder of type minecraft:block
[23Mar2025 15:21:41.029] [modloading-worker-0/DEBUG] [com.tterrag.registrate.AbstractRegistrate/REGISTRATE.REGISTER]: Captured registration for entry copper_ladder of type minecraft:item
[23Mar2025 15:21:41.029] [modloading-worker-0/DEBUG] [com.tterrag.registrate.AbstractRegistrate/REGISTRATE.REGISTER]: Captured registration for entry copper_ladder of type minecraft:block
[23Mar2025 15:21:41.028] [modloading-worker-0/INFO] [quark-zeta/]: Constructing module Variant Animal Textures...
[23Mar2025 15:21:41.030] [modloading-worker-0/INFO] [quark-zeta/]: Constructing module Variant Bookshelves...
[23Mar2025 15:21:41.030] [modloading-worker-0/INFO] [quark-zeta/]: Constructing module Variant Chests...
[23Mar2025 15:21:41.031] [modloading-worker-0/DEBUG] [mixin/]: Mixing self.IZetaBlockMixin_FAKE from quark.mixins.json into org.violetmoon.quark.content.building.block.VariantTrappedChestBlock
[23Mar2025 15:21:41.035] [modloading-worker-0/DEBUG] [com.tterrag.registrate.AbstractRegistrate/REGISTRATE.REGISTER]: Captured registration for entry andesite_bars of type minecraft:item
[23Mar2025 15:21:41.035] [modloading-worker-0/DEBUG] [com.tterrag.registrate.AbstractRegistrate/REGISTRATE.REGISTER]: Captured registration for entry andesite_bars of type minecraft:block
[23Mar2025 15:21:41.035] [modloading-worker-0/DEBUG] [com.tterrag.registrate.AbstractRegistrate/REGISTRATE.REGISTER]: Captured registration for entry brass_bars of type minecraft:item
[23Mar2025 15:21:41.035] [modloading-worker-0/DEBUG] [com.tterrag.registrate.AbstractRegistrate/REGISTRATE.REGISTER]: Captured registration for entry brass_bars of type minecraft:block
[23Mar2025 15:21:41.036] [modloading-worker-0/DEBUG] [com.tterrag.registrate.AbstractRegistrate/REGISTRATE.REGISTER]: Captured registration for entry copper_bars of type minecraft:item
[23Mar2025 15:21:41.036] [modloading-worker-0/DEBUG] [com.tterrag.registrate.AbstractRegistrate/REGISTRATE.REGISTER]: Captured registration for entry copper_bars of type minecraft:block
[23Mar2025 15:21:41.039] [modloading-worker-0/DEBUG] [mixin/]: Mixing self.IZetaBlockMixin_FAKE from quark.mixins.json into org.violetmoon.quark.content.building.block.VariantChestBlock
[23Mar2025 15:21:41.043] [modloading-worker-0/INFO] [quark-zeta/]: Constructing module Variant Furnaces...
[23Mar2025 15:21:41.044] [modloading-worker-0/DEBUG] [mixin/]: Mixing self.IZetaBlockMixin_FAKE from quark.mixins.json into org.violetmoon.quark.content.building.block.VariantFurnaceBlock
[23Mar2025 15:21:41.053] [modloading-worker-0/INFO] [quark-zeta/]: Constructing module Variant Ladders...
[23Mar2025 15:21:41.054] [modloading-worker-0/INFO] [quark-zeta/]: Constructing module Variant Selector...
[23Mar2025 15:21:41.055] [modloading-worker-0/DEBUG] [Ponder/]: Loaded net.createmod.catnip.platform.ForgePlatformHelper@6e9459fe for service interface net.createmod.catnip.platform.services.PlatformHelper
[23Mar2025 15:21:41.056] [modloading-worker-0/DEBUG] [Ponder/]: Loaded net.createmod.catnip.platform.ForgeFluidHelper@2faaaec8 for service interface net.createmod.catnip.platform.services.ModFluidHelper
[23Mar2025 15:21:41.058] [modloading-worker-0/DEBUG] [Ponder/]: Loaded net.createmod.catnip.platform.ForgeHooksHelper@5851b523 for service interface net.createmod.catnip.platform.services.ModHooksHelper
[23Mar2025 15:21:41.059] [modloading-worker-0/INFO] [quark-zeta/]: Constructing module Vertical Planks...
[23Mar2025 15:21:41.059] [modloading-worker-0/DEBUG] [Ponder/]: Loaded net.createmod.catnip.platform.ForgeRegisteredObjectsHelper@551928ec for service interface net.createmod.catnip.platform.services.RegisteredObjectsHelper
[23Mar2025 15:21:41.059] [modloading-worker-0/INFO] [quark-zeta/]: Constructing module Vertical Slabs...
[23Mar2025 15:21:41.060] [modloading-worker-0/DEBUG] [Ponder/]: Loaded net.createmod.catnip.platform.ForgeNetworkHelper@20e9692a for service interface net.createmod.catnip.platform.services.NetworkHelper
[23Mar2025 15:21:41.060] [modloading-worker-0/DEBUG] [mixin/]: Mixing self.IZetaBlockMixin_FAKE from quark.mixins.json into org.violetmoon.quark.content.building.block.QuarkVerticalSlabBlock
[23Mar2025 15:21:41.066] [modloading-worker-0/DEBUG] [mixin/]: Mixing self.IZetaBlockMixin_FAKE from quark.mixins.json into org.violetmoon.quark.content.building.block.VerticalSlabBlock
[23Mar2025 15:21:41.082] [modloading-worker-0/DEBUG] [com.tterrag.registrate.AbstractRegistrate/REGISTRATE.REGISTER]: Captured registration for entry andesite_scaffolding of type minecraft:item
[23Mar2025 15:21:41.082] [modloading-worker-0/DEBUG] [com.tterrag.registrate.AbstractRegistrate/REGISTRATE.REGISTER]: Captured registration for entry andesite_scaffolding of type minecraft:block
[23Mar2025 15:21:41.083] [modloading-worker-0/DEBUG] [com.tterrag.registrate.AbstractRegistrate/REGISTRATE.REGISTER]: Captured registration for entry brass_scaffolding of type minecraft:item
[23Mar2025 15:21:41.083] [modloading-worker-0/DEBUG] [com.tterrag.registrate.AbstractRegistrate/REGISTRATE.REGISTER]: Captured registration for entry brass_scaffolding of type minecraft:block
[23Mar2025 15:21:41.083] [modloading-worker-0/DEBUG] [com.tterrag.registrate.AbstractRegistrate/REGISTRATE.REGISTER]: Captured registration for entry copper_scaffolding of type minecraft:item
[23Mar2025 15:21:41.083] [modloading-worker-0/DEBUG] [com.tterrag.registrate.AbstractRegistrate/REGISTRATE.REGISTER]: Captured registration for entry copper_scaffolding of type minecraft:block
[23Mar2025 15:21:41.084] [modloading-worker-0/INFO] [quark-zeta/]: Constructing module Vexes Die With Their Masters...
[23Mar2025 15:21:41.085] [modloading-worker-0/DEBUG] [com.tterrag.registrate.AbstractRegistrate/REGISTRATE.REGISTER]: Captured registration for entry metal_girder of type minecraft:item
[23Mar2025 15:21:41.085] [modloading-worker-0/INFO] [quark-zeta/]: Constructing module Villager Rerolling Rework...
[23Mar2025 15:21:41.085] [modloading-worker-0/DEBUG] [com.tterrag.registrate.AbstractRegistrate/REGISTRATE.REGISTER]: Captured registration for entry metal_girder of type minecraft:block
[23Mar2025 15:21:41.086] [modloading-worker-0/INFO] [quark-zeta/]: Constructing module Villagers Follow Emeralds...
[23Mar2025 15:21:41.086] [modloading-worker-0/INFO] [quark-zeta/]: Constructing module Wooden Posts...
[23Mar2025 15:21:41.087] [modloading-worker-0/DEBUG] [com.tterrag.registrate.AbstractRegistrate/REGISTRATE.REGISTER]: Captured registration for entry metal_girder_encased_shaft of type minecraft:block
[23Mar2025 15:21:41.087] [modloading-worker-0/INFO] [quark-zeta/]: Constructing module Wool Shuts Up Minecarts...
[23Mar2025 15:21:41.088] [modloading-worker-0/DEBUG] [com.tterrag.registrate.AbstractRegistrate/REGISTRATE.REGISTER]: Captured registration for entry copycat_base of type minecraft:block
[23Mar2025 15:21:41.088] [modloading-worker-0/INFO] [quark-zeta/]: Constructing module Wraith...
[23Mar2025 15:21:41.090] [modloading-worker-0/ERROR] [zeta/]: Client event interface org.violetmoon.zeta.client.event.load.ZClientSetup was found in a non client only class!
[23Mar2025 15:21:41.091] [modloading-worker-0/INFO] [quark-zeta/]: Constructing module Zombie Villagers On Normal...
[23Mar2025 15:21:41.091] [modloading-worker-0/INFO] [quark-zeta/]: Constructing module More Stone Variants...
[23Mar2025 15:21:41.092] [modloading-worker-0/INFO] [quark-zeta/]: Constructed 164 modules.
[23Mar2025 15:21:41.096] [modloading-worker-0/DEBUG] [com.tterrag.registrate.AbstractRegistrate/REGISTRATE.REGISTER]: Captured registration for entry copycat_step of type minecraft:item
[23Mar2025 15:21:41.097] [modloading-worker-0/DEBUG] [com.tterrag.registrate.AbstractRegistrate/REGISTRATE.REGISTER]: Captured registration for entry copycat_step of type minecraft:block
[23Mar2025 15:21:41.100] [modloading-worker-0/DEBUG] [com.tterrag.registrate.AbstractRegistrate/REGISTRATE.REGISTER]: Captured registration for entry copycat_panel of type minecraft:item
[23Mar2025 15:21:41.101] [modloading-worker-0/DEBUG] [com.tterrag.registrate.AbstractRegistrate/REGISTRATE.REGISTER]: Captured registration for entry copycat_panel of type minecraft:block
[23Mar2025 15:21:41.104] [modloading-worker-0/DEBUG] [com.tterrag.registrate.AbstractRegistrate/REGISTRATE.REGISTER]: Captured registration for entry copycat_bars of type minecraft:block
[23Mar2025 15:21:41.109] [modloading-worker-0/DEBUG] [com.tterrag.registrate.AbstractRegistrate/REGISTRATE.REGISTER]: Captured registration for entry white_seat of type minecraft:item
[23Mar2025 15:21:41.109] [modloading-worker-0/DEBUG] [com.tterrag.registrate.AbstractRegistrate/REGISTRATE.REGISTER]: Captured registration for entry white_seat of type minecraft:block
[23Mar2025 15:21:41.110] [modloading-worker-0/DEBUG] [com.tterrag.registrate.AbstractRegistrate/REGISTRATE.REGISTER]: Captured registration for entry orange_seat of type minecraft:item
[23Mar2025 15:21:41.110] [modloading-worker-0/DEBUG] [com.tterrag.registrate.AbstractRegistrate/REGISTRATE.REGISTER]: Captured registration for entry orange_seat of type minecraft:block
[23Mar2025 15:21:41.110] [modloading-worker-0/DEBUG] [com.tterrag.registrate.AbstractRegistrate/REGISTRATE.REGISTER]: Captured registration for entry magenta_seat of type minecraft:item
[23Mar2025 15:21:41.111] [modloading-worker-0/DEBUG] [com.tterrag.registrate.AbstractRegistrate/REGISTRATE.REGISTER]: Captured registration for entry magenta_seat of type minecraft:block
[23Mar2025 15:21:41.111] [modloading-worker-0/DEBUG] [com.tterrag.registrate.AbstractRegistrate/REGISTRATE.REGISTER]: Captured registration for entry light_blue_seat of type minecraft:item
[23Mar2025 15:21:41.111] [modloading-worker-0/DEBUG] [com.tterrag.registrate.AbstractRegistrate/REGISTRATE.REGISTER]: Captured registration for entry light_blue_seat of type minecraft:block
[23Mar2025 15:21:41.111] [modloading-worker-0/DEBUG] [com.tterrag.registrate.AbstractRegistrate/REGISTRATE.REGISTER]: Captured registration for entry yellow_seat of type minecraft:item
[23Mar2025 15:21:41.111] [modloading-worker-0/DEBUG] [com.tterrag.registrate.AbstractRegistrate/REGISTRATE.REGISTER]: Captured registration for entry yellow_seat of type minecraft:block
[23Mar2025 15:21:41.112] [modloading-worker-0/DEBUG] [com.tterrag.registrate.AbstractRegistrate/REGISTRATE.REGISTER]: Captured registration for entry lime_seat of type minecraft:item
[23Mar2025 15:21:41.112] [modloading-worker-0/DEBUG] [com.tterrag.registrate.AbstractRegistrate/REGISTRATE.REGISTER]: Captured registration for entry lime_seat of type minecraft:block
[23Mar2025 15:21:41.112] [modloading-worker-0/DEBUG] [com.tterrag.registrate.AbstractRegistrate/REGISTRATE.REGISTER]: Captured registration for entry pink_seat of type minecraft:item
[23Mar2025 15:21:41.112] [modloading-worker-0/DEBUG] [com.tterrag.registrate.AbstractRegistrate/REGISTRATE.REGISTER]: Captured registration for entry pink_seat of type minecraft:block
[23Mar2025 15:21:41.112] [modloading-worker-0/DEBUG] [com.tterrag.registrate.AbstractRegistrate/REGISTRATE.REGISTER]: Captured registration for entry gray_seat of type minecraft:item
[23Mar2025 15:21:41.115] [modloading-worker-0/DEBUG] [com.tterrag.registrate.AbstractRegistrate/REGISTRATE.REGISTER]: Captured registration for entry gray_seat of type minecraft:block
[23Mar2025 15:21:41.116] [modloading-worker-0/DEBUG] [com.tterrag.registrate.AbstractRegistrate/REGISTRATE.REGISTER]: Captured registration for entry light_gray_seat of type minecraft:item
[23Mar2025 15:21:41.116] [modloading-worker-0/DEBUG] [com.tterrag.registrate.AbstractRegistrate/REGISTRATE.REGISTER]: Captured registration for entry light_gray_seat of type minecraft:block
[23Mar2025 15:21:41.116] [modloading-worker-0/DEBUG] [com.tterrag.registrate.AbstractRegistrate/REGISTRATE.REGISTER]: Captured registration for entry cyan_seat of type minecraft:item
[23Mar2025 15:21:41.116] [modloading-worker-0/DEBUG] [com.tterrag.registrate.AbstractRegistrate/REGISTRATE.REGISTER]: Captured registration for entry cyan_seat of type minecraft:block
[23Mar2025 15:21:41.116] [modloading-worker-0/DEBUG] [com.tterrag.registrate.AbstractRegistrate/REGISTRATE.REGISTER]: Captured registration for entry purple_seat of type minecraft:item
[23Mar2025 15:21:41.116] [modloading-worker-0/DEBUG] [com.tterrag.registrate.AbstractRegistrate/REGISTRATE.REGISTER]: Captured registration for entry purple_seat of type minecraft:block
[23Mar2025 15:21:41.116] [modloading-worker-0/DEBUG] [com.tterrag.registrate.AbstractRegistrate/REGISTRATE.REGISTER]: Captured registration for entry blue_seat of type minecraft:item
[23Mar2025 15:21:41.116] [modloading-worker-0/DEBUG] [com.tterrag.registrate.AbstractRegistrate/REGISTRATE.REGISTER]: Captured registration for entry blue_seat of type minecraft:block
[23Mar2025 15:21:41.116] [modloading-worker-0/DEBUG] [com.tterrag.registrate.AbstractRegistrate/REGISTRATE.REGISTER]: Captured registration for entry brown_seat of type minecraft:item
[23Mar2025 15:21:41.116] [modloading-worker-0/DEBUG] [com.tterrag.registrate.AbstractRegistrate/REGISTRATE.REGISTER]: Captured registration for entry brown_seat of type minecraft:block
[23Mar2025 15:21:41.117] [modloading-worker-0/DEBUG] [com.tterrag.registrate.AbstractRegistrate/REGISTRATE.REGISTER]: Captured registration for entry green_seat of type minecraft:item
[23Mar2025 15:21:41.117] [modloading-worker-0/DEBUG] [com.tterrag.registrate.AbstractRegistrate/REGISTRATE.REGISTER]: Captured registration for entry green_seat of type minecraft:block
[23Mar2025 15:21:41.117] [modloading-worker-0/DEBUG] [com.tterrag.registrate.AbstractRegistrate/REGISTRATE.REGISTER]: Captured registration for entry red_seat of type minecraft:item
[23Mar2025 15:21:41.117] [modloading-worker-0/DEBUG] [com.tterrag.registrate.AbstractRegistrate/REGISTRATE.REGISTER]: Captured registration for entry red_seat of type minecraft:block
[23Mar2025 15:21:41.117] [modloading-worker-0/DEBUG] [com.tterrag.registrate.AbstractRegistrate/REGISTRATE.REGISTER]: Captured registration for entry black_seat of type minecraft:item
[23Mar2025 15:21:41.117] [modloading-worker-0/DEBUG] [com.tterrag.registrate.AbstractRegistrate/REGISTRATE.REGISTER]: Captured registration for entry black_seat of type minecraft:block
[23Mar2025 15:21:41.123] [modloading-worker-0/DEBUG] [com.tterrag.registrate.AbstractRegistrate/REGISTRATE.REGISTER]: Captured registration for entry andesite_door of type minecraft:item
[23Mar2025 15:21:41.123] [modloading-worker-0/DEBUG] [com.tterrag.registrate.AbstractRegistrate/REGISTRATE.REGISTER]: Captured registration for entry andesite_door of type minecraft:block
[23Mar2025 15:21:41.124] [modloading-worker-0/DEBUG] [com.tterrag.registrate.AbstractRegistrate/REGISTRATE.REGISTER]: Captured registration for entry brass_door of type minecraft:item
[23Mar2025 15:21:41.127] [modloading-worker-0/DEBUG] [com.tterrag.registrate.AbstractRegistrate/REGISTRATE.REGISTER]: Captured registration for entry brass_door of type minecraft:block
[23Mar2025 15:21:41.127] [modloading-worker-0/DEBUG] [com.tterrag.registrate.AbstractRegistrate/REGISTRATE.REGISTER]: Captured registration for entry copper_door of type minecraft:item
[23Mar2025 15:21:41.127] [modloading-worker-0/DEBUG] [com.tterrag.registrate.AbstractRegistrate/REGISTRATE.REGISTER]: Captured registration for entry copper_door of type minecraft:block
[23Mar2025 15:21:41.127] [modloading-worker-0/DEBUG] [com.tterrag.registrate.AbstractRegistrate/REGISTRATE.REGISTER]: Captured registration for entry train_door of type minecraft:item
[23Mar2025 15:21:41.128] [modloading-worker-0/DEBUG] [com.tterrag.registrate.AbstractRegistrate/REGISTRATE.REGISTER]: Captured registration for entry train_door of type minecraft:block
[23Mar2025 15:21:41.133] [modloading-worker-0/DEBUG] [com.tterrag.registrate.AbstractRegistrate/REGISTRATE.REGISTER]: Captured registration for entry train_trapdoor of type minecraft:item
[23Mar2025 15:21:41.133] [modloading-worker-0/DEBUG] [com.tterrag.registrate.AbstractRegistrate/REGISTRATE.REGISTER]: Captured registration for entry train_trapdoor of type minecraft:block
[23Mar2025 15:21:41.133] [modloading-worker-0/DEBUG] [com.tterrag.registrate.AbstractRegistrate/REGISTRATE.REGISTER]: Captured registration for entry framed_glass_door of type minecraft:item
[23Mar2025 15:21:41.133] [modloading-worker-0/DEBUG] [com.tterrag.registrate.AbstractRegistrate/REGISTRATE.REGISTER]: Captured registration for entry framed_glass_door of type minecraft:block
[23Mar2025 15:21:41.134] [modloading-worker-0/DEBUG] [com.tterrag.registrate.AbstractRegistrate/REGISTRATE.REGISTER]: Captured registration for entry framed_glass_trapdoor of type minecraft:item
[23Mar2025 15:21:41.135] [modloading-worker-0/DEBUG] [com.tterrag.registrate.AbstractRegistrate/REGISTRATE.REGISTER]: Captured registration for entry framed_glass_trapdoor of type minecraft:block
[23Mar2025 15:21:41.139] [modloading-worker-0/DEBUG] [com.tterrag.registrate.AbstractRegistrate/REGISTRATE.REGISTER]: Captured registration for entry zinc_ore of type minecraft:item
[23Mar2025 15:21:41.139] [modloading-worker-0/DEBUG] [com.tterrag.registrate.AbstractRegistrate/REGISTRATE.REGISTER]: Captured registration for entry zinc_ore of type minecraft:block
[23Mar2025 15:21:41.140] [modloading-worker-0/DEBUG] [com.tterrag.registrate.AbstractRegistrate/REGISTRATE.REGISTER]: Captured registration for entry deepslate_zinc_ore of type minecraft:item
[23Mar2025 15:21:41.140] [modloading-worker-0/DEBUG] [com.tterrag.registrate.AbstractRegistrate/REGISTRATE.REGISTER]: Captured registration for entry deepslate_zinc_ore of type minecraft:block
[23Mar2025 15:21:41.141] [modloading-worker-0/DEBUG] [com.tterrag.registrate.AbstractRegistrate/REGISTRATE.REGISTER]: Captured registration for entry raw_zinc_block of type minecraft:item
[23Mar2025 15:21:41.143] [modloading-worker-0/DEBUG] [com.tterrag.registrate.AbstractRegistrate/REGISTRATE.REGISTER]: Captured registration for entry raw_zinc_block of type minecraft:block
[23Mar2025 15:21:41.150] [modloading-worker-0/DEBUG] [com.tterrag.registrate.AbstractRegistrate/REGISTRATE.REGISTER]: Captured registration for entry zinc_block of type minecraft:item
[23Mar2025 15:21:41.153] [modloading-worker-0/DEBUG] [com.tterrag.registrate.AbstractRegistrate/REGISTRATE.REGISTER]: Captured registration for entry zinc_block of type minecraft:block
[23Mar2025 15:21:41.154] [modloading-worker-0/DEBUG] [com.tterrag.registrate.AbstractRegistrate/REGISTRATE.REGISTER]: Captured registration for entry andesite_alloy_block of type minecraft:item
[23Mar2025 15:21:41.154] [modloading-worker-0/DEBUG] [com.tterrag.registrate.AbstractRegistrate/REGISTRATE.REGISTER]: Captured registration for entry andesite_alloy_block of type minecraft:block
[23Mar2025 15:21:41.156] [modloading-worker-0/DEBUG] [com.tterrag.registrate.AbstractRegistrate/REGISTRATE.REGISTER]: Captured registration for entry industrial_iron_block of type minecraft:item
[23Mar2025 15:21:41.156] [modloading-worker-0/DEBUG] [com.tterrag.registrate.AbstractRegistrate/REGISTRATE.REGISTER]: Captured registration for entry industrial_iron_block of type minecraft:block
[23Mar2025 15:21:41.156] [modloading-worker-0/DEBUG] [com.tterrag.registrate.AbstractRegistrate/REGISTRATE.REGISTER]: Captured registration for entry weathered_iron_block of type minecraft:item
[23Mar2025 15:21:41.159] [modloading-worker-0/DEBUG] [com.tterrag.registrate.AbstractRegistrate/REGISTRATE.REGISTER]: Captured registration for entry weathered_iron_block of type minecraft:block
[23Mar2025 15:21:41.160] [modloading-worker-0/DEBUG] [com.tterrag.registrate.AbstractRegistrate/REGISTRATE.REGISTER]: Captured registration for entry brass_block of type minecraft:item
[23Mar2025 15:21:41.160] [modloading-worker-0/DEBUG] [com.tterrag.registrate.AbstractRegistrate/REGISTRATE.REGISTER]: Captured registration for entry brass_block of type minecraft:block
[23Mar2025 15:21:41.162] [modloading-worker-0/DEBUG] [com.tterrag.registrate.AbstractRegistrate/REGISTRATE.REGISTER]: Captured registration for entry cardboard_block of type minecraft:item
[23Mar2025 15:21:41.162] [modloading-worker-0/DEBUG] [com.tterrag.registrate.AbstractRegistrate/REGISTRATE.REGISTER]: Captured registration for entry cardboard_block of type minecraft:block
[23Mar2025 15:21:41.163] [modloading-worker-0/DEBUG] [com.tterrag.registrate.AbstractRegistrate/REGISTRATE.REGISTER]: Captured registration for entry bound_cardboard_block of type minecraft:item
[23Mar2025 15:21:41.163] [modloading-worker-0/DEBUG] [com.tterrag.registrate.AbstractRegistrate/REGISTRATE.REGISTER]: Captured registration for entry bound_cardboard_block of type minecraft:block
[23Mar2025 15:21:41.165] [modloading-worker-0/DEBUG] [com.tterrag.registrate.AbstractRegistrate/REGISTRATE.REGISTER]: Captured registration for entry experience_block of type minecraft:item
[23Mar2025 15:21:41.165] [modloading-worker-0/DEBUG] [com.tterrag.registrate.AbstractRegistrate/REGISTRATE.REGISTER]: Captured registration for entry experience_block of type minecraft:block
[23Mar2025 15:21:41.166] [modloading-worker-0/DEBUG] [com.tterrag.registrate.AbstractRegistrate/REGISTRATE.REGISTER]: Captured registration for entry rose_quartz_block of type minecraft:item
[23Mar2025 15:21:41.166] [modloading-worker-0/DEBUG] [com.tterrag.registrate.AbstractRegistrate/REGISTRATE.REGISTER]: Captured registration for entry rose_quartz_block of type minecraft:block
[23Mar2025 15:21:41.167] [modloading-worker-0/DEBUG] [com.tterrag.registrate.AbstractRegistrate/REGISTRATE.REGISTER]: Captured registration for entry rose_quartz_tiles of type minecraft:item
[23Mar2025 15:21:41.167] [modloading-worker-0/DEBUG] [com.tterrag.registrate.AbstractRegistrate/REGISTRATE.REGISTER]: Captured registration for entry rose_quartz_tiles of type minecraft:block
[23Mar2025 15:21:41.168] [modloading-worker-0/DEBUG] [com.tterrag.registrate.AbstractRegistrate/REGISTRATE.REGISTER]: Captured registration for entry small_rose_quartz_tiles of type minecraft:item
[23Mar2025 15:21:41.168] [modloading-worker-0/DEBUG] [com.tterrag.registrate.AbstractRegistrate/REGISTRATE.REGISTER]: Captured registration for entry small_rose_quartz_tiles of type minecraft:block
[23Mar2025 15:21:41.176] [modloading-worker-0/DEBUG] [com.tterrag.registrate.AbstractRegistrate/REGISTRATE.REGISTER]: Captured registration for entry copper_shingles of type minecraft:item
[23Mar2025 15:21:41.176] [modloading-worker-0/DEBUG] [com.tterrag.registrate.AbstractRegistrate/REGISTRATE.REGISTER]: Captured registration for entry copper_shingles of type minecraft:block
[23Mar2025 15:21:41.177] [modloading-worker-0/DEBUG] [com.tterrag.registrate.AbstractRegistrate/REGISTRATE.REGISTER]: Captured registration for entry exposed_copper_shingles of type minecraft:item
[23Mar2025 15:21:41.177] [modloading-worker-0/DEBUG] [com.tterrag.registrate.AbstractRegistrate/REGISTRATE.REGISTER]: Captured registration for entry exposed_copper_shingles of type minecraft:block
[23Mar2025 15:21:41.181] [modloading-worker-0/DEBUG] [com.tterrag.registrate.AbstractRegistrate/REGISTRATE.REGISTER]: Captured registration for entry weathered_copper_shingles of type minecraft:item
[23Mar2025 15:21:41.181] [modloading-worker-0/DEBUG] [com.tterrag.registrate.AbstractRegistrate/REGISTRATE.REGISTER]: Captured registration for entry weathered_copper_shingles of type minecraft:block
[23Mar2025 15:21:41.182] [modloading-worker-0/DEBUG] [com.tterrag.registrate.AbstractRegistrate/REGISTRATE.REGISTER]: Captured registration for entry oxidized_copper_shingles of type minecraft:item
[23Mar2025 15:21:41.182] [modloading-worker-0/DEBUG] [com.tterrag.registrate.AbstractRegistrate/REGISTRATE.REGISTER]: Captured registration for entry oxidized_copper_shingles of type minecraft:block
[23Mar2025 15:21:41.182] [modloading-worker-0/DEBUG] [com.tterrag.registrate.AbstractRegistrate/REGISTRATE.REGISTER]: Captured registration for entry copper_shingle_slab of type minecraft:item
[23Mar2025 15:21:41.182] [modloading-worker-0/DEBUG] [com.tterrag.registrate.AbstractRegistrate/REGISTRATE.REGISTER]: Captured registration for entry copper_shingle_slab of type minecraft:block
[23Mar2025 15:21:41.182] [modloading-worker-0/DEBUG] [com.tterrag.registrate.AbstractRegistrate/REGISTRATE.REGISTER]: Captured registration for entry exposed_copper_shingle_slab of type minecraft:item
[23Mar2025 15:21:41.183] [modloading-worker-0/DEBUG] [com.tterrag.registrate.AbstractRegistrate/REGISTRATE.REGISTER]: Captured registration for entry exposed_copper_shingle_slab of type minecraft:block
[23Mar2025 15:21:41.183] [modloading-worker-0/DEBUG] [com.tterrag.registrate.AbstractRegistrate/REGISTRATE.REGISTER]: Captured registration for entry weathered_copper_shingle_slab of type minecraft:item
[23Mar2025 15:21:41.183] [modloading-worker-0/DEBUG] [com.tterrag.registrate.AbstractRegistrate/REGISTRATE.REGISTER]: Captured registration for entry weathered_copper_shingle_slab of type minecraft:block
[23Mar2025 15:21:41.183] [modloading-worker-0/DEBUG] [com.tterrag.registrate.AbstractRegistrate/REGISTRATE.REGISTER]: Captured registration for entry oxidized_copper_shingle_slab of type minecraft:item
[23Mar2025 15:21:41.183] [modloading-worker-0/DEBUG] [com.tterrag.registrate.AbstractRegistrate/REGISTRATE.REGISTER]: Captured registration for entry oxidized_copper_shingle_slab of type minecraft:block
[23Mar2025 15:21:41.184] [modloading-worker-0/DEBUG] [com.tterrag.registrate.AbstractRegistrate/REGISTRATE.REGISTER]: Captured registration for entry copper_shingle_stairs of type minecraft:item
[23Mar2025 15:21:41.187] [modloading-worker-0/DEBUG] [com.tterrag.registrate.AbstractRegistrate/REGISTRATE.REGISTER]: Captured registration for entry copper_shingle_stairs of type minecraft:block
[23Mar2025 15:21:41.187] [modloading-worker-0/DEBUG] [com.tterrag.registrate.AbstractRegistrate/REGISTRATE.REGISTER]: Captured registration for entry exposed_copper_shingle_stairs of type minecraft:item
[23Mar2025 15:21:41.188] [modloading-worker-0/DEBUG] [com.tterrag.registrate.AbstractRegistrate/REGISTRATE.REGISTER]: Captured registration for entry exposed_copper_shingle_stairs of type minecraft:block
[23Mar2025 15:21:41.188] [modloading-worker-0/DEBUG] [com.tterrag.registrate.AbstractRegistrate/REGISTRATE.REGISTER]: Captured registration for entry weathered_copper_shingle_stairs of type minecraft:item
[23Mar2025 15:21:41.188] [modloading-worker-0/DEBUG] [com.tterrag.registrate.AbstractRegistrate/REGISTRATE.REGISTER]: Captured registration for entry weathered_copper_shingle_stairs of type minecraft:block
[23Mar2025 15:21:41.188] [modloading-worker-0/DEBUG] [com.tterrag.registrate.AbstractRegistrate/REGISTRATE.REGISTER]: Captured registration for entry oxidized_copper_shingle_stairs of type minecraft:item
[23Mar2025 15:21:41.188] [modloading-worker-0/DEBUG] [com.tterrag.registrate.AbstractRegistrate/REGISTRATE.REGISTER]: Captured registration for entry oxidized_copper_shingle_stairs of type minecraft:block
[23Mar2025 15:21:41.188] [modloading-worker-0/DEBUG] [com.tterrag.registrate.AbstractRegistrate/REGISTRATE.REGISTER]: Captured registration for entry waxed_copper_shingles of type minecraft:item
[23Mar2025 15:21:41.189] [modloading-worker-0/DEBUG] [com.tterrag.registrate.AbstractRegistrate/REGISTRATE.REGISTER]: Captured registration for entry waxed_copper_shingles of type minecraft:block
[23Mar2025 15:21:41.189] [modloading-worker-0/DEBUG] [com.tterrag.registrate.AbstractRegistrate/REGISTRATE.REGISTER]: Captured registration for entry waxed_exposed_copper_shingles of type minecraft:item
[23Mar2025 15:21:41.189] [modloading-worker-0/DEBUG] [com.tterrag.registrate.AbstractRegistrate/REGISTRATE.REGISTER]: Captured registration for entry waxed_exposed_copper_shingles of type minecraft:block
[23Mar2025 15:21:41.190] [modloading-worker-0/DEBUG] [com.tterrag.registrate.AbstractRegistrate/REGISTRATE.REGISTER]: Captured registration for entry waxed_weathered_copper_shingles of type minecraft:item
[23Mar2025 15:21:41.190] [modloading-worker-0/DEBUG] [com.tterrag.registrate.AbstractRegistrate/REGISTRATE.REGISTER]: Captured registration for entry waxed_weathered_copper_shingles of type minecraft:block
[23Mar2025 15:21:41.190] [modloading-worker-0/DEBUG] [com.tterrag.registrate.AbstractRegistrate/REGISTRATE.REGISTER]: Captured registration for entry waxed_oxidized_copper_shingles of type minecraft:item
[23Mar2025 15:21:41.190] [modloading-worker-0/DEBUG] [com.tterrag.registrate.AbstractRegistrate/REGISTRATE.REGISTER]: Captured registration for entry waxed_oxidized_copper_shingles of type minecraft:block
[23Mar2025 15:21:41.190] [modloading-worker-0/DEBUG] [com.tterrag.registrate.AbstractRegistrate/REGISTRATE.REGISTER]: Captured registration for entry waxed_copper_shingle_slab of type minecraft:item
[23Mar2025 15:21:41.191] [modloading-worker-0/DEBUG] [com.tterrag.registrate.AbstractRegistrate/REGISTRATE.REGISTER]: Captured registration for entry waxed_copper_shingle_slab of type minecraft:block
[23Mar2025 15:21:41.191] [modloading-worker-0/DEBUG] [com.tterrag.registrate.AbstractRegistrate/REGISTRATE.REGISTER]: Captured registration for entry waxed_exposed_copper_shingle_slab of type minecraft:item
[23Mar2025 15:21:41.193] [modloading-worker-0/DEBUG] [com.tterrag.registrate.AbstractRegistrate/REGISTRATE.REGISTER]: Captured registration for entry waxed_exposed_copper_shingle_slab of type minecraft:block
[23Mar2025 15:21:41.194] [modloading-worker-0/DEBUG] [com.tterrag.registrate.AbstractRegistrate/REGISTRATE.REGISTER]: Captured registration for entry waxed_weathered_copper_shingle_slab of type minecraft:item
[23Mar2025 15:21:41.194] [modloading-worker-0/DEBUG] [com.tterrag.registrate.AbstractRegistrate/REGISTRATE.REGISTER]: Captured registration for entry waxed_weathered_copper_shingle_slab of type minecraft:block
[23Mar2025 15:21:41.194] [modloading-worker-0/DEBUG] [com.tterrag.registrate.AbstractRegistrate/REGISTRATE.REGISTER]: Captured registration for entry waxed_oxidized_copper_shingle_slab of type minecraft:item
[23Mar2025 15:21:41.194] [modloading-worker-0/DEBUG] [com.tterrag.registrate.AbstractRegistrate/REGISTRATE.REGISTER]: Captured registration for entry waxed_oxidized_copper_shingle_slab of type minecraft:block
[23Mar2025 15:21:41.194] [modloading-worker-0/DEBUG] [com.tterrag.registrate.AbstractRegistrate/REGISTRATE.REGISTER]: Captured registration for entry waxed_copper_shingle_stairs of type minecraft:item
[23Mar2025 15:21:41.195] [modloading-worker-0/DEBUG] [com.tterrag.registrate.AbstractRegistrate/REGISTRATE.REGISTER]: Captured registration for entry waxed_copper_shingle_stairs of type minecraft:block
[23Mar2025 15:21:41.195] [modloading-worker-0/DEBUG] [com.tterrag.registrate.AbstractRegistrate/REGISTRATE.REGISTER]: Captured registration for entry waxed_exposed_copper_shingle_stairs of type minecraft:item
[23Mar2025 15:21:41.195] [modloading-worker-0/DEBUG] [com.tterrag.registrate.AbstractRegistrate/REGISTRATE.REGISTER]: Captured registration for entry waxed_exposed_copper_shingle_stairs of type minecraft:block
[23Mar2025 15:21:41.195] [modloading-worker-0/DEBUG] [com.tterrag.registrate.AbstractRegistrate/REGISTRATE.REGISTER]: Captured registration for entry waxed_weathered_copper_shingle_stairs of type minecraft:item
[23Mar2025 15:21:41.195] [modloading-worker-0/DEBUG] [com.tterrag.registrate.AbstractRegistrate/REGISTRATE.REGISTER]: Captured registration for entry waxed_weathered_copper_shingle_stairs of type minecraft:block
[23Mar2025 15:21:41.196] [modloading-worker-0/DEBUG] [com.tterrag.registrate.AbstractRegistrate/REGISTRATE.REGISTER]: Captured registration for entry waxed_oxidized_copper_shingle_stairs of type minecraft:item
[23Mar2025 15:21:41.196] [modloading-worker-0/DEBUG] [com.tterrag.registrate.AbstractRegistrate/REGISTRATE.REGISTER]: Captured registration for entry waxed_oxidized_copper_shingle_stairs of type minecraft:block
[23Mar2025 15:21:41.196] [modloading-worker-0/DEBUG] [com.tterrag.registrate.AbstractRegistrate/REGISTRATE.REGISTER]: Captured registration for entry copper_tiles of type minecraft:item
[23Mar2025 15:21:41.197] [modloading-worker-0/DEBUG] [com.tterrag.registrate.AbstractRegistrate/REGISTRATE.REGISTER]: Captured registration for entry copper_tiles of type minecraft:block
[23Mar2025 15:21:41.197] [modloading-worker-0/DEBUG] [com.tterrag.registrate.AbstractRegistrate/REGISTRATE.REGISTER]: Captured registration for entry exposed_copper_tiles of type minecraft:item
[23Mar2025 15:21:41.197] [modloading-worker-0/DEBUG] [com.tterrag.registrate.AbstractRegistrate/REGISTRATE.REGISTER]: Captured registration for entry exposed_copper_tiles of type minecraft:block
[23Mar2025 15:21:41.197] [modloading-worker-0/DEBUG] [com.tterrag.registrate.AbstractRegistrate/REGISTRATE.REGISTER]: Captured registration for entry weathered_copper_tiles of type minecraft:item
[23Mar2025 15:21:41.200] [modloading-worker-0/DEBUG] [com.tterrag.registrate.AbstractRegistrate/REGISTRATE.REGISTER]: Captured registration for entry weathered_copper_tiles of type minecraft:block
[23Mar2025 15:21:41.200] [modloading-worker-0/DEBUG] [com.tterrag.registrate.AbstractRegistrate/REGISTRATE.REGISTER]: Captured registration for entry oxidized_copper_tiles of type minecraft:item
[23Mar2025 15:21:41.201] [modloading-worker-0/DEBUG] [com.tterrag.registrate.AbstractRegistrate/REGISTRATE.REGISTER]: Captured registration for entry oxidized_copper_tiles of type minecraft:block
[23Mar2025 15:21:41.201] [modloading-worker-0/DEBUG] [com.tterrag.registrate.AbstractRegistrate/REGISTRATE.REGISTER]: Captured registration for entry copper_tile_slab of type minecraft:item
[23Mar2025 15:21:41.201] [modloading-worker-0/DEBUG] [com.tterrag.registrate.AbstractRegistrate/REGISTRATE.REGISTER]: Captured registration for entry copper_tile_slab of type minecraft:block
[23Mar2025 15:21:41.201] [modloading-worker-0/DEBUG] [com.tterrag.registrate.AbstractRegistrate/REGISTRATE.REGISTER]: Captured registration for entry exposed_copper_tile_slab of type minecraft:item
[23Mar2025 15:21:41.201] [modloading-worker-0/DEBUG] [com.tterrag.registrate.AbstractRegistrate/REGISTRATE.REGISTER]: Captured registration for entry exposed_copper_tile_slab of type minecraft:block
[23Mar2025 15:21:41.201] [modloading-worker-0/DEBUG] [com.tterrag.registrate.AbstractRegistrate/REGISTRATE.REGISTER]: Captured registration for entry weathered_copper_tile_slab of type minecraft:item
[23Mar2025 15:21:41.201] [modloading-worker-0/DEBUG] [com.tterrag.registrate.AbstractRegistrate/REGISTRATE.REGISTER]: Captured registration for entry weathered_copper_tile_slab of type minecraft:block
[23Mar2025 15:21:41.201] [modloading-worker-0/DEBUG] [com.tterrag.registrate.AbstractRegistrate/REGISTRATE.REGISTER]: Captured registration for entry oxidized_copper_tile_slab of type minecraft:item
[23Mar2025 15:21:41.201] [modloading-worker-0/DEBUG] [com.tterrag.registrate.AbstractRegistrate/REGISTRATE.REGISTER]: Captured registration for entry oxidized_copper_tile_slab of type minecraft:block
[23Mar2025 15:21:41.202] [modloading-worker-0/DEBUG] [com.tterrag.registrate.AbstractRegistrate/REGISTRATE.REGISTER]: Captured registration for entry copper_tile_stairs of type minecraft:item
[23Mar2025 15:21:41.202] [modloading-worker-0/DEBUG] [com.tterrag.registrate.AbstractRegistrate/REGISTRATE.REGISTER]: Captured registration for entry copper_tile_stairs of type minecraft:block
[23Mar2025 15:21:41.202] [modloading-worker-0/DEBUG] [com.tterrag.registrate.AbstractRegistrate/REGISTRATE.REGISTER]: Captured registration for entry exposed_copper_tile_stairs of type minecraft:item
[23Mar2025 15:21:41.202] [modloading-worker-0/DEBUG] [com.tterrag.registrate.AbstractRegistrate/REGISTRATE.REGISTER]: Captured registration for entry exposed_copper_tile_stairs of type minecraft:block
[23Mar2025 15:21:41.202] [modloading-worker-0/DEBUG] [com.tterrag.registrate.AbstractRegistrate/REGISTRATE.REGISTER]: Captured registration for entry weathered_copper_tile_stairs of type minecraft:item
[23Mar2025 15:21:41.202] [modloading-worker-0/DEBUG] [com.tterrag.registrate.AbstractRegistrate/REGISTRATE.REGISTER]: Captured registration for entry weathered_copper_tile_stairs of type minecraft:block
[23Mar2025 15:21:41.203] [modloading-worker-0/DEBUG] [com.tterrag.registrate.AbstractRegistrate/REGISTRATE.REGISTER]: Captured registration for entry oxidized_copper_tile_stairs of type minecraft:item
[23Mar2025 15:21:41.203] [modloading-worker-0/DEBUG] [com.tterrag.registrate.AbstractRegistrate/REGISTRATE.REGISTER]: Captured registration for entry oxidized_copper_tile_stairs of type minecraft:block
[23Mar2025 15:21:41.203] [modloading-worker-0/DEBUG] [com.tterrag.registrate.AbstractRegistrate/REGISTRATE.REGISTER]: Captured registration for entry waxed_copper_tiles of type minecraft:item
[23Mar2025 15:21:41.203] [modloading-worker-0/DEBUG] [com.tterrag.registrate.AbstractRegistrate/REGISTRATE.REGISTER]: Captured registration for entry waxed_copper_tiles of type minecraft:block
[23Mar2025 15:21:41.203] [modloading-worker-0/DEBUG] [com.tterrag.registrate.AbstractRegistrate/REGISTRATE.REGISTER]: Captured registration for entry waxed_exposed_copper_tiles of type minecraft:item
[23Mar2025 15:21:41.203] [modloading-worker-0/DEBUG] [com.tterrag.registrate.AbstractRegistrate/REGISTRATE.REGISTER]: Captured registration for entry waxed_exposed_copper_tiles of type minecraft:block
[23Mar2025 15:21:41.204] [modloading-worker-0/DEBUG] [com.tterrag.registrate.AbstractRegistrate/REGISTRATE.REGISTER]: Captured registration for entry waxed_weathered_copper_tiles of type minecraft:item
[23Mar2025 15:21:41.204] [modloading-worker-0/DEBUG] [com.tterrag.registrate.AbstractRegistrate/REGISTRATE.REGISTER]: Captured registration for entry waxed_weathered_copper_tiles of type minecraft:block
[23Mar2025 15:21:41.204] [modloading-worker-0/DEBUG] [com.tterrag.registrate.AbstractRegistrate/REGISTRATE.REGISTER]: Captured registration for entry waxed_oxidized_copper_tiles of type minecraft:item
[23Mar2025 15:21:41.204] [modloading-worker-0/DEBUG] [com.tterrag.registrate.AbstractRegistrate/REGISTRATE.REGISTER]: Captured registration for entry waxed_oxidized_copper_tiles of type minecraft:block
[23Mar2025 15:21:41.204] [modloading-worker-0/DEBUG] [com.tterrag.registrate.AbstractRegistrate/REGISTRATE.REGISTER]: Captured registration for entry waxed_copper_tile_slab of type minecraft:item
[23Mar2025 15:21:41.204] [modloading-worker-0/DEBUG] [com.tterrag.registrate.AbstractRegistrate/REGISTRATE.REGISTER]: Captured registration for entry waxed_copper_tile_slab of type minecraft:block
[23Mar2025 15:21:41.205] [modloading-worker-0/DEBUG] [com.tterrag.registrate.AbstractRegistrate/REGISTRATE.REGISTER]: Captured registration for entry waxed_exposed_copper_tile_slab of type minecraft:item
[23Mar2025 15:21:41.205] [modloading-worker-0/DEBUG] [com.tterrag.registrate.AbstractRegistrate/REGISTRATE.REGISTER]: Captured registration for entry waxed_exposed_copper_tile_slab of type minecraft:block
[23Mar2025 15:21:41.205] [modloading-worker-0/DEBUG] [com.tterrag.registrate.AbstractRegistrate/REGISTRATE.REGISTER]: Captured registration for entry waxed_weathered_copper_tile_slab of type minecraft:item
[23Mar2025 15:21:41.207] [modloading-worker-0/DEBUG] [com.tterrag.registrate.AbstractRegistrate/REGISTRATE.REGISTER]: Captured registration for entry waxed_weathered_copper_tile_slab of type minecraft:block
[23Mar2025 15:21:41.207] [modloading-worker-0/DEBUG] [com.tterrag.registrate.AbstractRegistrate/REGISTRATE.REGISTER]: Captured registration for entry waxed_oxidized_copper_tile_slab of type minecraft:item
[23Mar2025 15:21:41.208] [modloading-worker-0/DEBUG] [com.tterrag.registrate.AbstractRegistrate/REGISTRATE.REGISTER]: Captured registration for entry waxed_oxidized_copper_tile_slab of type minecraft:block
[23Mar2025 15:21:41.208] [modloading-worker-0/DEBUG] [com.tterrag.registrate.AbstractRegistrate/REGISTRATE.REGISTER]: Captured registration for entry waxed_copper_tile_stairs of type minecraft:item
[23Mar2025 15:21:41.208] [modloading-worker-0/DEBUG] [com.tterrag.registrate.AbstractRegistrate/REGISTRATE.REGISTER]: Captured registration for entry waxed_copper_tile_stairs of type minecraft:block
[23Mar2025 15:21:41.208] [modloading-worker-0/DEBUG] [com.tterrag.registrate.AbstractRegistrate/REGISTRATE.REGISTER]: Captured registration for entry waxed_exposed_copper_tile_stairs of type minecraft:item
[23Mar2025 15:21:41.208] [modloading-worker-0/DEBUG] [com.tterrag.registrate.AbstractRegistrate/REGISTRATE.REGISTER]: Captured registration for entry waxed_exposed_copper_tile_stairs of type minecraft:block
[23Mar2025 15:21:41.208] [modloading-worker-0/DEBUG] [com.tterrag.registrate.AbstractRegistrate/REGISTRATE.REGISTER]: Captured registration for entry waxed_weathered_copper_tile_stairs of type minecraft:item
[23Mar2025 15:21:41.208] [modloading-worker-0/DEBUG] [com.tterrag.registrate.AbstractRegistrate/REGISTRATE.REGISTER]: Captured registration for entry waxed_weathered_copper_tile_stairs of type minecraft:block
[23Mar2025 15:21:41.208] [modloading-worker-0/DEBUG] [com.tterrag.registrate.AbstractRegistrate/REGISTRATE.REGISTER]: Captured registration for entry waxed_oxidized_copper_tile_stairs of type minecraft:item
[23Mar2025 15:21:41.209] [modloading-worker-0/DEBUG] [com.tterrag.registrate.AbstractRegistrate/REGISTRATE.REGISTER]: Captured registration for entry waxed_oxidized_copper_tile_stairs of type minecraft:block
[23Mar2025 15:21:41.214] [modloading-worker-0/DEBUG] [net.minecraftforge.fml.config.ConfigTracker/CONFIG]: Config file quark-common.toml for quark tracking
[23Mar2025 15:21:41.226] [modloading-worker-0/DEBUG] [com.tterrag.registrate.AbstractRegistrate/REGISTRATE.REGISTER]: Captured registration for entry potion of type forge:fluid_type
[23Mar2025 15:21:41.227] [modloading-worker-0/DEBUG] [com.tterrag.registrate.AbstractRegistrate/REGISTRATE.REGISTER]: Captured registration for entry potion of type minecraft:fluid
[23Mar2025 15:21:41.227] [modloading-worker-0/DEBUG] [com.tterrag.registrate.AbstractRegistrate/REGISTRATE.REGISTER]: Captured registration for entry flowing_potion of type minecraft:fluid
[23Mar2025 15:21:41.229] [modloading-worker-0/DEBUG] [com.tterrag.registrate.AbstractRegistrate/REGISTRATE.REGISTER]: Captured registration for entry tea of type forge:fluid_type
[23Mar2025 15:21:41.231] [modloading-worker-0/DEBUG] [com.tterrag.registrate.AbstractRegistrate/REGISTRATE.REGISTER]: Captured registration for entry tea of type minecraft:fluid
[23Mar2025 15:21:41.232] [modloading-worker-0/DEBUG] [com.tterrag.registrate.AbstractRegistrate/REGISTRATE.REGISTER]: Captured registration for entry flowing_tea of type minecraft:fluid
[23Mar2025 15:21:41.236] [modloading-worker-0/DEBUG] [com.tterrag.registrate.AbstractRegistrate/REGISTRATE.REGISTER]: Captured registration for entry honey_bucket of type minecraft:item
[23Mar2025 15:21:41.236] [modloading-worker-0/DEBUG] [com.tterrag.registrate.AbstractRegistrate/REGISTRATE.REGISTER]: Captured registration for entry honey of type forge:fluid_type
[23Mar2025 15:21:41.237] [modloading-worker-0/DEBUG] [com.tterrag.registrate.AbstractRegistrate/REGISTRATE.REGISTER]: Captured registration for entry honey of type minecraft:block
[23Mar2025 15:21:41.237] [modloading-worker-0/DEBUG] [com.tterrag.registrate.AbstractRegistrate/REGISTRATE.REGISTER]: Captured registration for entry honey of type minecraft:fluid
[23Mar2025 15:21:41.237] [modloading-worker-0/WARN] [net.minecraftforge.common.ForgeConfigSpec/CORE]: Configuration file /workspaces/insano/servidor_minecraft/config/quark-common.toml is not correct. Correcting
[23Mar2025 15:21:41.238] [modloading-worker-0/DEBUG] [com.tterrag.registrate.AbstractRegistrate/REGISTRATE.REGISTER]: Captured registration for entry flowing_honey of type minecraft:fluid
[23Mar2025 15:21:41.239] [modloading-worker-0/DEBUG] [com.tterrag.registrate.AbstractRegistrate/REGISTRATE.REGISTER]: Captured registration for entry chocolate of type forge:fluid_type
[23Mar2025 15:21:41.238] [modloading-worker-0/DEBUG] [net.minecraftforge.common.ForgeConfigSpec/CORE]: The comment on key building.leaf_carpet.Ignore Anti Overlap does not match the spec. This may create a backup.
[23Mar2025 15:21:41.239] [modloading-worker-0/DEBUG] [net.minecraftforge.common.ForgeConfigSpec/CORE]: The comment on key building.thatch.Ignore Anti Overlap does not match the spec. This may create a backup.
[23Mar2025 15:21:41.240] [modloading-worker-0/DEBUG] [net.minecraftforge.common.ForgeConfigSpec/CORE]: The comment on key building.variant_bookshelves.Ignore Anti Overlap does not match the spec. This may create a backup.
[23Mar2025 15:21:41.240] [modloading-worker-0/DEBUG] [net.minecraftforge.common.ForgeConfigSpec/CORE]: The comment on key building.variant_ladders.Ignore Anti Overlap does not match the spec. This may create a backup.
[23Mar2025 15:21:41.240] [modloading-worker-0/DEBUG] [com.tterrag.registrate.AbstractRegistrate/REGISTRATE.REGISTER]: Captured registration for entry chocolate of type minecraft:block
[23Mar2025 15:21:41.240] [modloading-worker-0/DEBUG] [com.tterrag.registrate.AbstractRegistrate/REGISTRATE.REGISTER]: Captured registration for entry chocolate_bucket of type minecraft:item
[23Mar2025 15:21:41.240] [modloading-worker-0/DEBUG] [com.tterrag.registrate.AbstractRegistrate/REGISTRATE.REGISTER]: Captured registration for entry chocolate of type minecraft:fluid
[23Mar2025 15:21:41.240] [modloading-worker-0/DEBUG] [com.tterrag.registrate.AbstractRegistrate/REGISTRATE.REGISTER]: Captured registration for entry flowing_chocolate of type minecraft:fluid
[23Mar2025 15:21:41.245] [modloading-worker-0/DEBUG] [com.tterrag.registrate.AbstractRegistrate/REGISTRATE.REGISTER]: Captured registration for entry tiled_glass of type minecraft:item
[23Mar2025 15:21:41.245] [modloading-worker-0/DEBUG] [com.tterrag.registrate.AbstractRegistrate/REGISTRATE.REGISTER]: Captured registration for entry tiled_glass of type minecraft:block
[23Mar2025 15:21:41.251] [modloading-worker-0/DEBUG] [com.tterrag.registrate.AbstractRegistrate/REGISTRATE.REGISTER]: Captured registration for entry framed_glass of type minecraft:item
[23Mar2025 15:21:41.252] [modloading-worker-0/DEBUG] [com.tterrag.registrate.AbstractRegistrate/REGISTRATE.REGISTER]: Captured registration for entry framed_glass of type minecraft:block
[23Mar2025 15:21:41.253] [modloading-worker-0/DEBUG] [com.tterrag.registrate.AbstractRegistrate/REGISTRATE.REGISTER]: Captured registration for entry horizontal_framed_glass of type minecraft:item
[23Mar2025 15:21:41.253] [modloading-worker-0/DEBUG] [com.tterrag.registrate.AbstractRegistrate/REGISTRATE.REGISTER]: Captured registration for entry horizontal_framed_glass of type minecraft:block
[23Mar2025 15:21:41.253] [modloading-worker-0/DEBUG] [com.tterrag.registrate.AbstractRegistrate/REGISTRATE.REGISTER]: Captured registration for entry vertical_framed_glass of type minecraft:item
[23Mar2025 15:21:41.254] [modloading-worker-0/DEBUG] [com.tterrag.registrate.AbstractRegistrate/REGISTRATE.REGISTER]: Captured registration for entry vertical_framed_glass of type minecraft:block
[23Mar2025 15:21:41.257] [modloading-worker-0/DEBUG] [com.tterrag.registrate.AbstractRegistrate/REGISTRATE.REGISTER]: Captured registration for entry tiled_glass_pane of type minecraft:item
[23Mar2025 15:21:41.257] [modloading-worker-0/DEBUG] [com.tterrag.registrate.AbstractRegistrate/REGISTRATE.REGISTER]: Captured registration for entry tiled_glass_pane of type minecraft:block
[23Mar2025 15:21:41.259] [modloading-worker-0/DEBUG] [com.tterrag.registrate.AbstractRegistrate/REGISTRATE.REGISTER]: Captured registration for entry framed_glass_pane of type minecraft:item
[23Mar2025 15:21:41.259] [modloading-worker-0/DEBUG] [com.tterrag.registrate.AbstractRegistrate/REGISTRATE.REGISTER]: Captured registration for entry framed_glass_pane of type minecraft:block
[23Mar2025 15:21:41.260] [modloading-worker-0/DEBUG] [com.tterrag.registrate.AbstractRegistrate/REGISTRATE.REGISTER]: Captured registration for entry horizontal_framed_glass_pane of type minecraft:item
[23Mar2025 15:21:41.260] [modloading-worker-0/DEBUG] [com.tterrag.registrate.AbstractRegistrate/REGISTRATE.REGISTER]: Captured registration for entry horizontal_framed_glass_pane of type minecraft:block
[23Mar2025 15:21:41.260] [modloading-worker-0/DEBUG] [com.tterrag.registrate.AbstractRegistrate/REGISTRATE.REGISTER]: Captured registration for entry vertical_framed_glass_pane of type minecraft:item
[23Mar2025 15:21:41.260] [modloading-worker-0/DEBUG] [com.tterrag.registrate.AbstractRegistrate/REGISTRATE.REGISTER]: Captured registration for entry vertical_framed_glass_pane of type minecraft:block
[23Mar2025 15:21:41.263] [modloading-worker-0/DEBUG] [com.tterrag.registrate.AbstractRegistrate/REGISTRATE.REGISTER]: Captured registration for entry oak_window of type minecraft:item
[23Mar2025 15:21:41.263] [modloading-worker-0/DEBUG] [com.tterrag.registrate.AbstractRegistrate/REGISTRATE.REGISTER]: Captured registration for entry oak_window of type minecraft:block
[23Mar2025 15:21:41.263] [modloading-worker-0/DEBUG] [com.tterrag.registrate.AbstractRegistrate/REGISTRATE.REGISTER]: Captured registration for entry spruce_window of type minecraft:item
[23Mar2025 15:21:41.263] [modloading-worker-0/DEBUG] [com.tterrag.registrate.AbstractRegistrate/REGISTRATE.REGISTER]: Captured registration for entry spruce_window of type minecraft:block
[23Mar2025 15:21:41.263] [modloading-worker-0/DEBUG] [com.tterrag.registrate.AbstractRegistrate/REGISTRATE.REGISTER]: Captured registration for entry birch_window of type minecraft:item
[23Mar2025 15:21:41.263] [modloading-worker-0/DEBUG] [com.tterrag.registrate.AbstractRegistrate/REGISTRATE.REGISTER]: Captured registration for entry birch_window of type minecraft:block
[23Mar2025 15:21:41.264] [modloading-worker-0/DEBUG] [com.tterrag.registrate.AbstractRegistrate/REGISTRATE.REGISTER]: Captured registration for entry jungle_window of type minecraft:item
[23Mar2025 15:21:41.264] [modloading-worker-0/DEBUG] [com.tterrag.registrate.AbstractRegistrate/REGISTRATE.REGISTER]: Captured registration for entry jungle_window of type minecraft:block
[23Mar2025 15:21:41.264] [modloading-worker-0/DEBUG] [com.tterrag.registrate.AbstractRegistrate/REGISTRATE.REGISTER]: Captured registration for entry acacia_window of type minecraft:item
[23Mar2025 15:21:41.264] [modloading-worker-0/DEBUG] [com.tterrag.registrate.AbstractRegistrate/REGISTRATE.REGISTER]: Captured registration for entry acacia_window of type minecraft:block
[23Mar2025 15:21:41.264] [modloading-worker-0/DEBUG] [com.tterrag.registrate.AbstractRegistrate/REGISTRATE.REGISTER]: Captured registration for entry dark_oak_window of type minecraft:item
[23Mar2025 15:21:41.264] [modloading-worker-0/DEBUG] [com.tterrag.registrate.AbstractRegistrate/REGISTRATE.REGISTER]: Captured registration for entry dark_oak_window of type minecraft:block
[23Mar2025 15:21:41.264] [modloading-worker-0/DEBUG] [com.tterrag.registrate.AbstractRegistrate/REGISTRATE.REGISTER]: Captured registration for entry mangrove_window of type minecraft:item
[23Mar2025 15:21:41.264] [modloading-worker-0/DEBUG] [com.tterrag.registrate.AbstractRegistrate/REGISTRATE.REGISTER]: Captured registration for entry mangrove_window of type minecraft:block
[23Mar2025 15:21:41.264] [modloading-worker-0/DEBUG] [com.tterrag.registrate.AbstractRegistrate/REGISTRATE.REGISTER]: Captured registration for entry crimson_window of type minecraft:item
[23Mar2025 15:21:41.264] [modloading-worker-0/DEBUG] [com.tterrag.registrate.AbstractRegistrate/REGISTRATE.REGISTER]: Captured registration for entry crimson_window of type minecraft:block
[23Mar2025 15:21:41.265] [modloading-worker-0/DEBUG] [com.tterrag.registrate.AbstractRegistrate/REGISTRATE.REGISTER]: Captured registration for entry warped_window of type minecraft:item
[23Mar2025 15:21:41.265] [modloading-worker-0/DEBUG] [com.tterrag.registrate.AbstractRegistrate/REGISTRATE.REGISTER]: Captured registration for entry warped_window of type minecraft:block
[23Mar2025 15:21:41.265] [modloading-worker-0/DEBUG] [com.tterrag.registrate.AbstractRegistrate/REGISTRATE.REGISTER]: Captured registration for entry cherry_window of type minecraft:item
[23Mar2025 15:21:41.265] [modloading-worker-0/DEBUG] [com.tterrag.registrate.AbstractRegistrate/REGISTRATE.REGISTER]: Captured registration for entry cherry_window of type minecraft:block
[23Mar2025 15:21:41.265] [modloading-worker-0/DEBUG] [com.tterrag.registrate.AbstractRegistrate/REGISTRATE.REGISTER]: Captured registration for entry bamboo_window of type minecraft:item
[23Mar2025 15:21:41.265] [modloading-worker-0/DEBUG] [com.tterrag.registrate.AbstractRegistrate/REGISTRATE.REGISTER]: Captured registration for entry bamboo_window of type minecraft:block
[23Mar2025 15:21:41.269] [modloading-worker-0/DEBUG] [com.tterrag.registrate.AbstractRegistrate/REGISTRATE.REGISTER]: Captured registration for entry ornate_iron_window of type minecraft:item
[23Mar2025 15:21:41.269] [modloading-worker-0/DEBUG] [com.tterrag.registrate.AbstractRegistrate/REGISTRATE.REGISTER]: Captured registration for entry ornate_iron_window of type minecraft:block
[23Mar2025 15:21:41.270] [modloading-worker-0/DEBUG] [com.tterrag.registrate.AbstractRegistrate/REGISTRATE.REGISTER]: Captured registration for entry industrial_iron_window of type minecraft:item
[23Mar2025 15:21:41.270] [modloading-worker-0/DEBUG] [com.tterrag.registrate.AbstractRegistrate/REGISTRATE.REGISTER]: Captured registration for entry industrial_iron_window of type minecraft:block
[23Mar2025 15:21:41.271] [modloading-worker-0/DEBUG] [com.tterrag.registrate.AbstractRegistrate/REGISTRATE.REGISTER]: Captured registration for entry weathered_iron_window of type minecraft:item
[23Mar2025 15:21:41.274] [modloading-worker-0/DEBUG] [com.tterrag.registrate.AbstractRegistrate/REGISTRATE.REGISTER]: Captured registration for entry weathered_iron_window of type minecraft:item
[23Mar2025 15:21:41.274] [modloading-worker-0/DEBUG] [com.tterrag.registrate.AbstractRegistrate/REGISTRATE.REGISTER]: Captured registration for entry weathered_iron_window of type minecraft:block
[23Mar2025 15:21:41.275] [modloading-worker-0/DEBUG] [com.tterrag.registrate.AbstractRegistrate/REGISTRATE.REGISTER]: Captured registration for entry oak_window_pane of type minecraft:item
[23Mar2025 15:21:41.276] [modloading-worker-0/DEBUG] [com.tterrag.registrate.AbstractRegistrate/REGISTRATE.REGISTER]: Captured registration for entry oak_window_pane of type minecraft:block
[23Mar2025 15:21:41.276] [modloading-worker-0/DEBUG] [com.tterrag.registrate.AbstractRegistrate/REGISTRATE.REGISTER]: Captured registration for entry spruce_window_pane of type minecraft:item
[23Mar2025 15:21:41.276] [modloading-worker-0/DEBUG] [com.tterrag.registrate.AbstractRegistrate/REGISTRATE.REGISTER]: Captured registration for entry spruce_window_pane of type minecraft:block
[23Mar2025 15:21:41.277] [modloading-worker-0/DEBUG] [com.tterrag.registrate.AbstractRegistrate/REGISTRATE.REGISTER]: Captured registration for entry birch_window_pane of type minecraft:item
[23Mar2025 15:21:41.277] [modloading-worker-0/DEBUG] [com.tterrag.registrate.AbstractRegistrate/REGISTRATE.REGISTER]: Captured registration for entry birch_window_pane of type minecraft:block
[23Mar2025 15:21:41.277] [modloading-worker-0/DEBUG] [com.tterrag.registrate.AbstractRegistrate/REGISTRATE.REGISTER]: Captured registration for entry jungle_window_pane of type minecraft:item
[23Mar2025 15:21:41.277] [modloading-worker-0/DEBUG] [com.tterrag.registrate.AbstractRegistrate/REGISTRATE.REGISTER]: Captured registration for entry jungle_window_pane of type minecraft:block
[23Mar2025 15:21:41.278] [modloading-worker-0/DEBUG] [com.tterrag.registrate.AbstractRegistrate/REGISTRATE.REGISTER]: Captured registration for entry acacia_window_pane of type minecraft:item
[23Mar2025 15:21:41.278] [modloading-worker-0/DEBUG] [com.tterrag.registrate.AbstractRegistrate/REGISTRATE.REGISTER]: Captured registration for entry acacia_window_pane of type minecraft:block
[23Mar2025 15:21:41.278] [modloading-worker-0/DEBUG] [com.tterrag.registrate.AbstractRegistrate/REGISTRATE.REGISTER]: Captured registration for entry dark_oak_window_pane of type minecraft:item
[23Mar2025 15:21:41.278] [modloading-worker-0/DEBUG] [com.tterrag.registrate.AbstractRegistrate/REGISTRATE.REGISTER]: Captured registration for entry dark_oak_window_pane of type minecraft:block
[23Mar2025 15:21:41.279] [modloading-worker-0/DEBUG] [com.tterrag.registrate.AbstractRegistrate/REGISTRATE.REGISTER]: Captured registration for entry mangrove_window_pane of type minecraft:item
[23Mar2025 15:21:41.279] [modloading-worker-0/DEBUG] [com.tterrag.registrate.AbstractRegistrate/REGISTRATE.REGISTER]: Captured registration for entry mangrove_window_pane of type minecraft:block
[23Mar2025 15:21:41.279] [modloading-worker-0/DEBUG] [com.tterrag.registrate.AbstractRegistrate/REGISTRATE.REGISTER]: Captured registration for entry crimson_window_pane of type minecraft:item
[23Mar2025 15:21:41.279] [modloading-worker-0/DEBUG] [com.tterrag.registrate.AbstractRegistrate/REGISTRATE.REGISTER]: Captured registration for entry crimson_window_pane of type minecraft:block
[23Mar2025 15:21:41.379] [modloading-worker-0/DEBUG] [com.tterrag.registrate.AbstractRegistrate/REGISTRATE.REGISTER]: Captured registration for entry warped_window_pane of type minecraft:item
[23Mar2025 15:21:41.380] [modloading-worker-0/DEBUG] [com.tterrag.registrate.AbstractRegistrate/REGISTRATE.REGISTER]: Captured registration for entry warped_window_pane of type minecraft:block
[23Mar2025 15:21:41.380] [modloading-worker-0/DEBUG] [com.tterrag.registrate.AbstractRegistrate/REGISTRATE.REGISTER]: Captured registration for entry cherry_window_pane of type minecraft:item
[23Mar2025 15:21:41.380] [modloading-worker-0/DEBUG] [com.tterrag.registrate.AbstractRegistrate/REGISTRATE.REGISTER]: Captured registration for entry cherry_window_pane of type minecraft:block
[23Mar2025 15:21:41.381] [modloading-worker-0/DEBUG] [com.tterrag.registrate.AbstractRegistrate/REGISTRATE.REGISTER]: Captured registration for entry bamboo_window_pane of type minecraft:item
[23Mar2025 15:21:41.381] [modloading-worker-0/DEBUG] [com.tterrag.registrate.AbstractRegistrate/REGISTRATE.REGISTER]: Captured registration for entry bamboo_window_pane of type minecraft:block
[23Mar2025 15:21:41.384] [modloading-worker-0/DEBUG] [com.tterrag.registrate.AbstractRegistrate/REGISTRATE.REGISTER]: Captured registration for entry ornate_iron_window_pane of type minecraft:item
[23Mar2025 15:21:41.385] [modloading-worker-0/DEBUG] [com.tterrag.registrate.AbstractRegistrate/REGISTRATE.REGISTER]: Captured registration for entry ornate_iron_window_pane of type minecraft:block
[23Mar2025 15:21:41.387] [modloading-worker-0/DEBUG] [com.tterrag.registrate.AbstractRegistrate/REGISTRATE.REGISTER]: Captured registration for entry industrial_iron_window_pane of type minecraft:item
[23Mar2025 15:21:41.388] [modloading-worker-0/DEBUG] [com.tterrag.registrate.AbstractRegistrate/REGISTRATE.REGISTER]: Captured registration for entry industrial_iron_window_pane of type minecraft:block
[23Mar2025 15:21:41.389] [modloading-worker-0/DEBUG] [com.tterrag.registrate.AbstractRegistrate/REGISTRATE.REGISTER]: Captured registration for entry weathered_iron_window_pane of type minecraft:item
[23Mar2025 15:21:41.390] [modloading-worker-0/DEBUG] [com.tterrag.registrate.AbstractRegistrate/REGISTRATE.REGISTER]: Captured registration for entry weathered_iron_window_pane of type minecraft:block
[23Mar2025 15:21:41.399] [modloading-worker-0/DEBUG] [net.minecraftforge.fml.javafmlmod.AutomaticEventSubscriber/LOADING]: Attempting to inject @EventBusSubscriber classes into the eventbus for quark
[23Mar2025 15:21:41.399] [modloading-worker-0/DEBUG] [net.minecraftforge.fml.javafmlmod.AutomaticEventSubscriber/LOADING]: Auto-subscribing org.violetmoon.quark.base.handler.QuarkRemapHandler to FORGE
[23Mar2025 15:21:41.423] [modloading-worker-0/DEBUG] [com.tterrag.registrate.AbstractRegistrate/REGISTRATE.REGISTER]: Captured registration for entry cut_granite of type minecraft:item
[23Mar2025 15:21:41.423] [modloading-worker-0/DEBUG] [com.tterrag.registrate.AbstractRegistrate/REGISTRATE.REGISTER]: Captured registration for entry cut_granite of type minecraft:block
[23Mar2025 15:21:41.425] [modloading-worker-0/DEBUG] [com.tterrag.registrate.AbstractRegistrate/REGISTRATE.REGISTER]: Captured registration for entry cut_granite_stairs of type minecraft:item
[23Mar2025 15:21:41.425] [modloading-worker-0/DEBUG] [com.tterrag.registrate.AbstractRegistrate/REGISTRATE.REGISTER]: Captured registration for entry cut_granite_stairs of type minecraft:block
[23Mar2025 15:21:41.425] [modloading-worker-0/DEBUG] [com.tterrag.registrate.AbstractRegistrate/REGISTRATE.REGISTER]: Captured registration for entry cut_granite_slab of type minecraft:item
[23Mar2025 15:21:41.425] [modloading-worker-0/DEBUG] [com.tterrag.registrate.AbstractRegistrate/REGISTRATE.REGISTER]: Captured registration for entry cut_granite_slab of type minecraft:block
[23Mar2025 15:21:41.426] [modloading-worker-0/DEBUG] [com.tterrag.registrate.AbstractRegistrate/REGISTRATE.REGISTER]: Captured registration for entry cut_granite_wall of type minecraft:item
[23Mar2025 15:21:41.426] [modloading-worker-0/DEBUG] [com.tterrag.registrate.AbstractRegistrate/REGISTRATE.REGISTER]: Captured registration for entry cut_granite_wall of type minecraft:block
[23Mar2025 15:21:41.426] [modloading-worker-0/DEBUG] [com.tterrag.registrate.AbstractRegistrate/REGISTRATE.REGISTER]: Captured registration for entry polished_cut_granite of type minecraft:item
[23Mar2025 15:21:41.426] [modloading-worker-0/DEBUG] [com.tterrag.registrate.AbstractRegistrate/REGISTRATE.REGISTER]: Captured registration for entry polished_cut_granite of type minecraft:block
[23Mar2025 15:21:41.426] [modloading-worker-0/DEBUG] [com.tterrag.registrate.AbstractRegistrate/REGISTRATE.REGISTER]: Captured registration for entry polished_cut_granite_stairs of type minecraft:item
[23Mar2025 15:21:41.426] [modloading-worker-0/DEBUG] [com.tterrag.registrate.AbstractRegistrate/REGISTRATE.REGISTER]: Captured registration for entry polished_cut_granite_stairs of type minecraft:block
[23Mar2025 15:21:41.426] [modloading-worker-0/DEBUG] [com.tterrag.registrate.AbstractRegistrate/REGISTRATE.REGISTER]: Captured registration for entry polished_cut_granite_slab of type minecraft:item
[23Mar2025 15:21:41.426] [modloading-worker-0/DEBUG] [com.tterrag.registrate.AbstractRegistrate/REGISTRATE.REGISTER]: Captured registration for entry polished_cut_granite_slab of type minecraft:block
[23Mar2025 15:21:41.426] [modloading-worker-0/DEBUG] [com.tterrag.registrate.AbstractRegistrate/REGISTRATE.REGISTER]: Captured registration for entry polished_cut_granite_wall of type minecraft:item
[23Mar2025 15:21:41.426] [modloading-worker-0/DEBUG] [com.tterrag.registrate.AbstractRegistrate/REGISTRATE.REGISTER]: Captured registration for entry polished_cut_granite_wall of type minecraft:block
[23Mar2025 15:21:41.426] [modloading-worker-0/DEBUG] [com.tterrag.registrate.AbstractRegistrate/REGISTRATE.REGISTER]: Captured registration for entry cut_granite_bricks of type minecraft:item
[23Mar2025 15:21:41.427] [modloading-worker-0/DEBUG] [com.tterrag.registrate.AbstractRegistrate/REGISTRATE.REGISTER]: Captured registration for entry cut_granite_bricks of type minecraft:block
[23Mar2025 15:21:41.427] [modloading-worker-0/DEBUG] [com.tterrag.registrate.AbstractRegistrate/REGISTRATE.REGISTER]: Captured registration for entry cut_granite_brick_stairs of type minecraft:item
[23Mar2025 15:21:41.427] [modloading-worker-0/DEBUG] [com.tterrag.registrate.AbstractRegistrate/REGISTRATE.REGISTER]: Captured registration for entry cut_granite_brick_stairs of type minecraft:block
[23Mar2025 15:21:41.427] [modloading-worker-0/DEBUG] [com.tterrag.registrate.AbstractRegistrate/REGISTRATE.REGISTER]: Captured registration for entry cut_granite_brick_slab of type minecraft:item
[23Mar2025 15:21:41.427] [modloading-worker-0/DEBUG] [com.tterrag.registrate.AbstractRegistrate/REGISTRATE.REGISTER]: Captured registration for entry cut_granite_brick_slab of type minecraft:block
[23Mar2025 15:21:41.427] [modloading-worker-0/DEBUG] [com.tterrag.registrate.AbstractRegistrate/REGISTRATE.REGISTER]: Captured registration for entry cut_granite_brick_wall of type minecraft:item
[23Mar2025 15:21:41.427] [modloading-worker-0/DEBUG] [com.tterrag.registrate.AbstractRegistrate/REGISTRATE.REGISTER]: Captured registration for entry cut_granite_brick_wall of type minecraft:block
[23Mar2025 15:21:41.427] [modloading-worker-0/DEBUG] [com.tterrag.registrate.AbstractRegistrate/REGISTRATE.REGISTER]: Captured registration for entry small_granite_bricks of type minecraft:item
[23Mar2025 15:21:41.427] [modloading-worker-0/DEBUG] [com.tterrag.registrate.AbstractRegistrate/REGISTRATE.REGISTER]: Captured registration for entry small_granite_bricks of type minecraft:block
[23Mar2025 15:21:41.427] [modloading-worker-0/DEBUG] [com.tterrag.registrate.AbstractRegistrate/REGISTRATE.REGISTER]: Captured registration for entry small_granite_brick_stairs of type minecraft:item
[23Mar2025 15:21:41.427] [modloading-worker-0/DEBUG] [com.tterrag.registrate.AbstractRegistrate/REGISTRATE.REGISTER]: Captured registration for entry small_granite_brick_stairs of type minecraft:block
[23Mar2025 15:21:41.427] [modloading-worker-0/DEBUG] [com.tterrag.registrate.AbstractRegistrate/REGISTRATE.REGISTER]: Captured registration for entry small_granite_brick_slab of type minecraft:item
[23Mar2025 15:21:41.428] [modloading-worker-0/DEBUG] [com.tterrag.registrate.AbstractRegistrate/REGISTRATE.REGISTER]: Captured registration for entry small_granite_brick_slab of type minecraft:block
[23Mar2025 15:21:41.428] [modloading-worker-0/DEBUG] [com.tterrag.registrate.AbstractRegistrate/REGISTRATE.REGISTER]: Captured registration for entry small_granite_brick_wall of type minecraft:item
[23Mar2025 15:21:41.428] [modloading-worker-0/DEBUG] [com.tterrag.registrate.AbstractRegistrate/REGISTRATE.REGISTER]: Captured registration for entry small_granite_brick_wall of type minecraft:block
[23Mar2025 15:21:41.430] [modloading-worker-0/DEBUG] [com.tterrag.registrate.AbstractRegistrate/REGISTRATE.REGISTER]: Captured registration for entry layered_granite of type minecraft:item
[23Mar2025 15:21:41.430] [modloading-worker-0/DEBUG] [com.tterrag.registrate.AbstractRegistrate/REGISTRATE.REGISTER]: Captured registration for entry layered_granite of type minecraft:block
[23Mar2025 15:21:41.432] [modloading-worker-0/DEBUG] [com.tterrag.registrate.AbstractRegistrate/REGISTRATE.REGISTER]: Captured registration for entry granite_pillar of type minecraft:item
[23Mar2025 15:21:41.432] [modloading-worker-0/DEBUG] [com.tterrag.registrate.AbstractRegistrate/REGISTRATE.REGISTER]: Captured registration for entry granite_pillar of type minecraft:block
[23Mar2025 15:21:41.437] [modloading-worker-0/DEBUG] [com.tterrag.registrate.AbstractRegistrate/REGISTRATE.REGISTER]: Captured registration for entry cut_diorite of type minecraft:item
[23Mar2025 15:21:41.439] [modloading-worker-0/DEBUG] [com.tterrag.registrate.AbstractRegistrate/REGISTRATE.REGISTER]: Captured registration for entry cut_diorite of type minecraft:block
[23Mar2025 15:21:41.439] [modloading-worker-0/DEBUG] [com.tterrag.registrate.AbstractRegistrate/REGISTRATE.REGISTER]: Captured registration for entry cut_diorite_stairs of type minecraft:item
[23Mar2025 15:21:41.439] [modloading-worker-0/DEBUG] [com.tterrag.registrate.AbstractRegistrate/REGISTRATE.REGISTER]: Captured registration for entry cut_diorite_stairs of type minecraft:block
[23Mar2025 15:21:41.439] [modloading-worker-0/DEBUG] [com.tterrag.registrate.AbstractRegistrate/REGISTRATE.REGISTER]: Captured registration for entry cut_diorite_slab of type minecraft:item
[23Mar2025 15:21:41.440] [modloading-worker-0/DEBUG] [com.tterrag.registrate.AbstractRegistrate/REGISTRATE.REGISTER]: Captured registration for entry cut_diorite_slab of type minecraft:block
[23Mar2025 15:21:41.440] [modloading-worker-0/DEBUG] [com.tterrag.registrate.AbstractRegistrate/REGISTRATE.REGISTER]: Captured registration for entry cut_diorite_wall of type minecraft:item
[23Mar2025 15:21:41.440] [modloading-worker-0/DEBUG] [com.tterrag.registrate.AbstractRegistrate/REGISTRATE.REGISTER]: Captured registration for entry cut_diorite_wall of type minecraft:block
[23Mar2025 15:21:41.441] [modloading-worker-0/DEBUG] [com.tterrag.registrate.AbstractRegistrate/REGISTRATE.REGISTER]: Captured registration for entry polished_cut_diorite of type minecraft:item
[23Mar2025 15:21:41.441] [modloading-worker-0/DEBUG] [com.tterrag.registrate.AbstractRegistrate/REGISTRATE.REGISTER]: Captured registration for entry polished_cut_diorite of type minecraft:block
[23Mar2025 15:21:41.441] [modloading-worker-0/DEBUG] [com.tterrag.registrate.AbstractRegistrate/REGISTRATE.REGISTER]: Captured registration for entry polished_cut_diorite_stairs of type minecraft:item
[23Mar2025 15:21:41.441] [modloading-worker-0/DEBUG] [com.tterrag.registrate.AbstractRegistrate/REGISTRATE.REGISTER]: Captured registration for entry polished_cut_diorite_stairs of type minecraft:block
[23Mar2025 15:21:41.442] [modloading-worker-0/DEBUG] [com.tterrag.registrate.AbstractRegistrate/REGISTRATE.REGISTER]: Captured registration for entry polished_cut_diorite_slab of type minecraft:item
[23Mar2025 15:21:41.442] [modloading-worker-0/DEBUG] [com.tterrag.registrate.AbstractRegistrate/REGISTRATE.REGISTER]: Captured registration for entry polished_cut_diorite_slab of type minecraft:block
[23Mar2025 15:21:41.442] [modloading-worker-0/DEBUG] [com.tterrag.registrate.AbstractRegistrate/REGISTRATE.REGISTER]: Captured registration for entry polished_cut_diorite_wall of type minecraft:item
[23Mar2025 15:21:41.443] [modloading-worker-0/DEBUG] [com.tterrag.registrate.AbstractRegistrate/REGISTRATE.REGISTER]: Captured registration for entry polished_cut_diorite_wall of type minecraft:block
[23Mar2025 15:21:41.443] [modloading-worker-0/DEBUG] [com.tterrag.registrate.AbstractRegistrate/REGISTRATE.REGISTER]: Captured registration for entry cut_diorite_bricks of type minecraft:item
[23Mar2025 15:21:41.443] [modloading-worker-0/DEBUG] [com.tterrag.registrate.AbstractRegistrate/REGISTRATE.REGISTER]: Captured registration for entry cut_diorite_bricks of type minecraft:block
[23Mar2025 15:21:41.444] [modloading-worker-0/DEBUG] [com.tterrag.registrate.AbstractRegistrate/REGISTRATE.REGISTER]: Captured registration for entry cut_diorite_brick_stairs of type minecraft:item
[23Mar2025 15:21:41.444] [modloading-worker-0/DEBUG] [com.tterrag.registrate.AbstractRegistrate/REGISTRATE.REGISTER]: Captured registration for entry cut_diorite_brick_stairs of type minecraft:block
[23Mar2025 15:21:41.444] [modloading-worker-0/DEBUG] [com.tterrag.registrate.AbstractRegistrate/REGISTRATE.REGISTER]: Captured registration for entry cut_diorite_brick_slab of type minecraft:item
[23Mar2025 15:21:41.444] [modloading-worker-0/DEBUG] [com.tterrag.registrate.AbstractRegistrate/REGISTRATE.REGISTER]: Captured registration for entry cut_diorite_brick_slab of type minecraft:block
[23Mar2025 15:21:41.445] [modloading-worker-0/DEBUG] [com.tterrag.registrate.AbstractRegistrate/REGISTRATE.REGISTER]: Captured registration for entry cut_diorite_brick_wall of type minecraft:item
[23Mar2025 15:21:41.445] [modloading-worker-0/DEBUG] [com.tterrag.registrate.AbstractRegistrate/REGISTRATE.REGISTER]: Captured registration for entry cut_diorite_brick_wall of type minecraft:block
[23Mar2025 15:21:41.445] [modloading-worker-0/DEBUG] [com.tterrag.registrate.AbstractRegistrate/REGISTRATE.REGISTER]: Captured registration for entry small_diorite_bricks of type minecraft:item
[23Mar2025 15:21:41.446] [modloading-worker-0/DEBUG] [com.tterrag.registrate.AbstractRegistrate/REGISTRATE.REGISTER]: Captured registration for entry small_diorite_bricks of type minecraft:block
[23Mar2025 15:21:41.446] [modloading-worker-0/DEBUG] [com.tterrag.registrate.AbstractRegistrate/REGISTRATE.REGISTER]: Captured registration for entry small_diorite_brick_stairs of type minecraft:item
[23Mar2025 15:21:41.446] [modloading-worker-0/DEBUG] [com.tterrag.registrate.AbstractRegistrate/REGISTRATE.REGISTER]: Captured registration for entry small_diorite_brick_stairs of type minecraft:block
[23Mar2025 15:21:41.447] [modloading-worker-0/DEBUG] [com.tterrag.registrate.AbstractRegistrate/REGISTRATE.REGISTER]: Captured registration for entry small_diorite_brick_slab of type minecraft:item
[23Mar2025 15:21:41.447] [modloading-worker-0/DEBUG] [com.tterrag.registrate.AbstractRegistrate/REGISTRATE.REGISTER]: Captured registration for entry small_diorite_brick_slab of type minecraft:block
[23Mar2025 15:21:41.447] [modloading-worker-0/DEBUG] [com.tterrag.registrate.AbstractRegistrate/REGISTRATE.REGISTER]: Captured registration for entry small_diorite_brick_wall of type minecraft:item
[23Mar2025 15:21:41.447] [modloading-worker-0/DEBUG] [com.tterrag.registrate.AbstractRegistrate/REGISTRATE.REGISTER]: Captured registration for entry small_diorite_brick_wall of type minecraft:block
[23Mar2025 15:21:41.449] [modloading-worker-0/DEBUG] [com.tterrag.registrate.AbstractRegistrate/REGISTRATE.REGISTER]: Captured registration for entry layered_diorite of type minecraft:item
[23Mar2025 15:21:41.450] [modloading-worker-0/DEBUG] [com.tterrag.registrate.AbstractRegistrate/REGISTRATE.REGISTER]: Captured registration for entry layered_diorite of type minecraft:block
[23Mar2025 15:21:41.450] [modloading-worker-0/DEBUG] [com.tterrag.registrate.AbstractRegistrate/REGISTRATE.REGISTER]: Captured registration for entry diorite_pillar of type minecraft:item
[23Mar2025 15:21:41.450] [modloading-worker-0/DEBUG] [com.tterrag.registrate.AbstractRegistrate/REGISTRATE.REGISTER]: Captured registration for entry diorite_pillar of type minecraft:block
[23Mar2025 15:21:41.450] [modloading-worker-0/DEBUG] [com.tterrag.registrate.AbstractRegistrate/REGISTRATE.REGISTER]: Captured registration for entry cut_andesite of type minecraft:item
[23Mar2025 15:21:41.450] [modloading-worker-0/DEBUG] [com.tterrag.registrate.AbstractRegistrate/REGISTRATE.REGISTER]: Captured registration for entry cut_andesite of type minecraft:block
[23Mar2025 15:21:41.450] [modloading-worker-0/DEBUG] [com.tterrag.registrate.AbstractRegistrate/REGISTRATE.REGISTER]: Captured registration for entry cut_andesite_stairs of type minecraft:item
[23Mar2025 15:21:41.450] [modloading-worker-0/DEBUG] [com.tterrag.registrate.AbstractRegistrate/REGISTRATE.REGISTER]: Captured registration for entry cut_andesite_stairs of type minecraft:block
[23Mar2025 15:21:41.451] [modloading-worker-0/DEBUG] [com.tterrag.registrate.AbstractRegistrate/REGISTRATE.REGISTER]: Captured registration for entry cut_andesite_slab of type minecraft:item
[23Mar2025 15:21:41.451] [modloading-worker-0/DEBUG] [com.tterrag.registrate.AbstractRegistrate/REGISTRATE.REGISTER]: Captured registration for entry cut_andesite_slab of type minecraft:block
[23Mar2025 15:21:41.451] [modloading-worker-0/DEBUG] [com.tterrag.registrate.AbstractRegistrate/REGISTRATE.REGISTER]: Captured registration for entry cut_andesite_wall of type minecraft:item
[23Mar2025 15:21:41.451] [modloading-worker-0/DEBUG] [com.tterrag.registrate.AbstractRegistrate/REGISTRATE.REGISTER]: Captured registration for entry cut_andesite_wall of type minecraft:block
[23Mar2025 15:21:41.452] [modloading-worker-0/DEBUG] [com.tterrag.registrate.AbstractRegistrate/REGISTRATE.REGISTER]: Captured registration for entry polished_cut_andesite of type minecraft:item
[23Mar2025 15:21:41.452] [modloading-worker-0/DEBUG] [com.tterrag.registrate.AbstractRegistrate/REGISTRATE.REGISTER]: Captured registration for entry polished_cut_andesite of type minecraft:block
[23Mar2025 15:21:41.452] [modloading-worker-0/DEBUG] [com.tterrag.registrate.AbstractRegistrate/REGISTRATE.REGISTER]: Captured registration for entry polished_cut_andesite_stairs of type minecraft:item
[23Mar2025 15:21:41.452] [modloading-worker-0/DEBUG] [com.tterrag.registrate.AbstractRegistrate/REGISTRATE.REGISTER]: Captured registration for entry polished_cut_andesite_stairs of type minecraft:block
[23Mar2025 15:21:41.452] [modloading-worker-0/DEBUG] [com.tterrag.registrate.AbstractRegistrate/REGISTRATE.REGISTER]: Captured registration for entry polished_cut_andesite_slab of type minecraft:item
[23Mar2025 15:21:41.453] [modloading-worker-0/DEBUG] [com.tterrag.registrate.AbstractRegistrate/REGISTRATE.REGISTER]: Captured registration for entry polished_cut_andesite_slab of type minecraft:block
[23Mar2025 15:21:41.453] [modloading-worker-0/DEBUG] [com.tterrag.registrate.AbstractRegistrate/REGISTRATE.REGISTER]: Captured registration for entry polished_cut_andesite_wall of type minecraft:item
[23Mar2025 15:21:41.453] [modloading-worker-0/DEBUG] [com.tterrag.registrate.AbstractRegistrate/REGISTRATE.REGISTER]: Captured registration for entry polished_cut_andesite_wall of type minecraft:block
[23Mar2025 15:21:41.454] [modloading-worker-0/DEBUG] [com.tterrag.registrate.AbstractRegistrate/REGISTRATE.REGISTER]: Captured registration for entry cut_andesite_bricks of type minecraft:item
[23Mar2025 15:21:41.454] [modloading-worker-0/DEBUG] [com.tterrag.registrate.AbstractRegistrate/REGISTRATE.REGISTER]: Captured registration for entry cut_andesite_bricks of type minecraft:block
[23Mar2025 15:21:41.454] [modloading-worker-0/DEBUG] [com.tterrag.registrate.AbstractRegistrate/REGISTRATE.REGISTER]: Captured registration for entry cut_andesite_brick_stairs of type minecraft:item
[23Mar2025 15:21:41.454] [modloading-worker-0/DEBUG] [com.tterrag.registrate.AbstractRegistrate/REGISTRATE.REGISTER]: Captured registration for entry cut_andesite_brick_stairs of type minecraft:block
[23Mar2025 15:21:41.455] [modloading-worker-0/DEBUG] [com.tterrag.registrate.AbstractRegistrate/REGISTRATE.REGISTER]: Captured registration for entry cut_andesite_brick_slab of type minecraft:item
[23Mar2025 15:21:41.455] [modloading-worker-0/DEBUG] [com.tterrag.registrate.AbstractRegistrate/REGISTRATE.REGISTER]: Captured registration for entry cut_andesite_brick_slab of type minecraft:block
[23Mar2025 15:21:41.455] [modloading-worker-0/DEBUG] [com.tterrag.registrate.AbstractRegistrate/REGISTRATE.REGISTER]: Captured registration for entry cut_andesite_brick_wall of type minecraft:item
[23Mar2025 15:21:41.456] [modloading-worker-0/DEBUG] [com.tterrag.registrate.AbstractRegistrate/REGISTRATE.REGISTER]: Captured registration for entry cut_andesite_brick_wall of type minecraft:block
[23Mar2025 15:21:41.456] [modloading-worker-0/DEBUG] [com.tterrag.registrate.AbstractRegistrate/REGISTRATE.REGISTER]: Captured registration for entry small_andesite_bricks of type minecraft:item
[23Mar2025 15:21:41.456] [modloading-worker-0/DEBUG] [com.tterrag.registrate.AbstractRegistrate/REGISTRATE.REGISTER]: Captured registration for entry small_andesite_bricks of type minecraft:block
[23Mar2025 15:21:41.457] [modloading-worker-0/DEBUG] [com.tterrag.registrate.AbstractRegistrate/REGISTRATE.REGISTER]: Captured registration for entry small_andesite_brick_stairs of type minecraft:item
[23Mar2025 15:21:41.457] [modloading-worker-0/DEBUG] [com.tterrag.registrate.AbstractRegistrate/REGISTRATE.REGISTER]: Captured registration for entry small_andesite_brick_stairs of type minecraft:block
[23Mar2025 15:21:41.457] [modloading-worker-0/DEBUG] [com.tterrag.registrate.AbstractRegistrate/REGISTRATE.REGISTER]: Captured registration for entry small_andesite_brick_slab of type minecraft:item
[23Mar2025 15:21:41.458] [modloading-worker-0/DEBUG] [com.tterrag.registrate.AbstractRegistrate/REGISTRATE.REGISTER]: Captured registration for entry small_andesite_brick_slab of type minecraft:block
[23Mar2025 15:21:41.458] [modloading-worker-0/DEBUG] [com.tterrag.registrate.AbstractRegistrate/REGISTRATE.REGISTER]: Captured registration for entry small_andesite_brick_wall of type minecraft:item
[23Mar2025 15:21:41.458] [modloading-worker-0/DEBUG] [com.tterrag.registrate.AbstractRegistrate/REGISTRATE.REGISTER]: Captured registration for entry small_andesite_brick_wall of type minecraft:block
[23Mar2025 15:21:41.459] [modloading-worker-0/DEBUG] [com.tterrag.registrate.AbstractRegistrate/REGISTRATE.REGISTER]: Captured registration for entry layered_andesite of type minecraft:item
[23Mar2025 15:21:41.459] [modloading-worker-0/DEBUG] [com.tterrag.registrate.AbstractRegistrate/REGISTRATE.REGISTER]: Captured registration for entry layered_andesite of type minecraft:block
[23Mar2025 15:21:41.459] [modloading-worker-0/DEBUG] [com.tterrag.registrate.AbstractRegistrate/REGISTRATE.REGISTER]: Captured registration for entry andesite_pillar of type minecraft:item
[23Mar2025 15:21:41.460] [modloading-worker-0/DEBUG] [com.tterrag.registrate.AbstractRegistrate/REGISTRATE.REGISTER]: Captured registration for entry andesite_pillar of type minecraft:block
[23Mar2025 15:21:41.463] [modloading-worker-0/DEBUG] [com.tterrag.registrate.AbstractRegistrate/REGISTRATE.REGISTER]: Captured registration for entry cut_calcite of type minecraft:item
[23Mar2025 15:21:41.463] [modloading-worker-0/DEBUG] [com.tterrag.registrate.AbstractRegistrate/REGISTRATE.REGISTER]: Captured registration for entry cut_calcite of type minecraft:block
[23Mar2025 15:21:41.463] [modloading-worker-0/DEBUG] [com.tterrag.registrate.AbstractRegistrate/REGISTRATE.REGISTER]: Captured registration for entry cut_calcite_stairs of type minecraft:item
[23Mar2025 15:21:41.463] [modloading-worker-0/DEBUG] [com.tterrag.registrate.AbstractRegistrate/REGISTRATE.REGISTER]: Captured registration for entry cut_calcite_stairs of type minecraft:block
[23Mar2025 15:21:41.463] [modloading-worker-0/DEBUG] [com.tterrag.registrate.AbstractRegistrate/REGISTRATE.REGISTER]: Captured registration for entry cut_calcite_slab of type minecraft:item
[23Mar2025 15:21:41.463] [modloading-worker-0/DEBUG] [com.tterrag.registrate.AbstractRegistrate/REGISTRATE.REGISTER]: Captured registration for entry cut_calcite_slab of type minecraft:block
[23Mar2025 15:21:41.463] [modloading-worker-0/DEBUG] [com.tterrag.registrate.AbstractRegistrate/REGISTRATE.REGISTER]: Captured registration for entry cut_calcite_wall of type minecraft:item
[23Mar2025 15:21:41.464] [modloading-worker-0/DEBUG] [com.tterrag.registrate.AbstractRegistrate/REGISTRATE.REGISTER]: Captured registration for entry cut_calcite_wall of type minecraft:block
[23Mar2025 15:21:41.464] [modloading-worker-0/DEBUG] [com.tterrag.registrate.AbstractRegistrate/REGISTRATE.REGISTER]: Captured registration for entry polished_cut_calcite of type minecraft:item
[23Mar2025 15:21:41.466] [modloading-worker-0/DEBUG] [com.tterrag.registrate.AbstractRegistrate/REGISTRATE.REGISTER]: Captured registration for entry polished_cut_calcite of type minecraft:block
[23Mar2025 15:21:41.466] [modloading-worker-0/DEBUG] [com.tterrag.registrate.AbstractRegistrate/REGISTRATE.REGISTER]: Captured registration for entry polished_cut_calcite_stairs of type minecraft:item
[23Mar2025 15:21:41.466] [modloading-worker-0/DEBUG] [com.tterrag.registrate.AbstractRegistrate/REGISTRATE.REGISTER]: Captured registration for entry polished_cut_calcite_stairs of type minecraft:block
[23Mar2025 15:21:41.466] [modloading-worker-0/DEBUG] [com.tterrag.registrate.AbstractRegistrate/REGISTRATE.REGISTER]: Captured registration for entry polished_cut_calcite_slab of type minecraft:item
[23Mar2025 15:21:41.466] [modloading-worker-0/DEBUG] [com.tterrag.registrate.AbstractRegistrate/REGISTRATE.REGISTER]: Captured registration for entry polished_cut_calcite_slab of type minecraft:block
[23Mar2025 15:21:41.467] [modloading-worker-0/DEBUG] [com.tterrag.registrate.AbstractRegistrate/REGISTRATE.REGISTER]: Captured registration for entry polished_cut_calcite_wall of type minecraft:item
[23Mar2025 15:21:41.467] [modloading-worker-0/DEBUG] [com.tterrag.registrate.AbstractRegistrate/REGISTRATE.REGISTER]: Captured registration for entry polished_cut_calcite_wall of type minecraft:block
[23Mar2025 15:21:41.467] [modloading-worker-0/DEBUG] [com.tterrag.registrate.AbstractRegistrate/REGISTRATE.REGISTER]: Captured registration for entry cut_calcite_bricks of type minecraft:item
[23Mar2025 15:21:41.467] [modloading-worker-0/DEBUG] [com.tterrag.registrate.AbstractRegistrate/REGISTRATE.REGISTER]: Captured registration for entry cut_calcite_bricks of type minecraft:block
[23Mar2025 15:21:41.467] [modloading-worker-0/DEBUG] [com.tterrag.registrate.AbstractRegistrate/REGISTRATE.REGISTER]: Captured registration for entry cut_calcite_brick_stairs of type minecraft:item
[23Mar2025 15:21:41.467] [modloading-worker-0/DEBUG] [com.tterrag.registrate.AbstractRegistrate/REGISTRATE.REGISTER]: Captured registration for entry cut_calcite_brick_stairs of type minecraft:block
[23Mar2025 15:21:41.468] [modloading-worker-0/DEBUG] [com.tterrag.registrate.AbstractRegistrate/REGISTRATE.REGISTER]: Captured registration for entry cut_calcite_brick_slab of type minecraft:item
[23Mar2025 15:21:41.468] [modloading-worker-0/DEBUG] [com.tterrag.registrate.AbstractRegistrate/REGISTRATE.REGISTER]: Captured registration for entry cut_calcite_brick_slab of type minecraft:block
[23Mar2025 15:21:41.468] [modloading-worker-0/DEBUG] [com.tterrag.registrate.AbstractRegistrate/REGISTRATE.REGISTER]: Captured registration for entry cut_calcite_brick_wall of type minecraft:item
[23Mar2025 15:21:41.468] [modloading-worker-0/DEBUG] [com.tterrag.registrate.AbstractRegistrate/REGISTRATE.REGISTER]: Captured registration for entry cut_calcite_brick_wall of type minecraft:block
[23Mar2025 15:21:41.469] [modloading-worker-0/DEBUG] [com.tterrag.registrate.AbstractRegistrate/REGISTRATE.REGISTER]: Captured registration for entry small_calcite_bricks of type minecraft:item
[23Mar2025 15:21:41.469] [modloading-worker-0/DEBUG] [com.tterrag.registrate.AbstractRegistrate/REGISTRATE.REGISTER]: Captured registration for entry small_calcite_bricks of type minecraft:block
[23Mar2025 15:21:41.471] [modloading-worker-0/DEBUG] [com.tterrag.registrate.AbstractRegistrate/REGISTRATE.REGISTER]: Captured registration for entry small_calcite_brick_stairs of type minecraft:item
[23Mar2025 15:21:41.472] [modloading-worker-0/DEBUG] [com.tterrag.registrate.AbstractRegistrate/REGISTRATE.REGISTER]: Captured registration for entry small_calcite_brick_stairs of type minecraft:block
[23Mar2025 15:21:41.472] [modloading-worker-0/DEBUG] [com.tterrag.registrate.AbstractRegistrate/REGISTRATE.REGISTER]: Captured registration for entry small_calcite_brick_slab of type minecraft:item
[23Mar2025 15:21:41.472] [modloading-worker-0/DEBUG] [com.tterrag.registrate.AbstractRegistrate/REGISTRATE.REGISTER]: Captured registration for entry small_calcite_brick_slab of type minecraft:block
[23Mar2025 15:21:41.472] [modloading-worker-0/DEBUG] [com.tterrag.registrate.AbstractRegistrate/REGISTRATE.REGISTER]: Captured registration for entry small_calcite_brick_wall of type minecraft:item
[23Mar2025 15:21:41.472] [modloading-worker-0/DEBUG] [com.tterrag.registrate.AbstractRegistrate/REGISTRATE.REGISTER]: Captured registration for entry small_calcite_brick_wall of type minecraft:block
[23Mar2025 15:21:41.472] [modloading-worker-0/DEBUG] [com.tterrag.registrate.AbstractRegistrate/REGISTRATE.REGISTER]: Captured registration for entry layered_calcite of type minecraft:item
[23Mar2025 15:21:41.472] [modloading-worker-0/DEBUG] [com.tterrag.registrate.AbstractRegistrate/REGISTRATE.REGISTER]: Captured registration for entry layered_calcite of type minecraft:block
[23Mar2025 15:21:41.473] [modloading-worker-0/DEBUG] [com.tterrag.registrate.AbstractRegistrate/REGISTRATE.REGISTER]: Captured registration for entry calcite_pillar of type minecraft:item
[23Mar2025 15:21:41.473] [modloading-worker-0/DEBUG] [com.tterrag.registrate.AbstractRegistrate/REGISTRATE.REGISTER]: Captured registration for entry calcite_pillar of type minecraft:block
[23Mar2025 15:21:41.473] [modloading-worker-0/DEBUG] [com.tterrag.registrate.AbstractRegistrate/REGISTRATE.REGISTER]: Captured registration for entry cut_dripstone of type minecraft:item
[23Mar2025 15:21:41.473] [modloading-worker-0/DEBUG] [com.tterrag.registrate.AbstractRegistrate/REGISTRATE.REGISTER]: Captured registration for entry cut_dripstone of type minecraft:block
[23Mar2025 15:21:41.476] [modloading-worker-0/DEBUG] [com.tterrag.registrate.AbstractRegistrate/REGISTRATE.REGISTER]: Captured registration for entry cut_dripstone_stairs of type minecraft:item
[23Mar2025 15:21:41.476] [modloading-worker-0/DEBUG] [com.tterrag.registrate.AbstractRegistrate/REGISTRATE.REGISTER]: Captured registration for entry cut_dripstone_stairs of type minecraft:block
[23Mar2025 15:21:41.476] [modloading-worker-0/DEBUG] [com.tterrag.registrate.AbstractRegistrate/REGISTRATE.REGISTER]: Captured registration for entry cut_dripstone_slab of type minecraft:item
[23Mar2025 15:21:41.476] [modloading-worker-0/DEBUG] [com.tterrag.registrate.AbstractRegistrate/REGISTRATE.REGISTER]: Captured registration for entry cut_dripstone_slab of type minecraft:block
[23Mar2025 15:21:41.476] [modloading-worker-0/DEBUG] [com.tterrag.registrate.AbstractRegistrate/REGISTRATE.REGISTER]: Captured registration for entry cut_dripstone_wall of type minecraft:item
[23Mar2025 15:21:41.476] [modloading-worker-0/DEBUG] [com.tterrag.registrate.AbstractRegistrate/REGISTRATE.REGISTER]: Captured registration for entry cut_dripstone_wall of type minecraft:block
[23Mar2025 15:21:41.476] [modloading-worker-0/DEBUG] [com.tterrag.registrate.AbstractRegistrate/REGISTRATE.REGISTER]: Captured registration for entry polished_cut_dripstone of type minecraft:item
[23Mar2025 15:21:41.477] [modloading-worker-0/DEBUG] [com.tterrag.registrate.AbstractRegistrate/REGISTRATE.REGISTER]: Captured registration for entry polished_cut_dripstone of type minecraft:block
[23Mar2025 15:21:41.477] [modloading-worker-0/DEBUG] [com.tterrag.registrate.AbstractRegistrate/REGISTRATE.REGISTER]: Captured registration for entry polished_cut_dripstone_stairs of type minecraft:item
[23Mar2025 15:21:41.478] [modloading-worker-0/DEBUG] [com.tterrag.registrate.AbstractRegistrate/REGISTRATE.REGISTER]: Captured registration for entry polished_cut_dripstone_stairs of type minecraft:block
[23Mar2025 15:21:41.478] [modloading-worker-0/DEBUG] [com.tterrag.registrate.AbstractRegistrate/REGISTRATE.REGISTER]: Captured registration for entry polished_cut_dripstone_slab of type minecraft:item
[23Mar2025 15:21:41.479] [modloading-worker-0/DEBUG] [com.tterrag.registrate.AbstractRegistrate/REGISTRATE.REGISTER]: Captured registration for entry polished_cut_dripstone_slab of type minecraft:block
[23Mar2025 15:21:41.479] [modloading-worker-0/DEBUG] [com.tterrag.registrate.AbstractRegistrate/REGISTRATE.REGISTER]: Captured registration for entry polished_cut_dripstone_wall of type minecraft:item
[23Mar2025 15:21:41.480] [modloading-worker-0/DEBUG] [com.tterrag.registrate.AbstractRegistrate/REGISTRATE.REGISTER]: Captured registration for entry polished_cut_dripstone_wall of type minecraft:block
[23Mar2025 15:21:41.480] [modloading-worker-0/DEBUG] [com.tterrag.registrate.AbstractRegistrate/REGISTRATE.REGISTER]: Captured registration for entry cut_dripstone_bricks of type minecraft:item
[23Mar2025 15:21:41.481] [modloading-worker-0/DEBUG] [com.tterrag.registrate.AbstractRegistrate/REGISTRATE.REGISTER]: Captured registration for entry cut_dripstone_bricks of type minecraft:block
[23Mar2025 15:21:41.481] [modloading-worker-0/DEBUG] [com.tterrag.registrate.AbstractRegistrate/REGISTRATE.REGISTER]: Captured registration for entry cut_dripstone_brick_stairs of type minecraft:item
[23Mar2025 15:21:41.482] [modloading-worker-0/DEBUG] [com.tterrag.registrate.AbstractRegistrate/REGISTRATE.REGISTER]: Captured registration for entry cut_dripstone_brick_stairs of type minecraft:block
[23Mar2025 15:21:41.482] [modloading-worker-0/DEBUG] [com.tterrag.registrate.AbstractRegistrate/REGISTRATE.REGISTER]: Captured registration for entry cut_dripstone_brick_slab of type minecraft:item
[23Mar2025 15:21:41.483] [modloading-worker-0/DEBUG] [com.tterrag.registrate.AbstractRegistrate/REGISTRATE.REGISTER]: Captured registration for entry cut_dripstone_brick_slab of type minecraft:block
[23Mar2025 15:21:41.483] [modloading-worker-0/DEBUG] [com.tterrag.registrate.AbstractRegistrate/REGISTRATE.REGISTER]: Captured registration for entry cut_dripstone_brick_wall of type minecraft:item
[23Mar2025 15:21:41.484] [modloading-worker-0/DEBUG] [com.tterrag.registrate.AbstractRegistrate/REGISTRATE.REGISTER]: Captured registration for entry cut_dripstone_brick_wall of type minecraft:block
[23Mar2025 15:21:41.485] [modloading-worker-0/DEBUG] [com.tterrag.registrate.AbstractRegistrate/REGISTRATE.REGISTER]: Captured registration for entry small_dripstone_bricks of type minecraft:item
[23Mar2025 15:21:41.485] [modloading-worker-0/DEBUG] [com.tterrag.registrate.AbstractRegistrate/REGISTRATE.REGISTER]: Captured registration for entry small_dripstone_bricks of type minecraft:block
[23Mar2025 15:21:41.485] [modloading-worker-0/DEBUG] [com.tterrag.registrate.AbstractRegistrate/REGISTRATE.REGISTER]: Captured registration for entry small_dripstone_brick_stairs of type minecraft:item
[23Mar2025 15:21:41.485] [modloading-worker-0/DEBUG] [com.tterrag.registrate.AbstractRegistrate/REGISTRATE.REGISTER]: Captured registration for entry small_dripstone_brick_stairs of type minecraft:block
[23Mar2025 15:21:41.486] [modloading-worker-0/DEBUG] [com.tterrag.registrate.AbstractRegistrate/REGISTRATE.REGISTER]: Captured registration for entry small_dripstone_brick_slab of type minecraft:item
[23Mar2025 15:21:41.486] [modloading-worker-0/DEBUG] [com.tterrag.registrate.AbstractRegistrate/REGISTRATE.REGISTER]: Captured registration for entry small_dripstone_brick_slab of type minecraft:block
[23Mar2025 15:21:41.487] [modloading-worker-0/DEBUG] [com.tterrag.registrate.AbstractRegistrate/REGISTRATE.REGISTER]: Captured registration for entry small_dripstone_brick_wall of type minecraft:item
[23Mar2025 15:21:41.487] [modloading-worker-0/DEBUG] [com.tterrag.registrate.AbstractRegistrate/REGISTRATE.REGISTER]: Captured registration for entry small_dripstone_brick_wall of type minecraft:block
[23Mar2025 15:21:41.488] [modloading-worker-0/DEBUG] [com.tterrag.registrate.AbstractRegistrate/REGISTRATE.REGISTER]: Captured registration for entry layered_dripstone of type minecraft:item
[23Mar2025 15:21:41.488] [modloading-worker-0/DEBUG] [com.tterrag.registrate.AbstractRegistrate/REGISTRATE.REGISTER]: Captured registration for entry layered_dripstone of type minecraft:block
[23Mar2025 15:21:41.488] [modloading-worker-0/DEBUG] [com.tterrag.registrate.AbstractRegistrate/REGISTRATE.REGISTER]: Captured registration for entry dripstone_pillar of type minecraft:item
[23Mar2025 15:21:41.489] [modloading-worker-0/DEBUG] [com.tterrag.registrate.AbstractRegistrate/REGISTRATE.REGISTER]: Captured registration for entry dripstone_pillar of type minecraft:block
[23Mar2025 15:21:41.490] [modloading-worker-0/DEBUG] [com.tterrag.registrate.AbstractRegistrate/REGISTRATE.REGISTER]: Captured registration for entry cut_deepslate of type minecraft:item
[23Mar2025 15:21:41.490] [modloading-worker-0/DEBUG] [com.tterrag.registrate.AbstractRegistrate/REGISTRATE.REGISTER]: Captured registration for entry cut_deepslate of type minecraft:block
[23Mar2025 15:21:41.491] [modloading-worker-0/DEBUG] [com.tterrag.registrate.AbstractRegistrate/REGISTRATE.REGISTER]: Captured registration for entry cut_deepslate_stairs of type minecraft:item
[23Mar2025 15:21:41.491] [modloading-worker-0/DEBUG] [com.tterrag.registrate.AbstractRegistrate/REGISTRATE.REGISTER]: Captured registration for entry cut_deepslate_stairs of type minecraft:block
[23Mar2025 15:21:41.492] [modloading-worker-0/DEBUG] [com.tterrag.registrate.AbstractRegistrate/REGISTRATE.REGISTER]: Captured registration for entry cut_deepslate_slab of type minecraft:item
[23Mar2025 15:21:41.493] [modloading-worker-0/DEBUG] [com.tterrag.registrate.AbstractRegistrate/REGISTRATE.REGISTER]: Captured registration for entry cut_deepslate_slab of type minecraft:block
[23Mar2025 15:21:41.493] [modloading-worker-0/DEBUG] [com.tterrag.registrate.AbstractRegistrate/REGISTRATE.REGISTER]: Captured registration for entry cut_deepslate_wall of type minecraft:item
[23Mar2025 15:21:41.494] [modloading-worker-0/DEBUG] [com.tterrag.registrate.AbstractRegistrate/REGISTRATE.REGISTER]: Captured registration for entry cut_deepslate_wall of type minecraft:block
[23Mar2025 15:21:41.494] [modloading-worker-0/DEBUG] [com.tterrag.registrate.AbstractRegistrate/REGISTRATE.REGISTER]: Captured registration for entry polished_cut_deepslate of type minecraft:item
[23Mar2025 15:21:41.494] [modloading-worker-0/DEBUG] [com.tterrag.registrate.AbstractRegistrate/REGISTRATE.REGISTER]: Captured registration for entry polished_cut_deepslate of type minecraft:block
[23Mar2025 15:21:41.494] [modloading-worker-0/DEBUG] [com.tterrag.registrate.AbstractRegistrate/REGISTRATE.REGISTER]: Captured registration for entry polished_cut_deepslate_stairs of type minecraft:item
[23Mar2025 15:21:41.494] [modloading-worker-0/DEBUG] [com.tterrag.registrate.AbstractRegistrate/REGISTRATE.REGISTER]: Captured registration for entry polished_cut_deepslate_stairs of type minecraft:block
[23Mar2025 15:21:41.494] [modloading-worker-0/DEBUG] [com.tterrag.registrate.AbstractRegistrate/REGISTRATE.REGISTER]: Captured registration for entry polished_cut_deepslate_slab of type minecraft:item
[23Mar2025 15:21:41.494] [modloading-worker-0/DEBUG] [com.tterrag.registrate.AbstractRegistrate/REGISTRATE.REGISTER]: Captured registration for entry polished_cut_deepslate_slab of type minecraft:block
[23Mar2025 15:21:41.494] [modloading-worker-0/DEBUG] [com.tterrag.registrate.AbstractRegistrate/REGISTRATE.REGISTER]: Captured registration for entry polished_cut_deepslate_wall of type minecraft:item
[23Mar2025 15:21:41.494] [modloading-worker-0/DEBUG] [com.tterrag.registrate.AbstractRegistrate/REGISTRATE.REGISTER]: Captured registration for entry polished_cut_deepslate_wall of type minecraft:block
[23Mar2025 15:21:41.494] [modloading-worker-0/DEBUG] [com.tterrag.registrate.AbstractRegistrate/REGISTRATE.REGISTER]: Captured registration for entry cut_deepslate_bricks of type minecraft:item
[23Mar2025 15:21:41.495] [modloading-worker-0/DEBUG] [com.tterrag.registrate.AbstractRegistrate/REGISTRATE.REGISTER]: Captured registration for entry cut_deepslate_bricks of type minecraft:block
[23Mar2025 15:21:41.495] [modloading-worker-0/DEBUG] [com.tterrag.registrate.AbstractRegistrate/REGISTRATE.REGISTER]: Captured registration for entry cut_deepslate_brick_stairs of type minecraft:item
[23Mar2025 15:21:41.495] [modloading-worker-0/DEBUG] [com.tterrag.registrate.AbstractRegistrate/REGISTRATE.REGISTER]: Captured registration for entry cut_deepslate_brick_stairs of type minecraft:block
[23Mar2025 15:21:41.495] [modloading-worker-0/DEBUG] [com.tterrag.registrate.AbstractRegistrate/REGISTRATE.REGISTER]: Captured registration for entry cut_deepslate_brick_slab of type minecraft:item
[23Mar2025 15:21:41.495] [modloading-worker-0/DEBUG] [com.tterrag.registrate.AbstractRegistrate/REGISTRATE.REGISTER]: Captured registration for entry cut_deepslate_brick_slab of type minecraft:block
[23Mar2025 15:21:41.495] [modloading-worker-0/DEBUG] [com.tterrag.registrate.AbstractRegistrate/REGISTRATE.REGISTER]: Captured registration for entry cut_deepslate_brick_wall of type minecraft:item
[23Mar2025 15:21:41.496] [modloading-worker-0/DEBUG] [com.tterrag.registrate.AbstractRegistrate/REGISTRATE.REGISTER]: Captured registration for entry cut_deepslate_brick_wall of type minecraft:block
[23Mar2025 15:21:41.496] [modloading-worker-0/DEBUG] [com.tterrag.registrate.AbstractRegistrate/REGISTRATE.REGISTER]: Captured registration for entry small_deepslate_bricks of type minecraft:item
[23Mar2025 15:21:41.497] [modloading-worker-0/DEBUG] [com.tterrag.registrate.AbstractRegistrate/REGISTRATE.REGISTER]: Captured registration for entry small_deepslate_bricks of type minecraft:block
[23Mar2025 15:21:41.497] [modloading-worker-0/DEBUG] [com.tterrag.registrate.AbstractRegistrate/REGISTRATE.REGISTER]: Captured registration for entry small_deepslate_brick_stairs of type minecraft:item
[23Mar2025 15:21:41.498] [modloading-worker-0/DEBUG] [com.tterrag.registrate.AbstractRegistrate/REGISTRATE.REGISTER]: Captured registration for entry small_deepslate_brick_stairs of type minecraft:block
[23Mar2025 15:21:41.498] [modloading-worker-0/DEBUG] [com.tterrag.registrate.AbstractRegistrate/REGISTRATE.REGISTER]: Captured registration for entry small_deepslate_brick_slab of type minecraft:item
[23Mar2025 15:21:41.499] [modloading-worker-0/DEBUG] [com.tterrag.registrate.AbstractRegistrate/REGISTRATE.REGISTER]: Captured registration for entry small_deepslate_brick_slab of type minecraft:block
[23Mar2025 15:21:41.499] [modloading-worker-0/DEBUG] [com.tterrag.registrate.AbstractRegistrate/REGISTRATE.REGISTER]: Captured registration for entry small_deepslate_brick_wall of type minecraft:item
[23Mar2025 15:21:41.499] [modloading-worker-0/DEBUG] [com.tterrag.registrate.AbstractRegistrate/REGISTRATE.REGISTER]: Captured registration for entry small_deepslate_brick_wall of type minecraft:block
[23Mar2025 15:21:41.500] [modloading-worker-0/DEBUG] [com.tterrag.registrate.AbstractRegistrate/REGISTRATE.REGISTER]: Captured registration for entry layered_deepslate of type minecraft:item
[23Mar2025 15:21:41.500] [modloading-worker-0/DEBUG] [com.tterrag.registrate.AbstractRegistrate/REGISTRATE.REGISTER]: Captured registration for entry layered_deepslate of type minecraft:block
[23Mar2025 15:21:41.501] [modloading-worker-0/DEBUG] [com.tterrag.registrate.AbstractRegistrate/REGISTRATE.REGISTER]: Captured registration for entry deepslate_pillar of type minecraft:item
[23Mar2025 15:21:41.501] [modloading-worker-0/DEBUG] [com.tterrag.registrate.AbstractRegistrate/REGISTRATE.REGISTER]: Captured registration for entry deepslate_pillar of type minecraft:block
[23Mar2025 15:21:41.504] [modloading-worker-0/DEBUG] [com.tterrag.registrate.AbstractRegistrate/REGISTRATE.REGISTER]: Captured registration for entry cut_tuff of type minecraft:item
[23Mar2025 15:21:41.504] [modloading-worker-0/DEBUG] [com.tterrag.registrate.AbstractRegistrate/REGISTRATE.REGISTER]: Captured registration for entry cut_tuff of type minecraft:block
[23Mar2025 15:21:41.504] [modloading-worker-0/DEBUG] [com.tterrag.registrate.AbstractRegistrate/REGISTRATE.REGISTER]: Captured registration for entry cut_tuff_stairs of type minecraft:item
[23Mar2025 15:21:41.504] [modloading-worker-0/DEBUG] [com.tterrag.registrate.AbstractRegistrate/REGISTRATE.REGISTER]: Captured registration for entry cut_tuff_stairs of type minecraft:block
[23Mar2025 15:21:41.504] [modloading-worker-0/DEBUG] [com.tterrag.registrate.AbstractRegistrate/REGISTRATE.REGISTER]: Captured registration for entry cut_tuff_slab of type minecraft:item
[23Mar2025 15:21:41.504] [modloading-worker-0/DEBUG] [com.tterrag.registrate.AbstractRegistrate/REGISTRATE.REGISTER]: Captured registration for entry cut_tuff_slab of type minecraft:block
[23Mar2025 15:21:41.504] [modloading-worker-0/DEBUG] [com.tterrag.registrate.AbstractRegistrate/REGISTRATE.REGISTER]: Captured registration for entry cut_tuff_wall of type minecraft:item
[23Mar2025 15:21:41.504] [modloading-worker-0/DEBUG] [com.tterrag.registrate.AbstractRegistrate/REGISTRATE.REGISTER]: Captured registration for entry cut_tuff_wall of type minecraft:block
[23Mar2025 15:21:41.505] [modloading-worker-0/DEBUG] [com.tterrag.registrate.AbstractRegistrate/REGISTRATE.REGISTER]: Captured registration for entry polished_cut_tuff of type minecraft:item
[23Mar2025 15:21:41.505] [modloading-worker-0/DEBUG] [com.tterrag.registrate.AbstractRegistrate/REGISTRATE.REGISTER]: Captured registration for entry polished_cut_tuff of type minecraft:block
[23Mar2025 15:21:41.505] [modloading-worker-0/DEBUG] [com.tterrag.registrate.AbstractRegistrate/REGISTRATE.REGISTER]: Captured registration for entry polished_cut_tuff_stairs of type minecraft:item
[23Mar2025 15:21:41.505] [modloading-worker-0/DEBUG] [com.tterrag.registrate.AbstractRegistrate/REGISTRATE.REGISTER]: Captured registration for entry polished_cut_tuff_stairs of type minecraft:block
[23Mar2025 15:21:41.505] [modloading-worker-0/DEBUG] [com.tterrag.registrate.AbstractRegistrate/REGISTRATE.REGISTER]: Captured registration for entry polished_cut_tuff_slab of type minecraft:item
[23Mar2025 15:21:41.505] [modloading-worker-0/DEBUG] [com.tterrag.registrate.AbstractRegistrate/REGISTRATE.REGISTER]: Captured registration for entry polished_cut_tuff_slab of type minecraft:block
[23Mar2025 15:21:41.506] [modloading-worker-0/DEBUG] [com.tterrag.registrate.AbstractRegistrate/REGISTRATE.REGISTER]: Captured registration for entry polished_cut_tuff_wall of type minecraft:item
[23Mar2025 15:21:41.506] [modloading-worker-0/DEBUG] [com.tterrag.registrate.AbstractRegistrate/REGISTRATE.REGISTER]: Captured registration for entry polished_cut_tuff_wall of type minecraft:block
[23Mar2025 15:21:41.506] [modloading-worker-0/DEBUG] [com.tterrag.registrate.AbstractRegistrate/REGISTRATE.REGISTER]: Captured registration for entry cut_tuff_bricks of type minecraft:item
[23Mar2025 15:21:41.506] [modloading-worker-0/DEBUG] [com.tterrag.registrate.AbstractRegistrate/REGISTRATE.REGISTER]: Captured registration for entry cut_tuff_bricks of type minecraft:block
[23Mar2025 15:21:41.506] [modloading-worker-0/DEBUG] [com.tterrag.registrate.AbstractRegistrate/REGISTRATE.REGISTER]: Captured registration for entry cut_tuff_brick_stairs of type minecraft:item
[23Mar2025 15:21:41.506] [modloading-worker-0/DEBUG] [com.tterrag.registrate.AbstractRegistrate/REGISTRATE.REGISTER]: Captured registration for entry cut_tuff_brick_stairs of type minecraft:block
[23Mar2025 15:21:41.507] [modloading-worker-0/DEBUG] [com.tterrag.registrate.AbstractRegistrate/REGISTRATE.REGISTER]: Captured registration for entry cut_tuff_brick_slab of type minecraft:item
[23Mar2025 15:21:41.507] [modloading-worker-0/DEBUG] [com.tterrag.registrate.AbstractRegistrate/REGISTRATE.REGISTER]: Captured registration for entry cut_tuff_brick_slab of type minecraft:block
[23Mar2025 15:21:41.507] [modloading-worker-0/DEBUG] [com.tterrag.registrate.AbstractRegistrate/REGISTRATE.REGISTER]: Captured registration for entry cut_tuff_brick_wall of type minecraft:item
[23Mar2025 15:21:41.507] [modloading-worker-0/DEBUG] [com.tterrag.registrate.AbstractRegistrate/REGISTRATE.REGISTER]: Captured registration for entry cut_tuff_brick_wall of type minecraft:block
[23Mar2025 15:21:41.507] [modloading-worker-0/DEBUG] [com.tterrag.registrate.AbstractRegistrate/REGISTRATE.REGISTER]: Captured registration for entry small_tuff_bricks of type minecraft:item
[23Mar2025 15:21:41.507] [modloading-worker-0/DEBUG] [com.tterrag.registrate.AbstractRegistrate/REGISTRATE.REGISTER]: Captured registration for entry small_tuff_bricks of type minecraft:block
[23Mar2025 15:21:41.508] [modloading-worker-0/DEBUG] [com.tterrag.registrate.AbstractRegistrate/REGISTRATE.REGISTER]: Captured registration for entry small_tuff_brick_stairs of type minecraft:item
[23Mar2025 15:21:41.508] [modloading-worker-0/DEBUG] [com.tterrag.registrate.AbstractRegistrate/REGISTRATE.REGISTER]: Captured registration for entry small_tuff_brick_stairs of type minecraft:block
[23Mar2025 15:21:41.508] [modloading-worker-0/DEBUG] [com.tterrag.registrate.AbstractRegistrate/REGISTRATE.REGISTER]: Captured registration for entry small_tuff_brick_slab of type minecraft:item
[23Mar2025 15:21:41.508] [modloading-worker-0/DEBUG] [com.tterrag.registrate.AbstractRegistrate/REGISTRATE.REGISTER]: Captured registration for entry small_tuff_brick_slab of type minecraft:block
[23Mar2025 15:21:41.508] [modloading-worker-0/DEBUG] [com.tterrag.registrate.AbstractRegistrate/REGISTRATE.REGISTER]: Captured registration for entry small_tuff_brick_wall of type minecraft:item
[23Mar2025 15:21:41.508] [modloading-worker-0/DEBUG] [com.tterrag.registrate.AbstractRegistrate/REGISTRATE.REGISTER]: Captured registration for entry small_tuff_brick_wall of type minecraft:block
[23Mar2025 15:21:41.509] [modloading-worker-0/DEBUG] [com.tterrag.registrate.AbstractRegistrate/REGISTRATE.REGISTER]: Captured registration for entry layered_tuff of type minecraft:item
[23Mar2025 15:21:41.509] [modloading-worker-0/DEBUG] [com.tterrag.registrate.AbstractRegistrate/REGISTRATE.REGISTER]: Captured registration for entry layered_tuff of type minecraft:block
[23Mar2025 15:21:41.509] [modloading-worker-0/DEBUG] [com.tterrag.registrate.AbstractRegistrate/REGISTRATE.REGISTER]: Captured registration for entry tuff_pillar of type minecraft:item
[23Mar2025 15:21:41.509] [modloading-worker-0/DEBUG] [com.tterrag.registrate.AbstractRegistrate/REGISTRATE.REGISTER]: Captured registration for entry tuff_pillar of type minecraft:block
[23Mar2025 15:21:41.513] [modloading-worker-0/DEBUG] [com.tterrag.registrate.AbstractRegistrate/REGISTRATE.REGISTER]: Captured registration for entry asurine of type minecraft:item
[23Mar2025 15:21:41.513] [modloading-worker-0/DEBUG] [com.tterrag.registrate.AbstractRegistrate/REGISTRATE.REGISTER]: Captured registration for entry asurine of type minecraft:block
[23Mar2025 15:21:41.514] [modloading-worker-0/DEBUG] [com.tterrag.registrate.AbstractRegistrate/REGISTRATE.REGISTER]: Captured registration for entry cut_asurine of type minecraft:item
[23Mar2025 15:21:41.514] [modloading-worker-0/DEBUG] [com.tterrag.registrate.AbstractRegistrate/REGISTRATE.REGISTER]: Captured registration for entry cut_asurine of type minecraft:block
[23Mar2025 15:21:41.515] [modloading-worker-0/DEBUG] [com.tterrag.registrate.AbstractRegistrate/REGISTRATE.REGISTER]: Captured registration for entry cut_asurine_stairs of type minecraft:item
[23Mar2025 15:21:41.515] [modloading-worker-0/DEBUG] [com.tterrag.registrate.AbstractRegistrate/REGISTRATE.REGISTER]: Captured registration for entry cut_asurine_stairs of type minecraft:block
[23Mar2025 15:21:41.515] [modloading-worker-0/DEBUG] [com.tterrag.registrate.AbstractRegistrate/REGISTRATE.REGISTER]: Captured registration for entry cut_asurine_slab of type minecraft:item
[23Mar2025 15:21:41.516] [modloading-worker-0/DEBUG] [com.tterrag.registrate.AbstractRegistrate/REGISTRATE.REGISTER]: Captured registration for entry cut_asurine_slab of type minecraft:block
[23Mar2025 15:21:41.516] [modloading-worker-0/DEBUG] [com.tterrag.registrate.AbstractRegistrate/REGISTRATE.REGISTER]: Captured registration for entry cut_asurine_wall of type minecraft:item
[23Mar2025 15:21:41.516] [modloading-worker-0/DEBUG] [com.tterrag.registrate.AbstractRegistrate/REGISTRATE.REGISTER]: Captured registration for entry cut_asurine_wall of type minecraft:block
[23Mar2025 15:21:41.516] [modloading-worker-0/DEBUG] [com.tterrag.registrate.AbstractRegistrate/REGISTRATE.REGISTER]: Captured registration for entry polished_cut_asurine of type minecraft:item
[23Mar2025 15:21:41.516] [modloading-worker-0/DEBUG] [com.tterrag.registrate.AbstractRegistrate/REGISTRATE.REGISTER]: Captured registration for entry polished_cut_asurine of type minecraft:block
[23Mar2025 15:21:41.516] [modloading-worker-0/DEBUG] [com.tterrag.registrate.AbstractRegistrate/REGISTRATE.REGISTER]: Captured registration for entry polished_cut_asurine_stairs of type minecraft:item
[23Mar2025 15:21:41.517] [modloading-worker-0/DEBUG] [com.tterrag.registrate.AbstractRegistrate/REGISTRATE.REGISTER]: Captured registration for entry polished_cut_asurine_stairs of type minecraft:block
[23Mar2025 15:21:41.517] [modloading-worker-0/DEBUG] [com.tterrag.registrate.AbstractRegistrate/REGISTRATE.REGISTER]: Captured registration for entry polished_cut_asurine_slab of type minecraft:item
[23Mar2025 15:21:41.517] [modloading-worker-0/DEBUG] [com.tterrag.registrate.AbstractRegistrate/REGISTRATE.REGISTER]: Captured registration for entry polished_cut_asurine_slab of type minecraft:block
[23Mar2025 15:21:41.517] [modloading-worker-0/DEBUG] [com.tterrag.registrate.AbstractRegistrate/REGISTRATE.REGISTER]: Captured registration for entry polished_cut_asurine_wall of type minecraft:item
[23Mar2025 15:21:41.517] [modloading-worker-0/DEBUG] [com.tterrag.registrate.AbstractRegistrate/REGISTRATE.REGISTER]: Captured registration for entry polished_cut_asurine_wall of type minecraft:block
[23Mar2025 15:21:41.517] [modloading-worker-0/DEBUG] [com.tterrag.registrate.AbstractRegistrate/REGISTRATE.REGISTER]: Captured registration for entry cut_asurine_bricks of type minecraft:item
[23Mar2025 15:21:41.518] [modloading-worker-0/DEBUG] [com.tterrag.registrate.AbstractRegistrate/REGISTRATE.REGISTER]: Captured registration for entry cut_asurine_bricks of type minecraft:block
[23Mar2025 15:21:41.518] [modloading-worker-0/DEBUG] [com.tterrag.registrate.AbstractRegistrate/REGISTRATE.REGISTER]: Captured registration for entry cut_asurine_brick_stairs of type minecraft:item
[23Mar2025 15:21:41.518] [modloading-worker-0/DEBUG] [com.tterrag.registrate.AbstractRegistrate/REGISTRATE.REGISTER]: Captured registration for entry cut_asurine_brick_stairs of type minecraft:block
[23Mar2025 15:21:41.518] [modloading-worker-0/DEBUG] [com.tterrag.registrate.AbstractRegistrate/REGISTRATE.REGISTER]: Captured registration for entry cut_asurine_brick_slab of type minecraft:item
[23Mar2025 15:21:41.518] [modloading-worker-0/DEBUG] [com.tterrag.registrate.AbstractRegistrate/REGISTRATE.REGISTER]: Captured registration for entry cut_asurine_brick_slab of type minecraft:block
[23Mar2025 15:21:41.518] [modloading-worker-0/DEBUG] [com.tterrag.registrate.AbstractRegistrate/REGISTRATE.REGISTER]: Captured registration for entry cut_asurine_brick_wall of type minecraft:item
[23Mar2025 15:21:41.519] [modloading-worker-0/DEBUG] [com.tterrag.registrate.AbstractRegistrate/REGISTRATE.REGISTER]: Captured registration for entry cut_asurine_brick_wall of type minecraft:block
[23Mar2025 15:21:41.519] [modloading-worker-0/DEBUG] [com.tterrag.registrate.AbstractRegistrate/REGISTRATE.REGISTER]: Captured registration for entry small_asurine_bricks of type minecraft:item
[23Mar2025 15:21:41.519] [modloading-worker-0/DEBUG] [com.tterrag.registrate.AbstractRegistrate/REGISTRATE.REGISTER]: Captured registration for entry small_asurine_bricks of type minecraft:block
[23Mar2025 15:21:41.519] [modloading-worker-0/DEBUG] [com.tterrag.registrate.AbstractRegistrate/REGISTRATE.REGISTER]: Captured registration for entry small_asurine_brick_stairs of type minecraft:item
[23Mar2025 15:21:41.519] [modloading-worker-0/DEBUG] [com.tterrag.registrate.AbstractRegistrate/REGISTRATE.REGISTER]: Captured registration for entry small_asurine_brick_stairs of type minecraft:block
[23Mar2025 15:21:41.519] [modloading-worker-0/DEBUG] [com.tterrag.registrate.AbstractRegistrate/REGISTRATE.REGISTER]: Captured registration for entry small_asurine_brick_slab of type minecraft:item
[23Mar2025 15:21:41.520] [modloading-worker-0/DEBUG] [com.tterrag.registrate.AbstractRegistrate/REGISTRATE.REGISTER]: Captured registration for entry small_asurine_brick_slab of type minecraft:block
[23Mar2025 15:21:41.520] [modloading-worker-0/DEBUG] [com.tterrag.registrate.AbstractRegistrate/REGISTRATE.REGISTER]: Captured registration for entry small_asurine_brick_wall of type minecraft:item
[23Mar2025 15:21:41.520] [modloading-worker-0/DEBUG] [com.tterrag.registrate.AbstractRegistrate/REGISTRATE.REGISTER]: Captured registration for entry small_asurine_brick_wall of type minecraft:block
[23Mar2025 15:21:41.520] [modloading-worker-0/DEBUG] [com.tterrag.registrate.AbstractRegistrate/REGISTRATE.REGISTER]: Captured registration for entry layered_asurine of type minecraft:item
[23Mar2025 15:21:41.520] [modloading-worker-0/DEBUG] [com.tterrag.registrate.AbstractRegistrate/REGISTRATE.REGISTER]: Captured registration for entry layered_asurine of type minecraft:block
[23Mar2025 15:21:41.521] [modloading-worker-0/DEBUG] [com.tterrag.registrate.AbstractRegistrate/REGISTRATE.REGISTER]: Captured registration for entry asurine_pillar of type minecraft:item
[23Mar2025 15:21:41.521] [modloading-worker-0/DEBUG] [com.tterrag.registrate.AbstractRegistrate/REGISTRATE.REGISTER]: Captured registration for entry asurine_pillar of type minecraft:block
[23Mar2025 15:21:41.524] [modloading-worker-0/DEBUG] [com.tterrag.registrate.AbstractRegistrate/REGISTRATE.REGISTER]: Captured registration for entry crimsite of type minecraft:item
[23Mar2025 15:21:41.524] [modloading-worker-0/DEBUG] [com.tterrag.registrate.AbstractRegistrate/REGISTRATE.REGISTER]: Captured registration for entry crimsite of type minecraft:block
[23Mar2025 15:21:41.524] [modloading-worker-0/DEBUG] [com.tterrag.registrate.AbstractRegistrate/REGISTRATE.REGISTER]: Captured registration for entry cut_crimsite of type minecraft:item
[23Mar2025 15:21:41.524] [modloading-worker-0/DEBUG] [com.tterrag.registrate.AbstractRegistrate/REGISTRATE.REGISTER]: Captured registration for entry cut_crimsite of type minecraft:block
[23Mar2025 15:21:41.524] [modloading-worker-0/DEBUG] [com.tterrag.registrate.AbstractRegistrate/REGISTRATE.REGISTER]: Captured registration for entry cut_crimsite_stairs of type minecraft:item
[23Mar2025 15:21:41.524] [modloading-worker-0/DEBUG] [com.tterrag.registrate.AbstractRegistrate/REGISTRATE.REGISTER]: Captured registration for entry cut_crimsite_stairs of type minecraft:block
[23Mar2025 15:21:41.525] [modloading-worker-0/DEBUG] [com.tterrag.registrate.AbstractRegistrate/REGISTRATE.REGISTER]: Captured registration for entry cut_crimsite_slab of type minecraft:item
[23Mar2025 15:21:41.525] [modloading-worker-0/DEBUG] [com.tterrag.registrate.AbstractRegistrate/REGISTRATE.REGISTER]: Captured registration for entry cut_crimsite_slab of type minecraft:block
[23Mar2025 15:21:41.525] [modloading-worker-0/DEBUG] [com.tterrag.registrate.AbstractRegistrate/REGISTRATE.REGISTER]: Captured registration for entry cut_crimsite_wall of type minecraft:item
[23Mar2025 15:21:41.526] [modloading-worker-0/DEBUG] [com.tterrag.registrate.AbstractRegistrate/REGISTRATE.REGISTER]: Captured registration for entry cut_crimsite_wall of type minecraft:block
[23Mar2025 15:21:41.526] [modloading-worker-0/DEBUG] [com.tterrag.registrate.AbstractRegistrate/REGISTRATE.REGISTER]: Captured registration for entry polished_cut_crimsite of type minecraft:item
[23Mar2025 15:21:41.526] [modloading-worker-0/DEBUG] [com.tterrag.registrate.AbstractRegistrate/REGISTRATE.REGISTER]: Captured registration for entry polished_cut_crimsite of type minecraft:block
[23Mar2025 15:21:41.526] [modloading-worker-0/DEBUG] [com.tterrag.registrate.AbstractRegistrate/REGISTRATE.REGISTER]: Captured registration for entry polished_cut_crimsite_stairs of type minecraft:item
[23Mar2025 15:21:41.526] [modloading-worker-0/DEBUG] [com.tterrag.registrate.AbstractRegistrate/REGISTRATE.REGISTER]: Captured registration for entry polished_cut_crimsite_stairs of type minecraft:block
[23Mar2025 15:21:41.527] [modloading-worker-0/DEBUG] [com.tterrag.registrate.AbstractRegistrate/REGISTRATE.REGISTER]: Captured registration for entry polished_cut_crimsite_slab of type minecraft:item
[23Mar2025 15:21:41.527] [modloading-worker-0/DEBUG] [com.tterrag.registrate.AbstractRegistrate/REGISTRATE.REGISTER]: Captured registration for entry polished_cut_crimsite_slab of type minecraft:block
[23Mar2025 15:21:41.527] [modloading-worker-0/DEBUG] [com.tterrag.registrate.AbstractRegistrate/REGISTRATE.REGISTER]: Captured registration for entry polished_cut_crimsite_wall of type minecraft:item
[23Mar2025 15:21:41.527] [modloading-worker-0/DEBUG] [com.tterrag.registrate.AbstractRegistrate/REGISTRATE.REGISTER]: Captured registration for entry polished_cut_crimsite_wall of type minecraft:block
[23Mar2025 15:21:41.527] [modloading-worker-0/DEBUG] [com.tterrag.registrate.AbstractRegistrate/REGISTRATE.REGISTER]: Captured registration for entry cut_crimsite_bricks of type minecraft:item
[23Mar2025 15:21:41.528] [modloading-worker-0/DEBUG] [com.tterrag.registrate.AbstractRegistrate/REGISTRATE.REGISTER]: Captured registration for entry cut_crimsite_bricks of type minecraft:block
[23Mar2025 15:21:41.528] [modloading-worker-0/DEBUG] [com.tterrag.registrate.AbstractRegistrate/REGISTRATE.REGISTER]: Captured registration for entry cut_crimsite_brick_stairs of type minecraft:item
[23Mar2025 15:21:41.528] [modloading-worker-0/DEBUG] [com.tterrag.registrate.AbstractRegistrate/REGISTRATE.REGISTER]: Captured registration for entry cut_crimsite_brick_stairs of type minecraft:block
[23Mar2025 15:21:41.529] [modloading-worker-0/DEBUG] [com.tterrag.registrate.AbstractRegistrate/REGISTRATE.REGISTER]: Captured registration for entry cut_crimsite_brick_slab of type minecraft:item
[23Mar2025 15:21:41.529] [modloading-worker-0/DEBUG] [com.tterrag.registrate.AbstractRegistrate/REGISTRATE.REGISTER]: Captured registration for entry cut_crimsite_brick_slab of type minecraft:block
[23Mar2025 15:21:41.530] [modloading-worker-0/DEBUG] [com.tterrag.registrate.AbstractRegistrate/REGISTRATE.REGISTER]: Captured registration for entry cut_crimsite_brick_wall of type minecraft:item
[23Mar2025 15:21:41.530] [modloading-worker-0/DEBUG] [com.tterrag.registrate.AbstractRegistrate/REGISTRATE.REGISTER]: Captured registration for entry cut_crimsite_brick_wall of type minecraft:block
[23Mar2025 15:21:41.531] [modloading-worker-0/DEBUG] [com.tterrag.registrate.AbstractRegistrate/REGISTRATE.REGISTER]: Captured registration for entry small_crimsite_bricks of type minecraft:item
[23Mar2025 15:21:41.531] [modloading-worker-0/DEBUG] [com.tterrag.registrate.AbstractRegistrate/REGISTRATE.REGISTER]: Captured registration for entry small_crimsite_bricks of type minecraft:block
[23Mar2025 15:21:41.531] [modloading-worker-0/DEBUG] [com.tterrag.registrate.AbstractRegistrate/REGISTRATE.REGISTER]: Captured registration for entry small_crimsite_brick_stairs of type minecraft:item
[23Mar2025 15:21:41.532] [modloading-worker-0/DEBUG] [com.tterrag.registrate.AbstractRegistrate/REGISTRATE.REGISTER]: Captured registration for entry small_crimsite_brick_stairs of type minecraft:block
[23Mar2025 15:21:41.532] [modloading-worker-0/DEBUG] [com.tterrag.registrate.AbstractRegistrate/REGISTRATE.REGISTER]: Captured registration for entry small_crimsite_brick_slab of type minecraft:item
[23Mar2025 15:21:41.532] [modloading-worker-0/DEBUG] [com.tterrag.registrate.AbstractRegistrate/REGISTRATE.REGISTER]: Captured registration for entry small_crimsite_brick_slab of type minecraft:block
[23Mar2025 15:21:41.533] [modloading-worker-0/DEBUG] [com.tterrag.registrate.AbstractRegistrate/REGISTRATE.REGISTER]: Captured registration for entry small_crimsite_brick_wall of type minecraft:item
[23Mar2025 15:21:41.533] [modloading-worker-0/DEBUG] [com.tterrag.registrate.AbstractRegistrate/REGISTRATE.REGISTER]: Captured registration for entry small_crimsite_brick_wall of type minecraft:block
[23Mar2025 15:21:41.533] [modloading-worker-0/DEBUG] [com.tterrag.registrate.AbstractRegistrate/REGISTRATE.REGISTER]: Captured registration for entry layered_crimsite of type minecraft:item
[23Mar2025 15:21:41.534] [modloading-worker-0/DEBUG] [com.tterrag.registrate.AbstractRegistrate/REGISTRATE.REGISTER]: Captured registration for entry layered_crimsite of type minecraft:block
[23Mar2025 15:21:41.534] [modloading-worker-0/DEBUG] [com.tterrag.registrate.AbstractRegistrate/REGISTRATE.REGISTER]: Captured registration for entry crimsite_pillar of type minecraft:item
[23Mar2025 15:21:41.534] [modloading-worker-0/DEBUG] [com.tterrag.registrate.AbstractRegistrate/REGISTRATE.REGISTER]: Captured registration for entry crimsite_pillar of type minecraft:block
[23Mar2025 15:21:41.538] [modloading-worker-0/DEBUG] [com.tterrag.registrate.AbstractRegistrate/REGISTRATE.REGISTER]: Captured registration for entry limestone of type minecraft:item
[23Mar2025 15:21:41.538] [modloading-worker-0/DEBUG] [com.tterrag.registrate.AbstractRegistrate/REGISTRATE.REGISTER]: Captured registration for entry limestone of type minecraft:block
[23Mar2025 15:21:41.538] [modloading-worker-0/DEBUG] [com.tterrag.registrate.AbstractRegistrate/REGISTRATE.REGISTER]: Captured registration for entry cut_limestone of type minecraft:item
[23Mar2025 15:21:41.538] [modloading-worker-0/DEBUG] [com.tterrag.registrate.AbstractRegistrate/REGISTRATE.REGISTER]: Captured registration for entry cut_limestone of type minecraft:block
[23Mar2025 15:21:41.538] [modloading-worker-0/DEBUG] [com.tterrag.registrate.AbstractRegistrate/REGISTRATE.REGISTER]: Captured registration for entry cut_limestone_stairs of type minecraft:item
[23Mar2025 15:21:41.538] [modloading-worker-0/DEBUG] [com.tterrag.registrate.AbstractRegistrate/REGISTRATE.REGISTER]: Captured registration for entry cut_limestone_stairs of type minecraft:block
[23Mar2025 15:21:41.538] [modloading-worker-0/DEBUG] [com.tterrag.registrate.AbstractRegistrate/REGISTRATE.REGISTER]: Captured registration for entry cut_limestone_slab of type minecraft:item
[23Mar2025 15:21:41.538] [modloading-worker-0/DEBUG] [com.tterrag.registrate.AbstractRegistrate/REGISTRATE.REGISTER]: Captured registration for entry cut_limestone_slab of type minecraft:block
[23Mar2025 15:21:41.538] [modloading-worker-0/DEBUG] [com.tterrag.registrate.AbstractRegistrate/REGISTRATE.REGISTER]: Captured registration for entry cut_limestone_wall of type minecraft:item
[23Mar2025 15:21:41.539] [modloading-worker-0/DEBUG] [com.tterrag.registrate.AbstractRegistrate/REGISTRATE.REGISTER]: Captured registration for entry cut_limestone_wall of type minecraft:block
[23Mar2025 15:21:41.539] [modloading-worker-0/DEBUG] [com.tterrag.registrate.AbstractRegistrate/REGISTRATE.REGISTER]: Captured registration for entry polished_cut_limestone of type minecraft:item
[23Mar2025 15:21:41.539] [modloading-worker-0/DEBUG] [com.tterrag.registrate.AbstractRegistrate/REGISTRATE.REGISTER]: Captured registration for entry polished_cut_limestone of type minecraft:block
[23Mar2025 15:21:41.539] [modloading-worker-0/DEBUG] [com.tterrag.registrate.AbstractRegistrate/REGISTRATE.REGISTER]: Captured registration for entry polished_cut_limestone_stairs of type minecraft:item
[23Mar2025 15:21:41.539] [modloading-worker-0/DEBUG] [com.tterrag.registrate.AbstractRegistrate/REGISTRATE.REGISTER]: Captured registration for entry polished_cut_limestone_stairs of type minecraft:block
[23Mar2025 15:21:41.539] [modloading-worker-0/DEBUG] [com.tterrag.registrate.AbstractRegistrate/REGISTRATE.REGISTER]: Captured registration for entry polished_cut_limestone_slab of type minecraft:item
[23Mar2025 15:21:41.539] [modloading-worker-0/DEBUG] [com.tterrag.registrate.AbstractRegistrate/REGISTRATE.REGISTER]: Captured registration for entry polished_cut_limestone_slab of type minecraft:block
[23Mar2025 15:21:41.539] [modloading-worker-0/DEBUG] [com.tterrag.registrate.AbstractRegistrate/REGISTRATE.REGISTER]: Captured registration for entry polished_cut_limestone_wall of type minecraft:item
[23Mar2025 15:21:41.539] [modloading-worker-0/DEBUG] [com.tterrag.registrate.AbstractRegistrate/REGISTRATE.REGISTER]: Captured registration for entry polished_cut_limestone_wall of type minecraft:block
[23Mar2025 15:21:41.539] [modloading-worker-0/DEBUG] [com.tterrag.registrate.AbstractRegistrate/REGISTRATE.REGISTER]: Captured registration for entry cut_limestone_bricks of type minecraft:item
[23Mar2025 15:21:41.539] [modloading-worker-0/DEBUG] [com.tterrag.registrate.AbstractRegistrate/REGISTRATE.REGISTER]: Captured registration for entry cut_limestone_bricks of type minecraft:block
[23Mar2025 15:21:41.540] [modloading-worker-0/DEBUG] [com.tterrag.registrate.AbstractRegistrate/REGISTRATE.REGISTER]: Captured registration for entry cut_limestone_brick_stairs of type minecraft:item
[23Mar2025 15:21:41.540] [modloading-worker-0/DEBUG] [com.tterrag.registrate.AbstractRegistrate/REGISTRATE.REGISTER]: Captured registration for entry cut_limestone_brick_stairs of type minecraft:block
[23Mar2025 15:21:41.540] [modloading-worker-0/DEBUG] [com.tterrag.registrate.AbstractRegistrate/REGISTRATE.REGISTER]: Captured registration for entry cut_limestone_brick_slab of type minecraft:item
[23Mar2025 15:21:41.541] [modloading-worker-0/DEBUG] [com.tterrag.registrate.AbstractRegistrate/REGISTRATE.REGISTER]: Captured registration for entry cut_limestone_brick_slab of type minecraft:block
[23Mar2025 15:21:41.541] [modloading-worker-0/DEBUG] [com.tterrag.registrate.AbstractRegistrate/REGISTRATE.REGISTER]: Captured registration for entry cut_limestone_brick_wall of type minecraft:item
[23Mar2025 15:21:41.541] [modloading-worker-0/DEBUG] [com.tterrag.registrate.AbstractRegistrate/REGISTRATE.REGISTER]: Captured registration for entry cut_limestone_brick_wall of type minecraft:block
[23Mar2025 15:21:41.542] [modloading-worker-0/DEBUG] [com.tterrag.registrate.AbstractRegistrate/REGISTRATE.REGISTER]: Captured registration for entry small_limestone_bricks of type minecraft:item
[23Mar2025 15:21:41.542] [modloading-worker-0/DEBUG] [com.tterrag.registrate.AbstractRegistrate/REGISTRATE.REGISTER]: Captured registration for entry small_limestone_bricks of type minecraft:block
[23Mar2025 15:21:41.542] [modloading-worker-0/DEBUG] [com.tterrag.registrate.AbstractRegistrate/REGISTRATE.REGISTER]: Captured registration for entry small_limestone_brick_stairs of type minecraft:item
[23Mar2025 15:21:41.542] [modloading-worker-0/DEBUG] [com.tterrag.registrate.AbstractRegistrate/REGISTRATE.REGISTER]: Captured registration for entry small_limestone_brick_stairs of type minecraft:block
[23Mar2025 15:21:41.543] [modloading-worker-0/DEBUG] [com.tterrag.registrate.AbstractRegistrate/REGISTRATE.REGISTER]: Captured registration for entry small_limestone_brick_slab of type minecraft:item
[23Mar2025 15:21:41.543] [modloading-worker-0/DEBUG] [com.tterrag.registrate.AbstractRegistrate/REGISTRATE.REGISTER]: Captured registration for entry small_limestone_brick_slab of type minecraft:block
[23Mar2025 15:21:41.543] [modloading-worker-0/DEBUG] [com.tterrag.registrate.AbstractRegistrate/REGISTRATE.REGISTER]: Captured registration for entry small_limestone_brick_wall of type minecraft:item
[23Mar2025 15:21:41.544] [modloading-worker-0/DEBUG] [com.tterrag.registrate.AbstractRegistrate/REGISTRATE.REGISTER]: Captured registration for entry small_limestone_brick_wall of type minecraft:block
[23Mar2025 15:21:41.544] [modloading-worker-0/DEBUG] [com.tterrag.registrate.AbstractRegistrate/REGISTRATE.REGISTER]: Captured registration for entry layered_limestone of type minecraft:item
[23Mar2025 15:21:41.544] [modloading-worker-0/DEBUG] [com.tterrag.registrate.AbstractRegistrate/REGISTRATE.REGISTER]: Captured registration for entry layered_limestone of type minecraft:block
[23Mar2025 15:21:41.545] [modloading-worker-0/DEBUG] [com.tterrag.registrate.AbstractRegistrate/REGISTRATE.REGISTER]: Captured registration for entry limestone_pillar of type minecraft:item
[23Mar2025 15:21:41.545] [modloading-worker-0/DEBUG] [com.tterrag.registrate.AbstractRegistrate/REGISTRATE.REGISTER]: Captured registration for entry limestone_pillar of type minecraft:block
[23Mar2025 15:21:41.546] [modloading-worker-0/DEBUG] [com.tterrag.registrate.AbstractRegistrate/REGISTRATE.REGISTER]: Captured registration for entry ochrum of type minecraft:item
[23Mar2025 15:21:41.546] [modloading-worker-0/DEBUG] [com.tterrag.registrate.AbstractRegistrate/REGISTRATE.REGISTER]: Captured registration for entry ochrum of type minecraft:block
[23Mar2025 15:21:41.547] [modloading-worker-0/DEBUG] [com.tterrag.registrate.AbstractRegistrate/REGISTRATE.REGISTER]: Captured registration for entry cut_ochrum of type minecraft:item
[23Mar2025 15:21:41.547] [modloading-worker-0/DEBUG] [com.tterrag.registrate.AbstractRegistrate/REGISTRATE.REGISTER]: Captured registration for entry cut_ochrum of type minecraft:block
[23Mar2025 15:21:41.548] [modloading-worker-0/DEBUG] [com.tterrag.registrate.AbstractRegistrate/REGISTRATE.REGISTER]: Captured registration for entry cut_ochrum_stairs of type minecraft:item
[23Mar2025 15:21:41.548] [modloading-worker-0/DEBUG] [com.tterrag.registrate.AbstractRegistrate/REGISTRATE.REGISTER]: Captured registration for entry cut_ochrum_stairs of type minecraft:block
[23Mar2025 15:21:41.548] [modloading-worker-0/DEBUG] [com.tterrag.registrate.AbstractRegistrate/REGISTRATE.REGISTER]: Captured registration for entry cut_ochrum_slab of type minecraft:item
[23Mar2025 15:21:41.548] [modloading-worker-0/DEBUG] [com.tterrag.registrate.AbstractRegistrate/REGISTRATE.REGISTER]: Captured registration for entry cut_ochrum_slab of type minecraft:block
[23Mar2025 15:21:41.549] [modloading-worker-0/DEBUG] [com.tterrag.registrate.AbstractRegistrate/REGISTRATE.REGISTER]: Captured registration for entry cut_ochrum_wall of type minecraft:item
[23Mar2025 15:21:41.549] [modloading-worker-0/DEBUG] [com.tterrag.registrate.AbstractRegistrate/REGISTRATE.REGISTER]: Captured registration for entry cut_ochrum_wall of type minecraft:block
[23Mar2025 15:21:41.549] [modloading-worker-0/DEBUG] [com.tterrag.registrate.AbstractRegistrate/REGISTRATE.REGISTER]: Captured registration for entry polished_cut_ochrum of type minecraft:item
[23Mar2025 15:21:41.550] [modloading-worker-0/DEBUG] [com.tterrag.registrate.AbstractRegistrate/REGISTRATE.REGISTER]: Captured registration for entry polished_cut_ochrum of type minecraft:block
[23Mar2025 15:21:41.550] [modloading-worker-0/DEBUG] [com.tterrag.registrate.AbstractRegistrate/REGISTRATE.REGISTER]: Captured registration for entry polished_cut_ochrum_stairs of type minecraft:item
[23Mar2025 15:21:41.551] [modloading-worker-0/DEBUG] [com.tterrag.registrate.AbstractRegistrate/REGISTRATE.REGISTER]: Captured registration for entry polished_cut_ochrum_stairs of type minecraft:block
[23Mar2025 15:21:41.551] [modloading-worker-0/DEBUG] [com.tterrag.registrate.AbstractRegistrate/REGISTRATE.REGISTER]: Captured registration for entry polished_cut_ochrum_slab of type minecraft:item
[23Mar2025 15:21:41.552] [modloading-worker-0/DEBUG] [com.tterrag.registrate.AbstractRegistrate/REGISTRATE.REGISTER]: Captured registration for entry polished_cut_ochrum_slab of type minecraft:block
[23Mar2025 15:21:41.552] [modloading-worker-0/DEBUG] [com.tterrag.registrate.AbstractRegistrate/REGISTRATE.REGISTER]: Captured registration for entry polished_cut_ochrum_wall of type minecraft:item
[23Mar2025 15:21:41.552] [modloading-worker-0/DEBUG] [com.tterrag.registrate.AbstractRegistrate/REGISTRATE.REGISTER]: Captured registration for entry polished_cut_ochrum_wall of type minecraft:block
[23Mar2025 15:21:41.553] [modloading-worker-0/DEBUG] [com.tterrag.registrate.AbstractRegistrate/REGISTRATE.REGISTER]: Captured registration for entry cut_ochrum_bricks of type minecraft:item
[23Mar2025 15:21:41.553] [modloading-worker-0/DEBUG] [com.tterrag.registrate.AbstractRegistrate/REGISTRATE.REGISTER]: Captured registration for entry cut_ochrum_bricks of type minecraft:block
[23Mar2025 15:21:41.553] [modloading-worker-0/DEBUG] [com.tterrag.registrate.AbstractRegistrate/REGISTRATE.REGISTER]: Captured registration for entry cut_ochrum_brick_stairs of type minecraft:item
[23Mar2025 15:21:41.553] [modloading-worker-0/DEBUG] [com.tterrag.registrate.AbstractRegistrate/REGISTRATE.REGISTER]: Captured registration for entry cut_ochrum_brick_stairs of type minecraft:block
[23Mar2025 15:21:41.554] [modloading-worker-0/DEBUG] [com.tterrag.registrate.AbstractRegistrate/REGISTRATE.REGISTER]: Captured registration for entry cut_ochrum_brick_slab of type minecraft:item
[23Mar2025 15:21:41.554] [modloading-worker-0/DEBUG] [com.tterrag.registrate.AbstractRegistrate/REGISTRATE.REGISTER]: Captured registration for entry cut_ochrum_brick_slab of type minecraft:block
[23Mar2025 15:21:41.556] [modloading-worker-0/DEBUG] [com.tterrag.registrate.AbstractRegistrate/REGISTRATE.REGISTER]: Captured registration for entry cut_ochrum_brick_wall of type minecraft:item
[23Mar2025 15:21:41.556] [modloading-worker-0/DEBUG] [com.tterrag.registrate.AbstractRegistrate/REGISTRATE.REGISTER]: Captured registration for entry cut_ochrum_brick_wall of type minecraft:block
[23Mar2025 15:21:41.557] [modloading-worker-0/DEBUG] [com.tterrag.registrate.AbstractRegistrate/REGISTRATE.REGISTER]: Captured registration for entry small_ochrum_bricks of type minecraft:item
[23Mar2025 15:21:41.557] [modloading-worker-0/DEBUG] [com.tterrag.registrate.AbstractRegistrate/REGISTRATE.REGISTER]: Captured registration for entry small_ochrum_bricks of type minecraft:block
[23Mar2025 15:21:41.557] [modloading-worker-0/DEBUG] [com.tterrag.registrate.AbstractRegistrate/REGISTRATE.REGISTER]: Captured registration for entry small_ochrum_brick_stairs of type minecraft:item
[23Mar2025 15:21:41.557] [modloading-worker-0/DEBUG] [com.tterrag.registrate.AbstractRegistrate/REGISTRATE.REGISTER]: Captured registration for entry small_ochrum_brick_stairs of type minecraft:block
[23Mar2025 15:21:41.557] [modloading-worker-0/DEBUG] [com.tterrag.registrate.AbstractRegistrate/REGISTRATE.REGISTER]: Captured registration for entry small_ochrum_brick_slab of type minecraft:item
[23Mar2025 15:21:41.557] [modloading-worker-0/DEBUG] [com.tterrag.registrate.AbstractRegistrate/REGISTRATE.REGISTER]: Captured registration for entry small_ochrum_brick_slab of type minecraft:block
[23Mar2025 15:21:41.557] [modloading-worker-0/DEBUG] [com.tterrag.registrate.AbstractRegistrate/REGISTRATE.REGISTER]: Captured registration for entry small_ochrum_brick_wall of type minecraft:item
[23Mar2025 15:21:41.557] [modloading-worker-0/DEBUG] [com.tterrag.registrate.AbstractRegistrate/REGISTRATE.REGISTER]: Captured registration for entry small_ochrum_brick_wall of type minecraft:block
[23Mar2025 15:21:41.558] [modloading-worker-0/DEBUG] [com.tterrag.registrate.AbstractRegistrate/REGISTRATE.REGISTER]: Captured registration for entry layered_ochrum of type minecraft:item
[23Mar2025 15:21:41.558] [modloading-worker-0/DEBUG] [com.tterrag.registrate.AbstractRegistrate/REGISTRATE.REGISTER]: Captured registration for entry layered_ochrum of type minecraft:block
[23Mar2025 15:21:41.558] [modloading-worker-0/DEBUG] [com.tterrag.registrate.AbstractRegistrate/REGISTRATE.REGISTER]: Captured registration for entry ochrum_pillar of type minecraft:item
[23Mar2025 15:21:41.559] [modloading-worker-0/DEBUG] [com.tterrag.registrate.AbstractRegistrate/REGISTRATE.REGISTER]: Captured registration for entry ochrum_pillar of type minecraft:block
[23Mar2025 15:21:41.559] [modloading-worker-0/DEBUG] [com.tterrag.registrate.AbstractRegistrate/REGISTRATE.REGISTER]: Captured registration for entry scoria of type minecraft:item
[23Mar2025 15:21:41.560] [modloading-worker-0/DEBUG] [com.tterrag.registrate.AbstractRegistrate/REGISTRATE.REGISTER]: Captured registration for entry scoria of type minecraft:block
[23Mar2025 15:21:41.561] [modloading-worker-0/DEBUG] [com.tterrag.registrate.AbstractRegistrate/REGISTRATE.REGISTER]: Captured registration for entry cut_scoria of type minecraft:item
[23Mar2025 15:21:41.561] [modloading-worker-0/DEBUG] [com.tterrag.registrate.AbstractRegistrate/REGISTRATE.REGISTER]: Captured registration for entry cut_scoria of type minecraft:block
[23Mar2025 15:21:41.562] [modloading-worker-0/DEBUG] [com.tterrag.registrate.AbstractRegistrate/REGISTRATE.REGISTER]: Captured registration for entry cut_scoria_stairs of type minecraft:item
[23Mar2025 15:21:41.562] [modloading-worker-0/DEBUG] [com.tterrag.registrate.AbstractRegistrate/REGISTRATE.REGISTER]: Captured registration for entry cut_scoria_stairs of type minecraft:block
[23Mar2025 15:21:41.562] [modloading-worker-0/DEBUG] [com.tterrag.registrate.AbstractRegistrate/REGISTRATE.REGISTER]: Captured registration for entry cut_scoria_slab of type minecraft:item
[23Mar2025 15:21:41.562] [modloading-worker-0/DEBUG] [com.tterrag.registrate.AbstractRegistrate/REGISTRATE.REGISTER]: Captured registration for entry cut_scoria_slab of type minecraft:block
[23Mar2025 15:21:41.563] [modloading-worker-0/DEBUG] [com.tterrag.registrate.AbstractRegistrate/REGISTRATE.REGISTER]: Captured registration for entry cut_scoria_wall of type minecraft:item
[23Mar2025 15:21:41.563] [modloading-worker-0/DEBUG] [com.tterrag.registrate.AbstractRegistrate/REGISTRATE.REGISTER]: Captured registration for entry cut_scoria_wall of type minecraft:block
[23Mar2025 15:21:41.563] [modloading-worker-0/DEBUG] [com.tterrag.registrate.AbstractRegistrate/REGISTRATE.REGISTER]: Captured registration for entry polished_cut_scoria of type minecraft:item
[23Mar2025 15:21:41.564] [modloading-worker-0/DEBUG] [com.tterrag.registrate.AbstractRegistrate/REGISTRATE.REGISTER]: Captured registration for entry polished_cut_scoria of type minecraft:block
[23Mar2025 15:21:41.564] [modloading-worker-0/DEBUG] [com.tterrag.registrate.AbstractRegistrate/REGISTRATE.REGISTER]: Captured registration for entry polished_cut_scoria_stairs of type minecraft:item
[23Mar2025 15:21:41.564] [modloading-worker-0/DEBUG] [com.tterrag.registrate.AbstractRegistrate/REGISTRATE.REGISTER]: Captured registration for entry polished_cut_scoria_stairs of type minecraft:block
[23Mar2025 15:21:41.565] [modloading-worker-0/DEBUG] [com.tterrag.registrate.AbstractRegistrate/REGISTRATE.REGISTER]: Captured registration for entry polished_cut_scoria_slab of type minecraft:item
[23Mar2025 15:21:41.565] [modloading-worker-0/DEBUG] [com.tterrag.registrate.AbstractRegistrate/REGISTRATE.REGISTER]: Captured registration for entry polished_cut_scoria_slab of type minecraft:block
[23Mar2025 15:21:41.565] [modloading-worker-0/DEBUG] [com.tterrag.registrate.AbstractRegistrate/REGISTRATE.REGISTER]: Captured registration for entry polished_cut_scoria_wall of type minecraft:item
[23Mar2025 15:21:41.566] [modloading-worker-0/DEBUG] [com.tterrag.registrate.AbstractRegistrate/REGISTRATE.REGISTER]: Captured registration for entry polished_cut_scoria_wall of type minecraft:block
[23Mar2025 15:21:41.566] [modloading-worker-0/DEBUG] [com.tterrag.registrate.AbstractRegistrate/REGISTRATE.REGISTER]: Captured registration for entry cut_scoria_bricks of type minecraft:item
[23Mar2025 15:21:41.567] [modloading-worker-0/DEBUG] [com.tterrag.registrate.AbstractRegistrate/REGISTRATE.REGISTER]: Captured registration for entry cut_scoria_bricks of type minecraft:block
[23Mar2025 15:21:41.567] [modloading-worker-0/DEBUG] [com.tterrag.registrate.AbstractRegistrate/REGISTRATE.REGISTER]: Captured registration for entry cut_scoria_brick_stairs of type minecraft:item
[23Mar2025 15:21:41.567] [modloading-worker-0/DEBUG] [com.tterrag.registrate.AbstractRegistrate/REGISTRATE.REGISTER]: Captured registration for entry cut_scoria_brick_stairs of type minecraft:block
[23Mar2025 15:21:41.568] [modloading-worker-0/DEBUG] [com.tterrag.registrate.AbstractRegistrate/REGISTRATE.REGISTER]: Captured registration for entry cut_scoria_brick_slab of type minecraft:item
[23Mar2025 15:21:41.568] [modloading-worker-0/DEBUG] [com.tterrag.registrate.AbstractRegistrate/REGISTRATE.REGISTER]: Captured registration for entry cut_scoria_brick_slab of type minecraft:block
[23Mar2025 15:21:41.568] [modloading-worker-0/DEBUG] [com.tterrag.registrate.AbstractRegistrate/REGISTRATE.REGISTER]: Captured registration for entry cut_scoria_brick_wall of type minecraft:item
[23Mar2025 15:21:41.570] [modloading-worker-0/DEBUG] [com.tterrag.registrate.AbstractRegistrate/REGISTRATE.REGISTER]: Captured registration for entry cut_scoria_brick_wall of type minecraft:block
[23Mar2025 15:21:41.571] [modloading-worker-0/DEBUG] [com.tterrag.registrate.AbstractRegistrate/REGISTRATE.REGISTER]: Captured registration for entry small_scoria_bricks of type minecraft:item
[23Mar2025 15:21:41.571] [modloading-worker-0/DEBUG] [com.tterrag.registrate.AbstractRegistrate/REGISTRATE.REGISTER]: Captured registration for entry small_scoria_bricks of type minecraft:block
[23Mar2025 15:21:41.571] [modloading-worker-0/DEBUG] [com.tterrag.registrate.AbstractRegistrate/REGISTRATE.REGISTER]: Captured registration for entry small_scoria_brick_stairs of type minecraft:item
[23Mar2025 15:21:41.571] [modloading-worker-0/DEBUG] [com.tterrag.registrate.AbstractRegistrate/REGISTRATE.REGISTER]: Captured registration for entry small_scoria_brick_stairs of type minecraft:block
[23Mar2025 15:21:41.571] [modloading-worker-0/DEBUG] [com.tterrag.registrate.AbstractRegistrate/REGISTRATE.REGISTER]: Captured registration for entry small_scoria_brick_slab of type minecraft:item
[23Mar2025 15:21:41.571] [modloading-worker-0/DEBUG] [com.tterrag.registrate.AbstractRegistrate/REGISTRATE.REGISTER]: Captured registration for entry small_scoria_brick_slab of type minecraft:block
[23Mar2025 15:21:41.571] [modloading-worker-0/DEBUG] [com.tterrag.registrate.AbstractRegistrate/REGISTRATE.REGISTER]: Captured registration for entry small_scoria_brick_wall of type minecraft:item
[23Mar2025 15:21:41.571] [modloading-worker-0/DEBUG] [com.tterrag.registrate.AbstractRegistrate/REGISTRATE.REGISTER]: Captured registration for entry small_scoria_brick_wall of type minecraft:block
[23Mar2025 15:21:41.571] [modloading-worker-0/DEBUG] [com.tterrag.registrate.AbstractRegistrate/REGISTRATE.REGISTER]: Captured registration for entry layered_scoria of type minecraft:item
[23Mar2025 15:21:41.571] [modloading-worker-0/DEBUG] [com.tterrag.registrate.AbstractRegistrate/REGISTRATE.REGISTER]: Captured registration for entry layered_scoria of type minecraft:block
[23Mar2025 15:21:41.572] [modloading-worker-0/DEBUG] [com.tterrag.registrate.AbstractRegistrate/REGISTRATE.REGISTER]: Captured registration for entry scoria_pillar of type minecraft:item
[23Mar2025 15:21:41.572] [modloading-worker-0/DEBUG] [com.tterrag.registrate.AbstractRegistrate/REGISTRATE.REGISTER]: Captured registration for entry scoria_pillar of type minecraft:block
[23Mar2025 15:21:41.572] [modloading-worker-0/DEBUG] [com.tterrag.registrate.AbstractRegistrate/REGISTRATE.REGISTER]: Captured registration for entry scorchia of type minecraft:item
[23Mar2025 15:21:41.573] [modloading-worker-0/DEBUG] [com.tterrag.registrate.AbstractRegistrate/REGISTRATE.REGISTER]: Captured registration for entry scorchia of type minecraft:block
[23Mar2025 15:21:41.573] [modloading-worker-0/DEBUG] [com.tterrag.registrate.AbstractRegistrate/REGISTRATE.REGISTER]: Captured registration for entry cut_scorchia of type minecraft:item
[23Mar2025 15:21:41.573] [modloading-worker-0/DEBUG] [com.tterrag.registrate.AbstractRegistrate/REGISTRATE.REGISTER]: Captured registration for entry cut_scorchia of type minecraft:block
[23Mar2025 15:21:41.574] [modloading-worker-0/DEBUG] [com.tterrag.registrate.AbstractRegistrate/REGISTRATE.REGISTER]: Captured registration for entry cut_scorchia_stairs of type minecraft:item
[23Mar2025 15:21:41.574] [modloading-worker-0/DEBUG] [com.tterrag.registrate.AbstractRegistrate/REGISTRATE.REGISTER]: Captured registration for entry cut_scorchia_stairs of type minecraft:block
[23Mar2025 15:21:41.574] [modloading-worker-0/DEBUG] [com.tterrag.registrate.AbstractRegistrate/REGISTRATE.REGISTER]: Captured registration for entry cut_scorchia_slab of type minecraft:item
[23Mar2025 15:21:41.575] [modloading-worker-0/DEBUG] [com.tterrag.registrate.AbstractRegistrate/REGISTRATE.REGISTER]: Captured registration for entry cut_scorchia_slab of type minecraft:block
[23Mar2025 15:21:41.575] [modloading-worker-0/DEBUG] [com.tterrag.registrate.AbstractRegistrate/REGISTRATE.REGISTER]: Captured registration for entry cut_scorchia_wall of type minecraft:item
[23Mar2025 15:21:41.575] [modloading-worker-0/DEBUG] [com.tterrag.registrate.AbstractRegistrate/REGISTRATE.REGISTER]: Captured registration for entry cut_scorchia_wall of type minecraft:block
[23Mar2025 15:21:41.576] [modloading-worker-0/DEBUG] [com.tterrag.registrate.AbstractRegistrate/REGISTRATE.REGISTER]: Captured registration for entry polished_cut_scorchia of type minecraft:item
[23Mar2025 15:21:41.576] [modloading-worker-0/DEBUG] [com.tterrag.registrate.AbstractRegistrate/REGISTRATE.REGISTER]: Captured registration for entry polished_cut_scorchia of type minecraft:block
[23Mar2025 15:21:41.577] [modloading-worker-0/DEBUG] [com.tterrag.registrate.AbstractRegistrate/REGISTRATE.REGISTER]: Captured registration for entry polished_cut_scorchia_stairs of type minecraft:item
[23Mar2025 15:21:41.577] [modloading-worker-0/DEBUG] [com.tterrag.registrate.AbstractRegistrate/REGISTRATE.REGISTER]: Captured registration for entry polished_cut_scorchia_stairs of type minecraft:block
[23Mar2025 15:21:41.579] [modloading-worker-0/DEBUG] [com.tterrag.registrate.AbstractRegistrate/REGISTRATE.REGISTER]: Captured registration for entry polished_cut_scorchia_slab of type minecraft:item
[23Mar2025 15:21:41.579] [modloading-worker-0/DEBUG] [com.tterrag.registrate.AbstractRegistrate/REGISTRATE.REGISTER]: Captured registration for entry polished_cut_scorchia_slab of type minecraft:block
[23Mar2025 15:21:41.580] [modloading-worker-0/DEBUG] [com.tterrag.registrate.AbstractRegistrate/REGISTRATE.REGISTER]: Captured registration for entry polished_cut_scorchia_wall of type minecraft:item
[23Mar2025 15:21:41.580] [modloading-worker-0/DEBUG] [com.tterrag.registrate.AbstractRegistrate/REGISTRATE.REGISTER]: Captured registration for entry polished_cut_scorchia_wall of type minecraft:block
[23Mar2025 15:21:41.580] [modloading-worker-0/DEBUG] [com.tterrag.registrate.AbstractRegistrate/REGISTRATE.REGISTER]: Captured registration for entry cut_scorchia_bricks of type minecraft:item
[23Mar2025 15:21:41.580] [modloading-worker-0/DEBUG] [com.tterrag.registrate.AbstractRegistrate/REGISTRATE.REGISTER]: Captured registration for entry cut_scorchia_bricks of type minecraft:block
[23Mar2025 15:21:41.580] [modloading-worker-0/DEBUG] [com.tterrag.registrate.AbstractRegistrate/REGISTRATE.REGISTER]: Captured registration for entry cut_scorchia_brick_stairs of type minecraft:item
[23Mar2025 15:21:41.580] [modloading-worker-0/DEBUG] [com.tterrag.registrate.AbstractRegistrate/REGISTRATE.REGISTER]: Captured registration for entry cut_scorchia_brick_stairs of type minecraft:block
[23Mar2025 15:21:41.580] [modloading-worker-0/DEBUG] [com.tterrag.registrate.AbstractRegistrate/REGISTRATE.REGISTER]: Captured registration for entry cut_scorchia_brick_slab of type minecraft:item
[23Mar2025 15:21:41.580] [modloading-worker-0/DEBUG] [com.tterrag.registrate.AbstractRegistrate/REGISTRATE.REGISTER]: Captured registration for entry cut_scorchia_brick_slab of type minecraft:block
[23Mar2025 15:21:41.581] [modloading-worker-0/DEBUG] [com.tterrag.registrate.AbstractRegistrate/REGISTRATE.REGISTER]: Captured registration for entry cut_scorchia_brick_wall of type minecraft:item
[23Mar2025 15:21:41.581] [modloading-worker-0/DEBUG] [com.tterrag.registrate.AbstractRegistrate/REGISTRATE.REGISTER]: Captured registration for entry cut_scorchia_brick_wall of type minecraft:block
[23Mar2025 15:21:41.581] [modloading-worker-0/DEBUG] [com.tterrag.registrate.AbstractRegistrate/REGISTRATE.REGISTER]: Captured registration for entry small_scorchia_bricks of type minecraft:item
[23Mar2025 15:21:41.581] [modloading-worker-0/DEBUG] [com.tterrag.registrate.AbstractRegistrate/REGISTRATE.REGISTER]: Captured registration for entry small_scorchia_bricks of type minecraft:block
[23Mar2025 15:21:41.581] [modloading-worker-0/DEBUG] [com.tterrag.registrate.AbstractRegistrate/REGISTRATE.REGISTER]: Captured registration for entry small_scorchia_brick_stairs of type minecraft:item
[23Mar2025 15:21:41.581] [modloading-worker-0/DEBUG] [com.tterrag.registrate.AbstractRegistrate/REGISTRATE.REGISTER]: Captured registration for entry small_scorchia_brick_stairs of type minecraft:block
[23Mar2025 15:21:41.581] [modloading-worker-0/DEBUG] [com.tterrag.registrate.AbstractRegistrate/REGISTRATE.REGISTER]: Captured registration for entry small_scorchia_brick_slab of type minecraft:item
[23Mar2025 15:21:41.581] [modloading-worker-0/DEBUG] [com.tterrag.registrate.AbstractRegistrate/REGISTRATE.REGISTER]: Captured registration for entry small_scorchia_brick_slab of type minecraft:block
[23Mar2025 15:21:41.581] [modloading-worker-0/DEBUG] [com.tterrag.registrate.AbstractRegistrate/REGISTRATE.REGISTER]: Captured registration for entry small_scorchia_brick_wall of type minecraft:item
[23Mar2025 15:21:41.582] [modloading-worker-0/DEBUG] [com.tterrag.registrate.AbstractRegistrate/REGISTRATE.REGISTER]: Captured registration for entry small_scorchia_brick_wall of type minecraft:block
[23Mar2025 15:21:41.582] [modloading-worker-0/DEBUG] [com.tterrag.registrate.AbstractRegistrate/REGISTRATE.REGISTER]: Captured registration for entry layered_scorchia of type minecraft:item
[23Mar2025 15:21:41.582] [modloading-worker-0/DEBUG] [com.tterrag.registrate.AbstractRegistrate/REGISTRATE.REGISTER]: Captured registration for entry layered_scorchia of type minecraft:block
[23Mar2025 15:21:41.582] [modloading-worker-0/DEBUG] [com.tterrag.registrate.AbstractRegistrate/REGISTRATE.REGISTER]: Captured registration for entry scorchia_pillar of type minecraft:item
[23Mar2025 15:21:41.582] [modloading-worker-0/DEBUG] [com.tterrag.registrate.AbstractRegistrate/REGISTRATE.REGISTER]: Captured registration for entry scorchia_pillar of type minecraft:block
[23Mar2025 15:21:41.582] [modloading-worker-0/DEBUG] [com.tterrag.registrate.AbstractRegistrate/REGISTRATE.REGISTER]: Captured registration for entry veridium of type minecraft:item
[23Mar2025 15:21:41.587] [modloading-worker-0/DEBUG] [com.tterrag.registrate.AbstractRegistrate/REGISTRATE.REGISTER]: Captured registration for entry veridium of type minecraft:block
[23Mar2025 15:21:41.587] [modloading-worker-0/DEBUG] [com.tterrag.registrate.AbstractRegistrate/REGISTRATE.REGISTER]: Captured registration for entry cut_veridium of type minecraft:item
[23Mar2025 15:21:41.587] [modloading-worker-0/DEBUG] [com.tterrag.registrate.AbstractRegistrate/REGISTRATE.REGISTER]: Captured registration for entry cut_veridium of type minecraft:block
[23Mar2025 15:21:41.587] [modloading-worker-0/DEBUG] [com.tterrag.registrate.AbstractRegistrate/REGISTRATE.REGISTER]: Captured registration for entry cut_veridium_stairs of type minecraft:item
[23Mar2025 15:21:41.587] [modloading-worker-0/DEBUG] [com.tterrag.registrate.AbstractRegistrate/REGISTRATE.REGISTER]: Captured registration for entry cut_veridium_stairs of type minecraft:block
[23Mar2025 15:21:41.587] [modloading-worker-0/DEBUG] [com.tterrag.registrate.AbstractRegistrate/REGISTRATE.REGISTER]: Captured registration for entry cut_veridium_slab of type minecraft:item
[23Mar2025 15:21:41.587] [modloading-worker-0/DEBUG] [com.tterrag.registrate.AbstractRegistrate/REGISTRATE.REGISTER]: Captured registration for entry cut_veridium_slab of type minecraft:block
[23Mar2025 15:21:41.587] [modloading-worker-0/DEBUG] [com.tterrag.registrate.AbstractRegistrate/REGISTRATE.REGISTER]: Captured registration for entry cut_veridium_wall of type minecraft:item
[23Mar2025 15:21:41.588] [modloading-worker-0/DEBUG] [com.tterrag.registrate.AbstractRegistrate/REGISTRATE.REGISTER]: Captured registration for entry cut_veridium_wall of type minecraft:block
[23Mar2025 15:21:41.588] [modloading-worker-0/DEBUG] [com.tterrag.registrate.AbstractRegistrate/REGISTRATE.REGISTER]: Captured registration for entry polished_cut_veridium of type minecraft:item
[23Mar2025 15:21:41.588] [modloading-worker-0/DEBUG] [com.tterrag.registrate.AbstractRegistrate/REGISTRATE.REGISTER]: Captured registration for entry polished_cut_veridium of type minecraft:block
[23Mar2025 15:21:41.588] [modloading-worker-0/DEBUG] [com.tterrag.registrate.AbstractRegistrate/REGISTRATE.REGISTER]: Captured registration for entry polished_cut_veridium_stairs of type minecraft:item
[23Mar2025 15:21:41.588] [modloading-worker-0/DEBUG] [com.tterrag.registrate.AbstractRegistrate/REGISTRATE.REGISTER]: Captured registration for entry polished_cut_veridium_stairs of type minecraft:block
[23Mar2025 15:21:41.588] [modloading-worker-0/DEBUG] [com.tterrag.registrate.AbstractRegistrate/REGISTRATE.REGISTER]: Captured registration for entry polished_cut_veridium_slab of type minecraft:item
[23Mar2025 15:21:41.588] [modloading-worker-0/DEBUG] [com.tterrag.registrate.AbstractRegistrate/REGISTRATE.REGISTER]: Captured registration for entry polished_cut_veridium_slab of type minecraft:block
[23Mar2025 15:21:41.588] [modloading-worker-0/DEBUG] [com.tterrag.registrate.AbstractRegistrate/REGISTRATE.REGISTER]: Captured registration for entry polished_cut_veridium_wall of type minecraft:item
[23Mar2025 15:21:41.588] [modloading-worker-0/DEBUG] [com.tterrag.registrate.AbstractRegistrate/REGISTRATE.REGISTER]: Captured registration for entry polished_cut_veridium_wall of type minecraft:block
[23Mar2025 15:21:41.589] [modloading-worker-0/DEBUG] [com.tterrag.registrate.AbstractRegistrate/REGISTRATE.REGISTER]: Captured registration for entry cut_veridium_bricks of type minecraft:item
[23Mar2025 15:21:41.589] [modloading-worker-0/DEBUG] [com.tterrag.registrate.AbstractRegistrate/REGISTRATE.REGISTER]: Captured registration for entry cut_veridium_bricks of type minecraft:block
[23Mar2025 15:21:41.589] [modloading-worker-0/DEBUG] [com.tterrag.registrate.AbstractRegistrate/REGISTRATE.REGISTER]: Captured registration for entry cut_veridium_brick_stairs of type minecraft:item
[23Mar2025 15:21:41.589] [modloading-worker-0/DEBUG] [com.tterrag.registrate.AbstractRegistrate/REGISTRATE.REGISTER]: Captured registration for entry cut_veridium_brick_stairs of type minecraft:block
[23Mar2025 15:21:41.589] [modloading-worker-0/DEBUG] [com.tterrag.registrate.AbstractRegistrate/REGISTRATE.REGISTER]: Captured registration for entry cut_veridium_brick_slab of type minecraft:item
[23Mar2025 15:21:41.589] [modloading-worker-0/DEBUG] [com.tterrag.registrate.AbstractRegistrate/REGISTRATE.REGISTER]: Captured registration for entry cut_veridium_brick_slab of type minecraft:block
[23Mar2025 15:21:41.589] [modloading-worker-0/DEBUG] [com.tterrag.registrate.AbstractRegistrate/REGISTRATE.REGISTER]: Captured registration for entry cut_veridium_brick_wall of type minecraft:item
[23Mar2025 15:21:41.589] [modloading-worker-0/DEBUG] [com.tterrag.registrate.AbstractRegistrate/REGISTRATE.REGISTER]: Captured registration for entry cut_veridium_brick_wall of type minecraft:block
[23Mar2025 15:21:41.594] [modloading-worker-0/DEBUG] [com.tterrag.registrate.AbstractRegistrate/REGISTRATE.REGISTER]: Captured registration for entry small_veridium_bricks of type minecraft:item
[23Mar2025 15:21:41.594] [modloading-worker-0/DEBUG] [com.tterrag.registrate.AbstractRegistrate/REGISTRATE.REGISTER]: Captured registration for entry small_veridium_bricks of type minecraft:block
[23Mar2025 15:21:41.595] [modloading-worker-0/DEBUG] [com.tterrag.registrate.AbstractRegistrate/REGISTRATE.REGISTER]: Captured registration for entry small_veridium_brick_stairs of type minecraft:item
[23Mar2025 15:21:41.595] [modloading-worker-0/DEBUG] [com.tterrag.registrate.AbstractRegistrate/REGISTRATE.REGISTER]: Captured registration for entry small_veridium_brick_stairs of type minecraft:block
[23Mar2025 15:21:41.595] [modloading-worker-0/DEBUG] [com.tterrag.registrate.AbstractRegistrate/REGISTRATE.REGISTER]: Captured registration for entry small_veridium_brick_slab of type minecraft:item
[23Mar2025 15:21:41.595] [modloading-worker-0/DEBUG] [com.tterrag.registrate.AbstractRegistrate/REGISTRATE.REGISTER]: Captured registration for entry small_veridium_brick_slab of type minecraft:block
[23Mar2025 15:21:41.595] [modloading-worker-0/DEBUG] [com.tterrag.registrate.AbstractRegistrate/REGISTRATE.REGISTER]: Captured registration for entry small_veridium_brick_wall of type minecraft:item
[23Mar2025 15:21:41.595] [modloading-worker-0/DEBUG] [com.tterrag.registrate.AbstractRegistrate/REGISTRATE.REGISTER]: Captured registration for entry small_veridium_brick_wall of type minecraft:block
[23Mar2025 15:21:41.595] [modloading-worker-0/DEBUG] [com.tterrag.registrate.AbstractRegistrate/REGISTRATE.REGISTER]: Captured registration for entry layered_veridium of type minecraft:item
[23Mar2025 15:21:41.595] [modloading-worker-0/DEBUG] [com.tterrag.registrate.AbstractRegistrate/REGISTRATE.REGISTER]: Captured registration for entry layered_veridium of type minecraft:block
[23Mar2025 15:21:41.595] [modloading-worker-0/DEBUG] [com.tterrag.registrate.AbstractRegistrate/REGISTRATE.REGISTER]: Captured registration for entry veridium_pillar of type minecraft:item
[23Mar2025 15:21:41.596] [modloading-worker-0/DEBUG] [com.tterrag.registrate.AbstractRegistrate/REGISTRATE.REGISTER]: Captured registration for entry veridium_pillar of type minecraft:block
[23Mar2025 15:21:41.610] [modloading-worker-0/DEBUG] [com.tterrag.registrate.AbstractRegistrate/REGISTRATE.REGISTER]: Captured registration for entry schematic_table of type minecraft:menu
[23Mar2025 15:21:41.611] [modloading-worker-0/DEBUG] [com.tterrag.registrate.AbstractRegistrate/REGISTRATE.REGISTER]: Captured registration for entry schematicannon of type minecraft:menu
[23Mar2025 15:21:41.612] [modloading-worker-0/DEBUG] [com.tterrag.registrate.AbstractRegistrate/REGISTRATE.REGISTER]: Captured registration for entry filter of type minecraft:menu
[23Mar2025 15:21:41.613] [modloading-worker-0/DEBUG] [com.tterrag.registrate.AbstractRegistrate/REGISTRATE.REGISTER]: Captured registration for entry attribute_filter of type minecraft:menu
[23Mar2025 15:21:41.613] [modloading-worker-0/DEBUG] [com.tterrag.registrate.AbstractRegistrate/REGISTRATE.REGISTER]: Captured registration for entry package_filter of type minecraft:menu
[23Mar2025 15:21:41.615] [modloading-worker-0/DEBUG] [com.tterrag.registrate.AbstractRegistrate/REGISTRATE.REGISTER]: Captured registration for entry crafting_blueprint of type minecraft:menu
[23Mar2025 15:21:41.615] [modloading-worker-0/DEBUG] [com.tterrag.registrate.AbstractRegistrate/REGISTRATE.REGISTER]: Captured registration for entry linked_controller of type minecraft:menu
[23Mar2025 15:21:41.619] [modloading-worker-0/DEBUG] [com.tterrag.registrate.AbstractRegistrate/REGISTRATE.REGISTER]: Captured registration for entry toolbox of type minecraft:menu
[23Mar2025 15:21:41.620] [modloading-worker-0/DEBUG] [com.tterrag.registrate.AbstractRegistrate/REGISTRATE.REGISTER]: Captured registration for entry schedule of type minecraft:menu
[23Mar2025 15:21:41.621] [modloading-worker-0/DEBUG] [com.tterrag.registrate.AbstractRegistrate/REGISTRATE.REGISTER]: Captured registration for entry stock_keeper_category of type minecraft:menu
[23Mar2025 15:21:41.623] [modloading-worker-0/DEBUG] [com.tterrag.registrate.AbstractRegistrate/REGISTRATE.REGISTER]: Captured registration for entry stock_keeper_request of type minecraft:menu
[23Mar2025 15:21:41.625] [modloading-worker-0/DEBUG] [com.tterrag.registrate.AbstractRegistrate/REGISTRATE.REGISTER]: Captured registration for entry package_port of type minecraft:menu
[23Mar2025 15:21:41.627] [modloading-worker-0/DEBUG] [com.tterrag.registrate.AbstractRegistrate/REGISTRATE.REGISTER]: Captured registration for entry redstone_requester of type minecraft:menu
[23Mar2025 15:21:41.629] [modloading-worker-0/DEBUG] [com.tterrag.registrate.AbstractRegistrate/REGISTRATE.REGISTER]: Captured registration for entry factory_panel_set_item of type minecraft:menu
[23Mar2025 15:21:41.638] [modloading-worker-0/DEBUG] [com.tterrag.registrate.AbstractRegistrate/REGISTRATE.REGISTER]: Captured registration for entry contraption of type minecraft:entity_type
[23Mar2025 15:21:41.642] [modloading-worker-0/DEBUG] [com.tterrag.registrate.AbstractRegistrate/REGISTRATE.REGISTER]: Captured registration for entry stationary_contraption of type minecraft:entity_type
[23Mar2025 15:21:41.647] [modloading-worker-0/DEBUG] [com.tterrag.registrate.AbstractRegistrate/REGISTRATE.REGISTER]: Captured registration for entry gantry_contraption of type minecraft:entity_type
[23Mar2025 15:21:41.669] [modloading-worker-0/DEBUG] [com.tterrag.registrate.AbstractRegistrate/REGISTRATE.REGISTER]: Captured registration for entry carriage_contraption of type minecraft:entity_type
[23Mar2025 15:21:41.673] [modloading-worker-0/DEBUG] [com.tterrag.registrate.AbstractRegistrate/REGISTRATE.REGISTER]: Captured registration for entry super_glue of type minecraft:entity_type
[23Mar2025 15:21:41.677] [modloading-worker-0/DEBUG] [mixin/]: Mixing common.CustomDyeableArmorItemMixin from adastra.mixins.json into earth.terrarium.adastra.common.items.armor.base.CustomDyeableArmorItem
[23Mar2025 15:21:41.678] [modloading-worker-0/DEBUG] [com.tterrag.registrate.AbstractRegistrate/REGISTRATE.REGISTER]: Captured registration for entry crafting_blueprint of type minecraft:entity_type
[23Mar2025 15:21:41.682] [modloading-worker-0/DEBUG] [com.tterrag.registrate.AbstractRegistrate/REGISTRATE.REGISTER]: Captured registration for entry potato_projectile of type minecraft:entity_type
[23Mar2025 15:21:41.684] [modloading-worker-0/DEBUG] [com.tterrag.registrate.AbstractRegistrate/REGISTRATE.REGISTER]: Captured registration for entry seat of type minecraft:entity_type
[23Mar2025 15:21:41.687] [modloading-worker-0/DEBUG] [com.tterrag.registrate.AbstractRegistrate/REGISTRATE.REGISTER]: Captured registration for entry package of type minecraft:entity_type
[23Mar2025 15:21:41.688] [modloading-worker-0/DEBUG] [mixin/]: Mixing common.RenderedItemMixin from adastra.mixins.json into earth.terrarium.adastra.common.items.rendered.RenderedBlockItem
[23Mar2025 15:21:41.690] [modloading-worker-0/DEBUG] [mixin/]: Mixing common.RenderedItemMixin from adastra.mixins.json into earth.terrarium.adastra.common.items.rendered.RenderedItem
[23Mar2025 15:21:41.694] [modloading-worker-0/DEBUG] [mixin/]: Mixing common.RenderedItemMixin from adastra.mixins.json into earth.terrarium.adastra.common.items.rendered.TooltipRenderedBlockItem
[23Mar2025 15:21:41.708] [modloading-worker-0/DEBUG] [com.tterrag.registrate.AbstractRegistrate/REGISTRATE.REGISTER]: Captured registration for entry schematicannon of type minecraft:block_entity_type
[23Mar2025 15:21:41.712] [modloading-worker-0/DEBUG] [com.tterrag.registrate.AbstractRegistrate/REGISTRATE.REGISTER]: Captured registration for entry schematic_table of type minecraft:block_entity_type
[23Mar2025 15:21:41.714] [modloading-worker-0/DEBUG] [com.tterrag.registrate.AbstractRegistrate/REGISTRATE.REGISTER]: Captured registration for entry simple_kinetic of type minecraft:block_entity_type
[23Mar2025 15:21:41.732] [modloading-worker-0/DEBUG] [com.tterrag.registrate.AbstractRegistrate/REGISTRATE.REGISTER]: Captured registration for entry motor of type minecraft:block_entity_type
[23Mar2025 15:21:41.733] [modloading-worker-0/DEBUG] [com.tterrag.registrate.AbstractRegistrate/REGISTRATE.REGISTER]: Captured registration for entry gearbox of type minecraft:block_entity_type
[23Mar2025 15:21:41.734] [modloading-worker-0/DEBUG] [com.tterrag.registrate.AbstractRegistrate/REGISTRATE.REGISTER]: Captured registration for entry encased_shaft of type minecraft:block_entity_type
[23Mar2025 15:21:41.735] [modloading-worker-0/DEBUG] [com.tterrag.registrate.AbstractRegistrate/REGISTRATE.REGISTER]: Captured registration for entry encased_cogwheel of type minecraft:block_entity_type
[23Mar2025 15:21:41.735] [modloading-worker-0/DEBUG] [com.tterrag.registrate.AbstractRegistrate/REGISTRATE.REGISTER]: Captured registration for entry encased_large_cogwheel of type minecraft:block_entity_type
[23Mar2025 15:21:41.737] [modloading-worker-0/DEBUG] [com.tterrag.registrate.AbstractRegistrate/REGISTRATE.REGISTER]: Captured registration for entry adjustable_chain_gearshift of type minecraft:block_entity_type
[23Mar2025 15:21:41.740] [modloading-worker-0/DEBUG] [com.tterrag.registrate.AbstractRegistrate/REGISTRATE.REGISTER]: Captured registration for entry encased_fan of type minecraft:block_entity_type
[23Mar2025 15:21:41.741] [modloading-worker-0/DEBUG] [com.tterrag.registrate.AbstractRegistrate/REGISTRATE.REGISTER]: Captured registration for entry nozzle of type minecraft:block_entity_type
[23Mar2025 15:21:41.742] [modloading-worker-0/DEBUG] [com.tterrag.registrate.AbstractRegistrate/REGISTRATE.REGISTER]: Captured registration for entry clutch of type minecraft:block_entity_type
[23Mar2025 15:21:41.748] [modloading-worker-0/DEBUG] [com.tterrag.registrate.AbstractRegistrate/REGISTRATE.REGISTER]: Captured registration for entry gearshift of type minecraft:block_entity_type
[23Mar2025 15:21:41.749] [modloading-worker-0/DEBUG] [com.tterrag.registrate.AbstractRegistrate/REGISTRATE.REGISTER]: Captured registration for entry turntable of type minecraft:block_entity_type
[23Mar2025 15:21:41.753] [modloading-worker-0/DEBUG] [com.tterrag.registrate.AbstractRegistrate/REGISTRATE.REGISTER]: Captured registration for entry hand_crank of type minecraft:block_entity_type
[23Mar2025 15:21:41.754] [modloading-worker-0/DEBUG] [com.tterrag.registrate.AbstractRegistrate/REGISTRATE.REGISTER]: Captured registration for entry valve_handle of type minecraft:block_entity_type
[23Mar2025 15:21:41.759] [modloading-worker-0/DEBUG] [com.tterrag.registrate.AbstractRegistrate/REGISTRATE.REGISTER]: Captured registration for entry cuckoo_clock of type minecraft:block_entity_type
[23Mar2025 15:21:41.760] [modloading-worker-0/DEBUG] [com.tterrag.registrate.AbstractRegistrate/REGISTRATE.REGISTER]: Captured registration for entry gantry_shaft of type minecraft:block_entity_type
[23Mar2025 15:21:41.769] [modloading-worker-0/DEBUG] [com.tterrag.registrate.AbstractRegistrate/REGISTRATE.REGISTER]: Captured registration for entry gantry_pinion of type minecraft:block_entity_type
[23Mar2025 15:21:41.772] [modloading-worker-0/DEBUG] [com.tterrag.registrate.AbstractRegistrate/REGISTRATE.REGISTER]: Captured registration for entry chain_conveyor of type minecraft:block_entity_type
[23Mar2025 15:21:41.777] [modloading-worker-0/DEBUG] [com.tterrag.registrate.AbstractRegistrate/REGISTRATE.REGISTER]: Captured registration for entry mechanical_pump of type minecraft:block_entity_type
[23Mar2025 15:21:41.781] [modloading-worker-0/DEBUG] [com.tterrag.registrate.AbstractRegistrate/REGISTRATE.REGISTER]: Captured registration for entry smart_fluid_pipe of type minecraft:block_entity_type
[23Mar2025 15:21:41.782] [modloading-worker-0/DEBUG] [com.tterrag.registrate.AbstractRegistrate/REGISTRATE.REGISTER]: Captured registration for entry fluid_pipe of type minecraft:block_entity_type
[23Mar2025 15:21:41.782] [modloading-worker-0/DEBUG] [com.tterrag.registrate.AbstractRegistrate/REGISTRATE.REGISTER]: Captured registration for entry encased_fluid_pipe of type minecraft:block_entity_type
[23Mar2025 15:21:41.783] [modloading-worker-0/DEBUG] [com.tterrag.registrate.AbstractRegistrate/REGISTRATE.REGISTER]: Captured registration for entry glass_fluid_pipe of type minecraft:block_entity_type
[23Mar2025 15:21:41.787] [modloading-worker-0/DEBUG] [com.tterrag.registrate.AbstractRegistrate/REGISTRATE.REGISTER]: Captured registration for entry fluid_valve of type minecraft:block_entity_type
[23Mar2025 15:21:41.790] [modloading-worker-0/DEBUG] [com.tterrag.registrate.AbstractRegistrate/REGISTRATE.REGISTER]: Captured registration for entry fluid_tank of type minecraft:block_entity_type
[23Mar2025 15:21:41.791] [modloading-worker-0/DEBUG] [com.tterrag.registrate.AbstractRegistrate/REGISTRATE.REGISTER]: Captured registration for entry creative_fluid_tank of type minecraft:block_entity_type
[23Mar2025 15:21:41.795] [modloading-worker-0/DEBUG] [com.tterrag.registrate.AbstractRegistrate/REGISTRATE.REGISTER]: Captured registration for entry hose_pulley of type minecraft:block_entity_type
[23Mar2025 15:21:41.796] [modloading-worker-0/DEBUG] [com.tterrag.registrate.AbstractRegistrate/REGISTRATE.REGISTER]: Captured registration for entry spout of type minecraft:block_entity_type
[23Mar2025 15:21:41.799] [modloading-worker-0/DEBUG] [com.tterrag.registrate.AbstractRegistrate/REGISTRATE.REGISTER]: Captured registration for entry item_drain of type minecraft:block_entity_type
[23Mar2025 15:21:41.805] [modloading-worker-0/DEBUG] [com.tterrag.registrate.AbstractRegistrate/REGISTRATE.REGISTER]: Captured registration for entry belt of type minecraft:block_entity_type
[23Mar2025 15:21:41.807] [modloading-worker-0/DEBUG] [com.tterrag.registrate.AbstractRegistrate/REGISTRATE.REGISTER]: Captured registration for entry chute of type minecraft:block_entity_type
[23Mar2025 15:21:41.814] [modloading-worker-0/DEBUG] [com.tterrag.registrate.AbstractRegistrate/REGISTRATE.REGISTER]: Captured registration for entry smart_chute of type minecraft:block_entity_type
[23Mar2025 15:21:41.816] [modloading-worker-0/DEBUG] [com.tterrag.registrate.AbstractRegistrate/REGISTRATE.REGISTER]: Captured registration for entry andesite_tunnel of type minecraft:block_entity_type
[23Mar2025 15:21:41.827] [modloading-worker-0/DEBUG] [com.tterrag.registrate.AbstractRegistrate/REGISTRATE.REGISTER]: Captured registration for entry brass_tunnel of type minecraft:block_entity_type
[23Mar2025 15:21:41.830] [modloading-worker-0/DEBUG] [com.tterrag.registrate.AbstractRegistrate/REGISTRATE.REGISTER]: Captured registration for entry mechanical_arm of type minecraft:block_entity_type
[23Mar2025 15:21:41.831] [modloading-worker-0/DEBUG] [com.tterrag.registrate.AbstractRegistrate/REGISTRATE.REGISTER]: Captured registration for entry item_vault of type minecraft:block_entity_type
[23Mar2025 15:21:41.835] [modloading-worker-0/DEBUG] [com.tterrag.registrate.AbstractRegistrate/REGISTRATE.REGISTER]: Captured registration for entry item_hatch of type minecraft:block_entity_type
[23Mar2025 15:21:41.838] [modloading-worker-0/DEBUG] [com.tterrag.registrate.AbstractRegistrate/REGISTRATE.REGISTER]: Captured registration for entry packager of type minecraft:block_entity_type
[23Mar2025 15:21:41.842] [modloading-worker-0/DEBUG] [com.tterrag.registrate.AbstractRegistrate/REGISTRATE.REGISTER]: Captured registration for entry repackager of type minecraft:block_entity_type
[23Mar2025 15:21:41.844] [modloading-worker-0/DEBUG] [com.tterrag.registrate.AbstractRegistrate/REGISTRATE.REGISTER]: Captured registration for entry package_frogport of type minecraft:block_entity_type
[23Mar2025 15:21:41.848] [modloading-worker-0/DEBUG] [com.tterrag.registrate.AbstractRegistrate/REGISTRATE.REGISTER]: Captured registration for entry package_postbox of type minecraft:block_entity_type
[23Mar2025 15:21:41.850] [modloading-worker-0/DEBUG] [com.tterrag.registrate.AbstractRegistrate/REGISTRATE.REGISTER]: Captured registration for entry table_cloth of type minecraft:block_entity_type
[23Mar2025 15:21:41.851] [modloading-worker-0/DEBUG] [net.minecraftforge.fml.javafmlmod.AutomaticEventSubscriber/LOADING]: Attempting to inject @EventBusSubscriber classes into the eventbus for ad_astra
[23Mar2025 15:21:41.853] [modloading-worker-0/DEBUG] [com.tterrag.registrate.AbstractRegistrate/REGISTRATE.REGISTER]: Captured registration for entry packager_link of type minecraft:block_entity_type
[23Mar2025 15:21:41.855] [modloading-worker-0/DEBUG] [com.tterrag.registrate.AbstractRegistrate/REGISTRATE.REGISTER]: Captured registration for entry stock_ticker of type minecraft:block_entity_type
[23Mar2025 15:21:41.856] [modloading-worker-0/DEBUG] [com.tterrag.registrate.AbstractRegistrate/REGISTRATE.REGISTER]: Captured registration for entry redstone_requester of type minecraft:block_entity_type
[23Mar2025 15:21:41.860] [modloading-worker-0/DEBUG] [com.tterrag.registrate.AbstractRegistrate/REGISTRATE.REGISTER]: Captured registration for entry mechanical_piston of type minecraft:block_entity_type
[23Mar2025 15:21:41.863] [modloading-worker-0/DEBUG] [com.tterrag.registrate.AbstractRegistrate/REGISTRATE.REGISTER]: Captured registration for entry windmill_bearing of type minecraft:block_entity_type
[23Mar2025 15:21:41.863] [modloading-worker-0/DEBUG] [com.tterrag.registrate.AbstractRegistrate/REGISTRATE.REGISTER]: Captured registration for entry mechanical_bearing of type minecraft:block_entity_type
[23Mar2025 15:21:41.865] [modloading-worker-0/DEBUG] [com.tterrag.registrate.AbstractRegistrate/REGISTRATE.REGISTER]: Captured registration for entry clockwork_bearing of type minecraft:block_entity_type
[23Mar2025 15:21:41.867] [modloading-worker-0/DEBUG] [com.tterrag.registrate.AbstractRegistrate/REGISTRATE.REGISTER]: Captured registration for entry rope_pulley of type minecraft:block_entity_type
[23Mar2025 15:21:41.870] [modloading-worker-0/DEBUG] [com.tterrag.registrate.AbstractRegistrate/REGISTRATE.REGISTER]: Captured registration for entry elevator_pulley of type minecraft:block_entity_type
[23Mar2025 15:21:41.871] [modloading-worker-0/DEBUG] [com.tterrag.registrate.AbstractRegistrate/REGISTRATE.REGISTER]: Captured registration for entry elevator_contact of type minecraft:block_entity_type
[23Mar2025 15:21:41.873] [modloading-worker-0/DEBUG] [com.tterrag.registrate.AbstractRegistrate/REGISTRATE.REGISTER]: Captured registration for entry chassis of type minecraft:block_entity_type
[23Mar2025 15:21:41.874] [modloading-worker-0/DEBUG] [com.tterrag.registrate.AbstractRegistrate/REGISTRATE.REGISTER]: Captured registration for entry sticker of type minecraft:block_entity_type
[23Mar2025 15:21:41.875] [modloading-worker-0/DEBUG] [com.tterrag.registrate.AbstractRegistrate/REGISTRATE.REGISTER]: Captured registration for entry contraption_controls of type minecraft:block_entity_type
[23Mar2025 15:21:41.877] [modloading-worker-0/DEBUG] [com.tterrag.registrate.AbstractRegistrate/REGISTRATE.REGISTER]: Captured registration for entry drill of type minecraft:block_entity_type
[23Mar2025 15:21:41.880] [modloading-worker-0/DEBUG] [com.tterrag.registrate.AbstractRegistrate/REGISTRATE.REGISTER]: Captured registration for entry saw of type minecraft:block_entity_type
[23Mar2025 15:21:41.881] [modloading-worker-0/DEBUG] [com.tterrag.registrate.AbstractRegistrate/REGISTRATE.REGISTER]: Captured registration for entry harvester of type minecraft:block_entity_type
[23Mar2025 15:21:41.882] [modloading-worker-0/DEBUG] [com.tterrag.registrate.AbstractRegistrate/REGISTRATE.REGISTER]: Captured registration for entry mechanical_roller of type minecraft:block_entity_type
[23Mar2025 15:21:41.884] [modloading-worker-0/DEBUG] [com.tterrag.registrate.AbstractRegistrate/REGISTRATE.REGISTER]: Captured registration for entry portable_storage_interface of type minecraft:block_entity_type
[23Mar2025 15:21:41.885] [modloading-worker-0/DEBUG] [com.tterrag.registrate.AbstractRegistrate/REGISTRATE.REGISTER]: Captured registration for entry portable_fluid_interface of type minecraft:block_entity_type
[23Mar2025 15:21:41.887] [modloading-worker-0/DEBUG] [com.tterrag.registrate.AbstractRegistrate/REGISTRATE.REGISTER]: Captured registration for entry steam_engine of type minecraft:block_entity_type
[23Mar2025 15:21:41.889] [modloading-worker-0/DEBUG] [com.tterrag.registrate.AbstractRegistrate/REGISTRATE.REGISTER]: Captured registration for entry steam_whistle of type minecraft:block_entity_type
[23Mar2025 15:21:41.890] [modloading-worker-0/DEBUG] [com.tterrag.registrate.AbstractRegistrate/REGISTRATE.REGISTER]: Captured registration for entry powered_shaft of type minecraft:block_entity_type
[23Mar2025 15:21:41.891] [modloading-worker-0/DEBUG] [com.tterrag.registrate.AbstractRegistrate/REGISTRATE.REGISTER]: Captured registration for entry flywheel of type minecraft:block_entity_type
[23Mar2025 15:21:41.893] [modloading-worker-0/DEBUG] [com.tterrag.registrate.AbstractRegistrate/REGISTRATE.REGISTER]: Captured registration for entry millstone of type minecraft:block_entity_type
[23Mar2025 15:21:41.894] [modloading-worker-0/DEBUG] [com.tterrag.registrate.AbstractRegistrate/REGISTRATE.REGISTER]: Captured registration for entry crushing_wheel of type minecraft:block_entity_type
[23Mar2025 15:21:41.897] [modloading-worker-0/DEBUG] [com.tterrag.registrate.AbstractRegistrate/REGISTRATE.REGISTER]: Captured registration for entry crushing_wheel_controller of type minecraft:block_entity_type
[23Mar2025 15:21:41.899] [modloading-worker-0/DEBUG] [com.tterrag.registrate.AbstractRegistrate/REGISTRATE.REGISTER]: Captured registration for entry water_wheel of type minecraft:block_entity_type
[23Mar2025 15:21:41.899] [modloading-worker-0/DEBUG] [com.tterrag.registrate.AbstractRegistrate/REGISTRATE.REGISTER]: Captured registration for entry large_water_wheel of type minecraft:block_entity_type
[23Mar2025 15:21:41.902] [modloading-worker-0/DEBUG] [com.tterrag.registrate.AbstractRegistrate/REGISTRATE.REGISTER]: Captured registration for entry mechanical_press of type minecraft:block_entity_type
[23Mar2025 15:21:41.904] [modloading-worker-0/DEBUG] [com.tterrag.registrate.AbstractRegistrate/REGISTRATE.REGISTER]: Captured registration for entry mechanical_mixer of type minecraft:block_entity_type
[23Mar2025 15:21:41.909] [modloading-worker-0/DEBUG] [com.tterrag.registrate.AbstractRegistrate/REGISTRATE.REGISTER]: Captured registration for entry deployer of type minecraft:block_entity_type
[23Mar2025 15:21:41.911] [modloading-worker-0/DEBUG] [com.tterrag.registrate.AbstractRegistrate/REGISTRATE.REGISTER]: Captured registration for entry basin of type minecraft:block_entity_type
[23Mar2025 15:21:41.913] [modloading-worker-0/DEBUG] [com.tterrag.registrate.AbstractRegistrate/REGISTRATE.REGISTER]: Captured registration for entry blaze_heater of type minecraft:block_entity_type
[23Mar2025 15:21:41.916] [modloading-worker-0/DEBUG] [com.tterrag.registrate.AbstractRegistrate/REGISTRATE.REGISTER]: Captured registration for entry mechanical_crafter of type minecraft:block_entity_type
[23Mar2025 15:21:41.917] [modloading-worker-0/DEBUG] [com.tterrag.registrate.AbstractRegistrate/REGISTRATE.REGISTER]: Captured registration for entry sequenced_gearshift of type minecraft:block_entity_type
[23Mar2025 15:21:41.919] [modloading-worker-0/DEBUG] [com.tterrag.registrate.AbstractRegistrate/REGISTRATE.REGISTER]: Captured registration for entry rotation_speed_controller of type minecraft:block_entity_type
[23Mar2025 15:21:41.921] [modloading-worker-0/DEBUG] [com.tterrag.registrate.AbstractRegistrate/REGISTRATE.REGISTER]: Captured registration for entry speedometer of type minecraft:block_entity_type
[23Mar2025 15:21:41.922] [modloading-worker-0/DEBUG] [com.tterrag.registrate.AbstractRegistrate/REGISTRATE.REGISTER]: Captured registration for entry stressometer of type minecraft:block_entity_type
[23Mar2025 15:21:41.923] [modloading-worker-0/DEBUG] [com.tterrag.registrate.AbstractRegistrate/REGISTRATE.REGISTER]: Captured registration for entry analog_lever of type minecraft:block_entity_type
[23Mar2025 15:21:41.924] [modloading-worker-0/DEBUG] [com.tterrag.registrate.AbstractRegistrate/REGISTRATE.REGISTER]: Captured registration for entry placard of type minecraft:block_entity_type
[23Mar2025 15:21:41.925] [modloading-worker-0/DEBUG] [com.tterrag.registrate.AbstractRegistrate/REGISTRATE.REGISTER]: Captured registration for entry factory_panel of type minecraft:block_entity_type
[23Mar2025 15:21:41.928] [modloading-worker-0/DEBUG] [com.tterrag.registrate.AbstractRegistrate/REGISTRATE.REGISTER]: Captured registration for entry cart_assembler of type minecraft:block_entity_type
[23Mar2025 15:21:41.930] [modloading-worker-0/DEBUG] [com.tterrag.registrate.AbstractRegistrate/REGISTRATE.REGISTER]: Captured registration for entry redstone_link of type minecraft:block_entity_type
[23Mar2025 15:21:41.932] [modloading-worker-0/DEBUG] [com.tterrag.registrate.AbstractRegistrate/REGISTRATE.REGISTER]: Captured registration for entry nixie_tube of type minecraft:block_entity_type
[23Mar2025 15:21:41.933] [modloading-worker-0/DEBUG] [com.tterrag.registrate.AbstractRegistrate/REGISTRATE.REGISTER]: Captured registration for entry display_link of type minecraft:block_entity_type
[23Mar2025 15:21:41.935] [modloading-worker-0/DEBUG] [com.tterrag.registrate.AbstractRegistrate/REGISTRATE.REGISTER]: Captured registration for entry stockpile_switch of type minecraft:block_entity_type
[23Mar2025 15:21:41.936] [modloading-worker-0/DEBUG] [com.tterrag.registrate.AbstractRegistrate/REGISTRATE.REGISTER]: Captured registration for entry creative_crate of type minecraft:block_entity_type
[23Mar2025 15:21:41.937] [modloading-worker-0/DEBUG] [com.tterrag.registrate.AbstractRegistrate/REGISTRATE.REGISTER]: Captured registration for entry depot of type minecraft:block_entity_type
[23Mar2025 15:21:41.941] [modloading-worker-0/DEBUG] [com.tterrag.registrate.AbstractRegistrate/REGISTRATE.REGISTER]: Captured registration for entry weighted_ejector of type minecraft:block_entity_type
[23Mar2025 15:21:41.943] [modloading-worker-0/DEBUG] [com.tterrag.registrate.AbstractRegistrate/REGISTRATE.REGISTER]: Captured registration for entry funnel of type minecraft:block_entity_type
[23Mar2025 15:21:41.944] [modloading-worker-0/DEBUG] [com.tterrag.registrate.AbstractRegistrate/REGISTRATE.REGISTER]: Captured registration for entry content_observer of type minecraft:block_entity_type
[23Mar2025 15:21:41.946] [modloading-worker-0/DEBUG] [com.tterrag.registrate.AbstractRegistrate/REGISTRATE.REGISTER]: Captured registration for entry pulse_extender of type minecraft:block_entity_type
[23Mar2025 15:21:41.947] [modloading-worker-0/DEBUG] [com.tterrag.registrate.AbstractRegistrate/REGISTRATE.REGISTER]: Captured registration for entry pulse_repeater of type minecraft:block_entity_type
[23Mar2025 15:21:41.948] [modloading-worker-0/DEBUG] [com.tterrag.registrate.AbstractRegistrate/REGISTRATE.REGISTER]: Captured registration for entry pulse_timer of type minecraft:block_entity_type
[23Mar2025 15:21:41.949] [modloading-worker-0/DEBUG] [com.tterrag.registrate.AbstractRegistrate/REGISTRATE.REGISTER]: Captured registration for entry lectern_controller of type minecraft:block_entity_type
[23Mar2025 15:21:41.949] [modloading-worker-0/DEBUG] [com.tterrag.registrate.AbstractRegistrate/REGISTRATE.REGISTER]: Captured registration for entry backtank of type minecraft:block_entity_type
[23Mar2025 15:21:41.951] [modloading-worker-0/DEBUG] [com.tterrag.registrate.AbstractRegistrate/REGISTRATE.REGISTER]: Captured registration for entry peculiar_bell of type minecraft:block_entity_type
[23Mar2025 15:21:41.952] [modloading-worker-0/DEBUG] [com.tterrag.registrate.AbstractRegistrate/REGISTRATE.REGISTER]: Captured registration for entry cursed_bell of type minecraft:block_entity_type
[23Mar2025 15:21:41.952] [modloading-worker-0/DEBUG] [com.tterrag.registrate.AbstractRegistrate/REGISTRATE.REGISTER]: Captured registration for entry desk_bell of type minecraft:block_entity_type
[23Mar2025 15:21:41.953] [modloading-worker-0/DEBUG] [com.tterrag.registrate.AbstractRegistrate/REGISTRATE.REGISTER]: Captured registration for entry toolbox of type minecraft:block_entity_type
[23Mar2025 15:21:41.956] [modloading-worker-0/DEBUG] [com.tterrag.registrate.AbstractRegistrate/REGISTRATE.REGISTER]: Captured registration for entry track of type minecraft:block_entity_type
[23Mar2025 15:21:41.956] [modloading-worker-0/DEBUG] [com.tterrag.registrate.AbstractRegistrate/REGISTRATE.REGISTER]: Captured registration for entry fake_track of type minecraft:block_entity_type
[23Mar2025 15:21:41.958] [modloading-worker-0/DEBUG] [com.tterrag.registrate.AbstractRegistrate/REGISTRATE.REGISTER]: Captured registration for entry bogey of type minecraft:block_entity_type
[23Mar2025 15:21:41.963] [modloading-worker-0/DEBUG] [com.tterrag.registrate.AbstractRegistrate/REGISTRATE.REGISTER]: Captured registration for entry track_station of type minecraft:block_entity_type
[23Mar2025 15:21:41.964] [modloading-worker-0/DEBUG] [com.tterrag.registrate.AbstractRegistrate/REGISTRATE.REGISTER]: Captured registration for entry sliding_door of type minecraft:block_entity_type
[23Mar2025 15:21:41.965] [modloading-worker-0/DEBUG] [com.tterrag.registrate.AbstractRegistrate/REGISTRATE.REGISTER]: Captured registration for entry copycat of type minecraft:block_entity_type
[23Mar2025 15:21:41.965] [modloading-worker-0/DEBUG] [com.tterrag.registrate.AbstractRegistrate/REGISTRATE.REGISTER]: Captured registration for entry flap_display of type minecraft:block_entity_type
[23Mar2025 15:21:41.967] [modloading-worker-0/DEBUG] [com.tterrag.registrate.AbstractRegistrate/REGISTRATE.REGISTER]: Captured registration for entry track_signal of type minecraft:block_entity_type
[23Mar2025 15:21:41.968] [modloading-worker-0/DEBUG] [com.tterrag.registrate.AbstractRegistrate/REGISTRATE.REGISTER]: Captured registration for entry track_observer of type minecraft:block_entity_type
[23Mar2025 15:21:41.969] [modloading-worker-0/DEBUG] [com.tterrag.registrate.AbstractRegistrate/REGISTRATE.REGISTER]: Captured registration for entry clipboard of type minecraft:block_entity_type
[23Mar2025 15:21:41.972] [modloading-worker-0/DEBUG] [com.tterrag.registrate.AbstractRegistrate/REGISTRATE.REGISTER]: Captured registration for entry potato_recovery of type minecraft:enchantment
[23Mar2025 15:21:41.972] [modloading-worker-0/DEBUG] [com.tterrag.registrate.AbstractRegistrate/REGISTRATE.REGISTER]: Captured registration for entry capacity of type minecraft:enchantment
[23Mar2025 15:21:42.097] [modloading-worker-0/DEBUG] [net.minecraftforge.fml.config.ConfigTracker/CONFIG]: Config file create-common.toml for create tracking
[23Mar2025 15:21:42.097] [modloading-worker-0/DEBUG] [net.minecraftforge.fml.config.ConfigTracker/CONFIG]: Config file create-client.toml for create tracking
[23Mar2025 15:21:42.097] [modloading-worker-0/DEBUG] [net.minecraftforge.fml.config.ConfigTracker/CONFIG]: Config file create-server.toml for create tracking
[23Mar2025 15:21:42.113] [modloading-worker-0/DEBUG] [net.minecraftforge.fml.javafmlmod.AutomaticEventSubscriber/LOADING]: Attempting to inject @EventBusSubscriber classes into the eventbus for create
[23Mar2025 15:21:42.113] [modloading-worker-0/DEBUG] [net.minecraftforge.fml.javafmlmod.AutomaticEventSubscriber/LOADING]: Auto-subscribing com.simibubi.create.infrastructure.gametest.CreateGameTests to MOD
[23Mar2025 15:21:42.121] [modloading-worker-0/DEBUG] [net.minecraftforge.fml.javafmlmod.AutomaticEventSubscriber/LOADING]: Auto-subscribing com.simibubi.create.infrastructure.config.AllConfigs to MOD
[23Mar2025 15:21:42.121] [modloading-worker-0/DEBUG] [net.minecraftforge.fml.javafmlmod.AutomaticEventSubscriber/LOADING]: Auto-subscribing com.simibubi.create.infrastructure.RemapHelper to FORGE
[23Mar2025 15:21:42.125] [modloading-worker-0/DEBUG] [net.minecraftforge.fml.javafmlmod.AutomaticEventSubscriber/LOADING]: Auto-subscribing com.simibubi.create.impl.registry.CreateRegistriesImpl to MOD
[23Mar2025 15:21:42.125] [modloading-worker-0/DEBUG] [net.minecraftforge.fml.javafmlmod.AutomaticEventSubscriber/LOADING]: Auto-subscribing com.simibubi.create.foundation.recipe.AllIngredients to MOD
[23Mar2025 15:21:42.126] [modloading-worker-0/DEBUG] [net.minecraftforge.fml.javafmlmod.AutomaticEventSubscriber/LOADING]: Auto-subscribing com.simibubi.create.foundation.events.CommonEvents to FORGE
[23Mar2025 15:21:42.131] [modloading-worker-0/DEBUG] [net.minecraftforge.fml.javafmlmod.AutomaticEventSubscriber/LOADING]: Auto-subscribing com.simibubi.create.foundation.events.CommonEvents$ModBusEvents to MOD
[23Mar2025 15:21:42.132] [modloading-worker-0/DEBUG] [net.minecraftforge.fml.javafmlmod.AutomaticEventSubscriber/LOADING]: Auto-subscribing com.simibubi.create.foundation.blockEntity.behaviour.edgeInteraction.EdgeInteractionHandler to FORGE
[23Mar2025 15:21:42.134] [modloading-worker-0/DEBUG] [net.minecraftforge.fml.javafmlmod.AutomaticEventSubscriber/LOADING]: Auto-subscribing com.simibubi.create.foundation.blockEntity.behaviour.ValueSettingsInputHandler to FORGE
[23Mar2025 15:21:42.135] [modloading-worker-0/DEBUG] [net.minecraftforge.fml.javafmlmod.AutomaticEventSubscriber/LOADING]: Auto-subscribing com.simibubi.create.foundation.block.ItemUseOverrides to FORGE
[23Mar2025 15:21:42.135] [modloading-worker-0/DEBUG] [net.minecraftforge.fml.javafmlmod.AutomaticEventSubscriber/LOADING]: Auto-subscribing com.simibubi.create.content.trains.schedule.ScheduleItemEntityInteraction to FORGE
[23Mar2025 15:21:42.136] [modloading-worker-0/DEBUG] [net.minecraftforge.fml.javafmlmod.AutomaticEventSubscriber/LOADING]: Auto-subscribing com.simibubi.create.content.redstone.link.LinkHandler to FORGE
[23Mar2025 15:21:42.137] [modloading-worker-0/DEBUG] [net.minecraftforge.fml.javafmlmod.AutomaticEventSubscriber/LOADING]: Auto-subscribing com.simibubi.create.content.redstone.displayLink.DisplayLinkBlockItem to FORGE
[23Mar2025 15:21:42.138] [modloading-worker-0/DEBUG] [net.minecraftforge.fml.javafmlmod.AutomaticEventSubscriber/LOADING]: Auto-subscribing com.simibubi.create.content.redstone.displayLink.ClickToLinkBlockItem to FORGE
[23Mar2025 15:21:42.138] [modloading-worker-0/DEBUG] [net.minecraftforge.fml.javafmlmod.AutomaticEventSubscriber/LOADING]: Auto-subscribing com.simibubi.create.content.processing.burner.BlazeBurnerHandler to FORGE
[23Mar2025 15:21:42.139] [modloading-worker-0/DEBUG] [net.minecraftforge.fml.javafmlmod.AutomaticEventSubscriber/LOADING]: Auto-subscribing com.simibubi.create.content.logistics.stockTicker.StockTickerInteractionHandler to FORGE
[23Mar2025 15:21:42.140] [modloading-worker-0/DEBUG] [net.minecraftforge.fml.javafmlmod.AutomaticEventSubscriber/LOADING]: Auto-subscribing com.simibubi.create.content.logistics.itemHatch.ItemHatchHandler to FORGE
[23Mar2025 15:21:42.141] [modloading-worker-0/DEBUG] [net.minecraftforge.fml.javafmlmod.AutomaticEventSubscriber/LOADING]: Auto-subscribing com.simibubi.create.content.logistics.funnel.FunnelItem to FORGE
[23Mar2025 15:21:42.141] [modloading-worker-0/DEBUG] [net.minecraftforge.fml.javafmlmod.AutomaticEventSubscriber/LOADING]: Auto-subscribing com.simibubi.create.content.logistics.depot.EjectorItem to FORGE
[23Mar2025 15:21:42.141] [modloading-worker-0/DEBUG] [net.minecraftforge.fml.javafmlmod.AutomaticEventSubscriber/LOADING]: Auto-subscribing com.simibubi.create.content.kinetics.mechanicalArm.ArmItem to FORGE
[23Mar2025 15:21:42.141] [modloading-worker-0/DEBUG] [net.minecraftforge.fml.javafmlmod.AutomaticEventSubscriber/LOADING]: Auto-subscribing com.simibubi.create.content.kinetics.deployer.ManualApplicationRecipe to FORGE
[23Mar2025 15:21:42.142] [modloading-worker-0/DEBUG] [net.minecraftforge.fml.javafmlmod.AutomaticEventSubscriber/LOADING]: Auto-subscribing com.simibubi.create.content.kinetics.deployer.DeployerFakePlayer to FORGE
[23Mar2025 15:21:42.143] [modloading-worker-0/DEBUG] [mixin/]: Mixing AccessorInventoryMenu from polymorph.mixins.json into net.minecraft.world.inventory.InventoryMenu
[23Mar2025 15:21:42.164] [modloading-worker-0/DEBUG] [io.netty.util.internal.InternalThreadLocalMap/]: -Dio.netty.threadLocalMap.stringBuilder.initialSize: 1024
[23Mar2025 15:21:42.164] [modloading-worker-0/DEBUG] [io.netty.util.internal.InternalThreadLocalMap/]: -Dio.netty.threadLocalMap.stringBuilder.maxSize: 4096
[23Mar2025 15:21:42.176] [modloading-worker-0/DEBUG] [mixin/]: Mixing FoodDataMixin from alexscaves.mixins.json into net.minecraft.world.food.FoodData
[23Mar2025 15:21:42.181] [modloading-worker-0/DEBUG] [mixin/]: Mixing IMixinBrain from witherstormmod.mixins.json into net.minecraft.world.entity.ai.Brain
[23Mar2025 15:21:42.182] [modloading-worker-0/DEBUG] [mixin/]: Mixing accessor.BrainAccessor from moonlight-common.mixins.json into net.minecraft.world.entity.ai.Brain
[23Mar2025 15:21:42.182] [modloading-worker-0/DEBUG] [mixin/]: Unexpected: Registered method getSensors()Ljava/util/Map; in net.minecraft.world.entity.ai.Brain was not merged
[23Mar2025 15:21:42.187] [modloading-worker-0/DEBUG] [mixin/]: Mixing CombatTrackerAccessor from playerrevive.mixins.json into net.minecraft.world.damagesource.CombatTracker
[23Mar2025 15:21:42.191] [modloading-worker-0/DEBUG] [mixin/]: Mixing DamageSourcesMixin from quark.mixins.json into net.minecraft.world.damagesource.DamageSources
[23Mar2025 15:21:42.192] [modloading-worker-0/DEBUG] [mixin/]: Mixing DamageSourcesMixin from tombstone.mixins.json into net.minecraft.world.damagesource.DamageSources
[23Mar2025 15:21:42.205] [modloading-worker-0/DEBUG] [net.minecraftforge.fml.javafmlmod.AutomaticEventSubscriber/LOADING]: Auto-subscribing com.simibubi.create.content.kinetics.crusher.CrushingWheelBlockEntity to FORGE
[23Mar2025 15:21:42.210] [modloading-worker-0/DEBUG] [net.minecraftforge.fml.javafmlmod.AutomaticEventSubscriber/LOADING]: Auto-subscribing com.simibubi.create.content.kinetics.crank.ValveHandleBlock to FORGE
[23Mar2025 15:21:42.214] [modloading-worker-0/DEBUG] [net.minecraftforge.fml.javafmlmod.AutomaticEventSubscriber/LOADING]: Auto-subscribing com.simibubi.create.content.fluids.FluidReactions to FORGE
[23Mar2025 15:21:42.217] [modloading-worker-0/DEBUG] [net.minecraftforge.fml.javafmlmod.AutomaticEventSubscriber/LOADING]: Auto-subscribing com.simibubi.create.content.fluids.FluidBottleItemHook to FORGE
[23Mar2025 15:21:42.218] [modloading-worker-0/DEBUG] [net.minecraftforge.fml.javafmlmod.AutomaticEventSubscriber/LOADING]: Auto-subscribing com.simibubi.create.content.equipment.zapper.ZapperInteractionHandler to FORGE
[23Mar2025 15:21:42.219] [modloading-worker-0/DEBUG] [net.minecraftforge.fml.javafmlmod.AutomaticEventSubscriber/LOADING]: Auto-subscribing com.simibubi.create.content.equipment.wrench.WrenchEventHandler to FORGE
[23Mar2025 15:21:42.220] [modloading-worker-0/DEBUG] [net.minecraftforge.fml.javafmlmod.AutomaticEventSubscriber/LOADING]: Auto-subscribing com.simibubi.create.content.equipment.tool.CardboardSwordItem to FORGE
[23Mar2025 15:21:42.221] [modloading-worker-0/DEBUG] [net.minecraftforge.fml.javafmlmod.AutomaticEventSubscriber/LOADING]: Auto-subscribing com.simibubi.create.content.equipment.symmetryWand.SymmetryHandler to FORGE
[23Mar2025 15:21:42.222] [modloading-worker-0/DEBUG] [net.minecraftforge.fml.javafmlmod.AutomaticEventSubscriber/LOADING]: Auto-subscribing com.simibubi.create.content.equipment.extendoGrip.ExtendoGripItem to FORGE
[23Mar2025 15:21:42.224] [modloading-worker-0/DEBUG] [net.minecraftforge.fml.javafmlmod.AutomaticEventSubscriber/LOADING]: Auto-subscribing com.simibubi.create.content.equipment.clipboard.ClipboardValueSettingsHandler to FORGE
[23Mar2025 15:21:42.226] [modloading-worker-0/DEBUG] [net.minecraftforge.fml.javafmlmod.AutomaticEventSubscriber/LOADING]: Auto-subscribing com.simibubi.create.content.equipment.bell.HauntedBellPulser to FORGE
[23Mar2025 15:21:42.227] [modloading-worker-0/DEBUG] [net.minecraftforge.fml.javafmlmod.AutomaticEventSubscriber/LOADING]: Auto-subscribing com.simibubi.create.content.equipment.armor.NetheriteDivingHandler to FORGE
[23Mar2025 15:21:42.228] [modloading-worker-0/DEBUG] [net.minecraftforge.fml.javafmlmod.AutomaticEventSubscriber/LOADING]: Auto-subscribing com.simibubi.create.content.equipment.armor.DivingHelmetItem to FORGE
[23Mar2025 15:21:42.228] [modloading-worker-0/DEBUG] [net.minecraftforge.fml.javafmlmod.AutomaticEventSubscriber/LOADING]: Auto-subscribing com.simibubi.create.content.equipment.armor.DivingBootsItem to FORGE
[23Mar2025 15:21:42.229] [modloading-worker-0/DEBUG] [net.minecraftforge.fml.javafmlmod.AutomaticEventSubscriber/LOADING]: Auto-subscribing com.simibubi.create.content.equipment.armor.CardboardArmorHandler to FORGE
[23Mar2025 15:21:42.230] [modloading-worker-0/DEBUG] [net.minecraftforge.fml.javafmlmod.AutomaticEventSubscriber/LOADING]: Auto-subscribing com.simibubi.create.content.contraptions.mounted.MinecartContraptionItem to FORGE
[23Mar2025 15:21:42.231] [modloading-worker-0/DEBUG] [net.minecraftforge.fml.javafmlmod.AutomaticEventSubscriber/LOADING]: Auto-subscribing com.simibubi.create.content.contraptions.mounted.CartAssemblerBlockEntity to FORGE
[23Mar2025 15:21:42.231] [modloading-worker-0/DEBUG] [net.minecraftforge.fml.javafmlmod.AutomaticEventSubscriber/LOADING]: Auto-subscribing com.simibubi.create.content.contraptions.minecart.MinecartCouplingItem to FORGE
[23Mar2025 15:21:42.232] [modloading-worker-0/DEBUG] [net.minecraftforge.fml.javafmlmod.AutomaticEventSubscriber/LOADING]: Auto-subscribing com.simibubi.create.content.contraptions.minecart.CouplingHandler to FORGE
[23Mar2025 15:21:42.234] [modloading-worker-0/DEBUG] [net.minecraftforge.fml.javafmlmod.AutomaticEventSubscriber/LOADING]: Auto-subscribing com.simibubi.create.content.contraptions.glue.SuperGlueItem to FORGE
[23Mar2025 15:21:42.235] [modloading-worker-0/DEBUG] [net.minecraftforge.fml.javafmlmod.AutomaticEventSubscriber/LOADING]: Auto-subscribing com.simibubi.create.content.contraptions.glue.SuperGlueHandler to FORGE
[23Mar2025 15:21:42.236] [modloading-worker-0/DEBUG] [net.minecraftforge.fml.javafmlmod.AutomaticEventSubscriber/LOADING]: Auto-subscribing com.simibubi.create.content.contraptions.ContraptionHandlerClient to FORGE
[23Mar2025 15:21:42.237] [modloading-worker-0/DEBUG] [net.minecraftforge.fml.javafmlmod.AutomaticEventSubscriber/LOADING]: Auto-subscribing com.simibubi.create.AllCreativeModeTabs to MOD
[23Mar2025 15:21:42.238] [main/FATAL] [net.minecraftforge.fml.ModLoader/LOADING]: Failed to complete lifecycle event CONSTRUCT, 1 errors found
[23Mar2025 15:21:42.253] [main/DEBUG] [net.minecraftforge.common.ForgeI18n/CORE]: Loading I18N data entries: 6430
[23Mar2025 15:21:42.254] [main/DEBUG] [oshi.util.FileUtil/]: Reading file /sys/devices/system/cpu/cpu0/topology/core_id
[23Mar2025 15:21:42.255] [main/DEBUG] [oshi.util.FileUtil/]: Reading file /sys/devices/system/cpu/cpu0/topology/core_id
[23Mar2025 15:21:42.255] [main/DEBUG] [oshi.util.FileUtil/]: Reading file /sys/devices/system/cpu/cpu0/topology/physical_package_id
[23Mar2025 15:21:42.255] [main/DEBUG] [oshi.util.FileUtil/]: Reading file /sys/devices/system/cpu/cpu0/topology/physical_package_id
[23Mar2025 15:21:42.255] [main/DEBUG] [oshi.util.FileUtil/]: Reading file /sys/devices/system/cpu/cpu0/cpu_capacity
[23Mar2025 15:21:42.255] [main/DEBUG] [oshi.util.FileUtil/]: Reading file /sys/devices/system/cpu/cpu1/topology/core_id
[23Mar2025 15:21:42.255] [main/DEBUG] [oshi.util.FileUtil/]: Reading file /sys/devices/system/cpu/cpu1/topology/core_id
[23Mar2025 15:21:42.255] [main/DEBUG] [oshi.util.FileUtil/]: Reading file /sys/devices/system/cpu/cpu1/topology/physical_package_id
[23Mar2025 15:21:42.255] [main/DEBUG] [oshi.util.FileUtil/]: Reading file /sys/devices/system/cpu/cpu1/topology/physical_package_id
[23Mar2025 15:21:42.256] [main/DEBUG] [oshi.util.FileUtil/]: Reading file /sys/devices/system/cpu/cpu1/cpu_capacity
[23Mar2025 15:21:42.256] [main/DEBUG] [oshi.util.FileUtil/]: Reading file /sys/devices/system/cpu/cpu2/topology/core_id
[23Mar2025 15:21:42.256] [main/DEBUG] [oshi.util.FileUtil/]: Reading file /sys/devices/system/cpu/cpu2/topology/core_id
[23Mar2025 15:21:42.256] [main/DEBUG] [oshi.util.FileUtil/]: Reading file /sys/devices/system/cpu/cpu2/topology/physical_package_id
[23Mar2025 15:21:42.256] [main/DEBUG] [oshi.util.FileUtil/]: Reading file /sys/devices/system/cpu/cpu2/topology/physical_package_id
[23Mar2025 15:21:42.256] [main/DEBUG] [oshi.util.FileUtil/]: Reading file /sys/devices/system/cpu/cpu2/cpu_capacity
[23Mar2025 15:21:42.257] [main/DEBUG] [oshi.util.FileUtil/]: Reading file /sys/devices/system/cpu/cpu3/topology/core_id
[23Mar2025 15:21:42.257] [main/DEBUG] [oshi.util.FileUtil/]: Reading file /sys/devices/system/cpu/cpu3/topology/core_id
[23Mar2025 15:21:42.257] [main/DEBUG] [oshi.util.FileUtil/]: Reading file /sys/devices/system/cpu/cpu3/topology/physical_package_id
[23Mar2025 15:21:42.257] [main/DEBUG] [oshi.util.FileUtil/]: Reading file /sys/devices/system/cpu/cpu3/topology/physical_package_id
[23Mar2025 15:21:42.257] [main/DEBUG] [oshi.util.FileUtil/]: Reading file /sys/devices/system/cpu/cpu3/cpu_capacity
[23Mar2025 15:21:42.257] [main/DEBUG] [oshi.util.FileUtil/]: Reading file /proc/cpuinfo
[23Mar2025 15:21:42.264] [main/DEBUG] [oshi.util.FileUtil/]: Reading file /proc/self/auxv
[23Mar2025 15:21:42.265] [main/DEBUG] [oshi.util.FileUtil/]: No oshi.architecture.properties file found from ClassLoader cpw.mods.modlauncher.TransformingClassLoader@501957bf
[23Mar2025 15:21:42.265] [main/DEBUG] [oshi.util.FileUtil/]: No oshi.architecture.properties file found from ClassLoader jdk.internal.loader.ClassLoaders$AppClassLoader@76ed5528
[23Mar2025 15:21:42.273] [main/DEBUG] [oshi.util.FileUtil/]: Reading file /proc/meminfo
[23Mar2025 15:21:42.273] [main/DEBUG] [oshi.util.FileUtil/]: Reading file /proc/meminfo
[23Mar2025 15:21:42.310] [main/FATAL] [net.minecraftforge.common.ForgeMod/]: Preparing crash report with UUID 0f6d39b1-de6b-4da9-847a-5780970df6b0
[23Mar2025 15:21:42.311] [main/FATAL] [net.minecraftforge.server.loading.ServerModLoader/]: Crash report saved to ./crash-reports/crash-2025-03-23_15.21.42-fml.txt
[23Mar2025 15:21:42.318] [main/FATAL] [net.minecraftforge.common.ForgeMod/]: Preparing crash report with UUID 691ced2a-d093-4a73-a0bb-251442a70b84
[23Mar2025 15:21:42.319] [main/ERROR] [net.minecraft.server.Main/FATAL]: Failed to start the minecraft server
net.minecraftforge.fml.LoadingFailedException: Loading errors encountered: [
	Supplementaries (supplementaries) has failed to load correctly
§7java.lang.ArrayIndexOutOfBoundsException: Index 256 out of bounds for length 129
]
	at net.minecraftforge.fml.ModLoader.waitForTransition(ModLoader.java:246) ~[fmlcore-1.20.1-47.3.7.jar%23284!/:?]
	at net.minecraftforge.fml.ModLoader.lambda$dispatchAndHandleError$20(ModLoader.java:210) ~[fmlcore-1.20.1-47.3.7.jar%23284!/:?]
	at java.util.Optional.ifPresent(Optional.java:178) ~[?:?]
	at net.minecraftforge.fml.ModLoader.dispatchAndHandleError(ModLoader.java:210) ~[fmlcore-1.20.1-47.3.7.jar%23284!/:?]
	at net.minecraftforge.fml.ModLoader.lambda$gatherAndInitializeMods$13(ModLoader.java:183) ~[fmlcore-1.20.1-47.3.7.jar%23284!/:?]
	at java.lang.Iterable.forEach(Iterable.java:75) ~[?:?]
	at net.minecraftforge.fml.ModLoader.gatherAndInitializeMods(ModLoader.java:183) ~[fmlcore-1.20.1-47.3.7.jar%23284!/:?]
	at net.minecraftforge.server.loading.ServerModLoader.load(ServerModLoader.java:30) ~[forge-1.20.1-47.3.7-universal.jar%23288!/:?]
	at net.minecraft.server.Main.main(Main.java:125) ~[server-1.20.1-20230612.114412-srg.jar%23283!/:?]
	at jdk.internal.reflect.NativeMethodAccessorImpl.invoke0(Native Method) ~[?:?]
	at jdk.internal.reflect.NativeMethodAccessorImpl.invoke(NativeMethodAccessorImpl.java:77) ~[?:?]
	at jdk.internal.reflect.DelegatingMethodAccessorImpl.invoke(DelegatingMethodAccessorImpl.java:43) ~[?:?]
	at java.lang.reflect.Method.invoke(Method.java:569) ~[?:?]
	at net.minecraftforge.fml.loading.targets.CommonLaunchHandler.runTarget(CommonLaunchHandler.java:111) ~[fmlloader-1.20.1-47.3.7.jar%2369!/:?]
	at net.minecraftforge.fml.loading.targets.CommonLaunchHandler.serverService(CommonLaunchHandler.java:103) ~[fmlloader-1.20.1-47.3.7.jar%2369!/:?]
	at net.minecraftforge.fml.loading.targets.CommonServerLaunchHandler.lambda$makeService$0(CommonServerLaunchHandler.java:27) ~[fmlloader-1.20.1-47.3.7.jar%2369!/:?]
	at cpw.mods.modlauncher.LaunchServiceHandlerDecorator.launch(LaunchServiceHandlerDecorator.java:30) ~[modlauncher-10.0.9.jar%2355!/:?]
	at cpw.mods.modlauncher.LaunchServiceHandler.launch(LaunchServiceHandler.java:53) ~[modlauncher-10.0.9.jar%2355!/:?]
	at cpw.mods.modlauncher.LaunchServiceHandler.launch(LaunchServiceHandler.java:71) ~[modlauncher-10.0.9.jar%2355!/:?]
	at cpw.mods.modlauncher.Launcher.run(Launcher.java:108) ~[modlauncher-10.0.9.jar%2355!/:?]
	at cpw.mods.modlauncher.Launcher.main(Launcher.java:78) ~[modlauncher-10.0.9.jar%2355!/:?]
	at cpw.mods.modlauncher.BootstrapLaunchConsumer.accept(BootstrapLaunchConsumer.java:26) ~[modlauncher-10.0.9.jar%2355!/:?]
	at cpw.mods.modlauncher.BootstrapLaunchConsumer.accept(BootstrapLaunchConsumer.java:23) ~[modlauncher-10.0.9.jar%2355!/:?]
	at cpw.mods.bootstraplauncher.BootstrapLauncher.main(BootstrapLauncher.java:141) ~[bootstraplauncher-1.1.2.jar:?]
