[23Mar2025 01:55:27.974] [main/INFO] [cpw.mods.modlauncher.Launcher/MODLAUNCHER]: ModLauncher running: args [--launchTarget, forgeserver, --fml.forgeVersion, 47.3.7, --fml.mcVersion, 1.20.1, --fml.forgeGroup, net.minecraftforge, --fml.mcpVersion, 20230612.114412, nogui]
[23Mar2025 01:55:27.978] [main/INFO] [cpw.mods.modlauncher.Launcher/MODLAUNCHER]: ModLauncher 10.0.9+10.0.9+main.dcd20f30 starting: java version 17.0.14 by Ubuntu; OS Linux arch amd64 version 6.8.0-1021-azure
[23Mar2025 01:55:30.388] [main/INFO] [net.minecraftforge.fml.loading.ImmediateWindowHandler/]: ImmediateWindowProvider not loading because launch target is forgeserver
[23Mar2025 01:55:30.447] [main/INFO] [mixin/]: SpongePowered MIXIN Subsystem Version=0.8.5 Source=union:/workspaces/insano/servidor_minecraft/libraries/org/spongepowered/mixin/0.8.5/mixin-0.8.5.jar%2365!/ Service=ModLauncher Env=SERVER
[23Mar2025 01:55:30.943] [main/WARN] [net.minecraftforge.fml.loading.moddiscovery.ModFileParser/LOADING]: Mod file /workspaces/insano/servidor_minecraft/libraries/net/minecraftforge/fmlcore/1.20.1-47.3.7/fmlcore-1.20.1-47.3.7.jar is missing mods.toml file
[23Mar2025 01:55:30.944] [main/WARN] [net.minecraftforge.fml.loading.moddiscovery.ModFileParser/LOADING]: Mod file /workspaces/insano/servidor_minecraft/libraries/net/minecraftforge/javafmllanguage/1.20.1-47.3.7/javafmllanguage-1.20.1-47.3.7.jar is missing mods.toml file
[23Mar2025 01:55:30.945] [main/WARN] [net.minecraftforge.fml.loading.moddiscovery.ModFileParser/LOADING]: Mod file /workspaces/insano/servidor_minecraft/libraries/net/minecraftforge/lowcodelanguage/1.20.1-47.3.7/lowcodelanguage-1.20.1-47.3.7.jar is missing mods.toml file
[23Mar2025 01:55:30.946] [main/WARN] [net.minecraftforge.fml.loading.moddiscovery.ModFileParser/LOADING]: Mod file /workspaces/insano/servidor_minecraft/libraries/net/minecraftforge/mclanguage/1.20.1-47.3.7/mclanguage-1.20.1-47.3.7.jar is missing mods.toml file
[23Mar2025 01:55:31.310] [main/WARN] [net.minecraftforge.jarjar.selection.JarSelector/]: Attempted to select two dependency jars from JarJar which have the same identification: Mod File:  and Mod File: . Using Mod File: 
[23Mar2025 01:55:31.311] [main/INFO] [net.minecraftforge.fml.loading.moddiscovery.JarInJarDependencyLocator/]: Found 20 dependencies adding them to mods collection
[23Mar2025 01:55:34.867] [main/INFO] [mixin/]: Compatibility level set to JAVA_17
[23Mar2025 01:55:35.002] [main/ERROR] [mixin/]: Mixin config customvillagertrades.mixins.json does not specify "minVersion" property
[23Mar2025 01:55:35.176] [main/ERROR] [mixin/]: Mixin config cannibal.mixin.json does not specify "minVersion" property
[23Mar2025 01:55:35.237] [main/INFO] [cpw.mods.modlauncher.LaunchServiceHandler/MODLAUNCHER]: Launching target 'forgeserver' with arguments [nogui]
[23Mar2025 01:55:35.529] [main/WARN] [mixin/]: Reference map 'integrated_cataclysm.refmap.json' for integrated_cataclysm.mixins.json could not be read. If this is a development environment you can ignore this message
[23Mar2025 01:55:35.579] [main/WARN] [mixin/]: Reference map 'trashslot.refmap.json' for trashslot.mixins.json could not be read. If this is a development environment you can ignore this message
[23Mar2025 01:55:35.591] [main/WARN] [mixin/]: Reference map 'graveyard-FORGE-forge-refmap.json' for graveyard-forge.mixins.json could not be read. If this is a development environment you can ignore this message
[23Mar2025 01:55:35.613] [main/WARN] [mixin/]: Reference map 'knightlib.refmap.json' for knightlib.mixins.json could not be read. If this is a development environment you can ignore this message
[23Mar2025 01:55:35.616] [main/WARN] [mixin/]: Reference map 'knightlib.refmap.json' for knightlib.forge.mixins.json could not be read. If this is a development environment you can ignore this message
[23Mar2025 01:55:35.668] [main/WARN] [mixin/]: Reference map 'knightquest.refmap.json' for knightquest.mixins.json could not be read. If this is a development environment you can ignore this message
[23Mar2025 01:55:35.671] [main/WARN] [mixin/]: Reference map 'knightquest.refmap.json' for knightquest.forge.mixins.json could not be read. If this is a development environment you can ignore this message
[23Mar2025 01:55:35.713] [main/WARN] [mixin/]: Reference map 'coroutil.refmap.json' for coroutil.mixins.json could not be read. If this is a development environment you can ignore this message
[23Mar2025 01:55:35.751] [main/WARN] [mixin/]: Reference map 'Aquamirae.refmap.json' for aquamirae.mixins.json could not be read. If this is a development environment you can ignore this message
[23Mar2025 01:55:35.759] [main/WARN] [mixin/]: Reference map 'cristellib-forge-refmap.json' for cristellib.mixins.json could not be read. If this is a development environment you can ignore this message
[23Mar2025 01:55:37.484] [main/WARN] [mixin/]: Error loading class: net/minecraft/client/renderer/entity/PhantomRenderer (java.lang.ClassNotFoundException: net.minecraft.client.renderer.entity.PhantomRenderer)
[23Mar2025 01:55:37.485] [main/WARN] [mixin/]: @Mixin target net.minecraft.client.renderer.entity.PhantomRenderer was not found mixins.deeperdarker.json:PhantomRendererMixin
[23Mar2025 01:55:38.479] [main/WARN] [mixin/]: Error loading class: me/desht/pneumaticcraft/common/upgrades/PNCUpgradeImpl (java.lang.ClassNotFoundException: me.desht.pneumaticcraft.common.upgrades.PNCUpgradeImpl)
[23Mar2025 01:55:38.480] [main/WARN] [mixin/]: @Mixin target me.desht.pneumaticcraft.common.upgrades.PNCUpgradeImpl was not found ad_astra_giselle_addon.mixin.forge.common.json:pneumaticcraft.PNCUpgradeImplInject
[23Mar2025 01:55:38.758] [main/INFO] [MixinExtras|Service/]: Initializing MixinExtras via com.llamalad7.mixinextras.service.MixinExtrasServiceImpl(version=0.4.1).
[23Mar2025 01:55:45.911] [main/WARN] [mixin/]: @Inject(@At("INVOKE")) Shift.BY=2 on witherstormmod.mixins.json:MixinSwellGoal::handler$zfa000$canUseInvoke exceeds the maximum allowed value: 0. Increase the value of maxShiftBy to suppress this warning.
[23Mar2025 01:55:46.153] [main/WARN] [mixin/]: @Final field f_26027_:Lnet/minecraft/world/entity/ai/targeting/TargetingConditions; in guardvillagers.mixins.json:DefendVillageGoalGolemMixin should be final
[23Mar2025 01:55:47.455] [main/WARN] [mixin/]: Mixin alexscaves.mixins.json:SwampHutPieceMixin has multiple constructors, (Lnet/minecraft/world/level/levelgen/structure/pieces/StructurePieceType;IIIIIILnet/minecraft/core/Direction;)V was selected

[23Mar2025 01:55:48.207] [modloading-worker-0/INFO] [indestructible_blocks/]: Muahahah, we shall make every block out of bedrock material!
[23Mar2025 01:55:48.794] [modloading-worker-0/WARN] [net.minecraftforge.common.ForgeConfigSpec/CORE]: Configuration file /workspaces/insano/servidor_minecraft/config/guardvillagers-common.toml is not correct. Correcting
[23Mar2025 01:55:50.268] [modloading-worker-0/INFO] [dev.architectury.networking.forge.NetworkManagerImpl/]: Registering C2S receiver with id architectury:sync_ids
[23Mar2025 01:55:50.693] [modloading-worker-0/ERROR] [net.minecraftforge.eventbus.EventSubclassTransformer/EVENTBUS]: Could not find parent net/minecraft/client/renderer/entity/layers/RenderLayer for class com/obscuria/obscureapi/client/renderer/PatreonLayer in classloader cpw.mods.modlauncher.TransformingClassLoader@2faa55bb on thread Thread[modloading-worker-0,5,main]
[23Mar2025 01:55:50.696] [modloading-worker-0/ERROR] [net.minecraftforge.eventbus.EventSubclassTransformer/EVENTBUS]: An error occurred building event handler
java.lang.ClassNotFoundException: net.minecraft.client.renderer.entity.layers.RenderLayer
	at cpw.mods.cl.ModuleClassLoader.loadClass(ModuleClassLoader.java:141) ~[securejarhandler-2.1.10.jar:?]
	at java.lang.ClassLoader.loadClass(ClassLoader.java:525) ~[?:?]
	at net.minecraftforge.eventbus.EventSubclassTransformer.buildEvents(EventSubclassTransformer.java:97) ~[eventbus-6.0.5.jar%2352!/:?]
	at net.minecraftforge.eventbus.EventSubclassTransformer.transform(EventSubclassTransformer.java:48) ~[eventbus-6.0.5.jar%2352!/:?]
	at net.minecraftforge.eventbus.EventBusEngine.processClass(EventBusEngine.java:26) ~[eventbus-6.0.5.jar%2352!/:?]
	at net.minecraftforge.eventbus.service.ModLauncherService.processClassWithFlags(ModLauncherService.java:32) ~[eventbus-6.0.5.jar%2352!/:6.0.5+6.0.5+master.eb8e549b]
	at cpw.mods.modlauncher.LaunchPluginHandler.offerClassNodeToPlugins(LaunchPluginHandler.java:88) ~[modlauncher-10.0.9.jar%2355!/:?]
	at cpw.mods.modlauncher.ClassTransformer.transform(ClassTransformer.java:120) ~[modlauncher-10.0.9.jar%2355!/:?]
	at cpw.mods.modlauncher.TransformingClassLoader.maybeTransformClassBytes(TransformingClassLoader.java:50) ~[modlauncher-10.0.9.jar%2355!/:?]
	at cpw.mods.cl.ModuleClassLoader.readerToClass(ModuleClassLoader.java:113) ~[securejarhandler-2.1.10.jar:?]
	at cpw.mods.cl.ModuleClassLoader.lambda$findClass$15(ModuleClassLoader.java:219) ~[securejarhandler-2.1.10.jar:?]
	at cpw.mods.cl.ModuleClassLoader.loadFromModule(ModuleClassLoader.java:229) ~[securejarhandler-2.1.10.jar:?]
	at cpw.mods.cl.ModuleClassLoader.findClass(ModuleClassLoader.java:219) ~[securejarhandler-2.1.10.jar:?]
	at cpw.mods.cl.ModuleClassLoader.loadClass(ModuleClassLoader.java:135) ~[securejarhandler-2.1.10.jar:?]
	at java.lang.ClassLoader.loadClass(ClassLoader.java:525) ~[?:?]
	at java.lang.ClassLoader.defineClass0(Native Method) ~[?:?]
	at java.lang.System$2.defineClass(System.java:2324) ~[?:?]
	at java.lang.invoke.MethodHandles$Lookup$ClassDefiner.defineClass(MethodHandles.java:2439) ~[?:?]
	at java.lang.invoke.MethodHandles$Lookup$ClassDefiner.defineClassAsLookup(MethodHandles.java:2420) ~[?:?]
	at java.lang.invoke.MethodHandles$Lookup.defineHiddenClass(MethodHandles.java:2127) ~[?:?]
	at java.lang.invoke.InnerClassLambdaMetafactory.generateInnerClass(InnerClassLambdaMetafactory.java:407) ~[?:?]
	at java.lang.invoke.InnerClassLambdaMetafactory.spinInnerClass(InnerClassLambdaMetafactory.java:315) ~[?:?]
	at java.lang.invoke.InnerClassLambdaMetafactory.buildCallSite(InnerClassLambdaMetafactory.java:228) ~[?:?]
	at java.lang.invoke.LambdaMetafactory.metafactory(LambdaMetafactory.java:341) ~[?:?]
	at java.lang.invoke.BootstrapMethodInvoker.invoke(BootstrapMethodInvoker.java:134) ~[?:?]
	at java.lang.invoke.CallSite.makeSite(CallSite.java:315) ~[?:?]
	at java.lang.invoke.MethodHandleNatives.linkCallSiteImpl(MethodHandleNatives.java:281) ~[?:?]
	at java.lang.invoke.MethodHandleNatives.linkCallSite(MethodHandleNatives.java:271) ~[?:?]
	at com.obscuria.obscureapi.client.renderer.PatreonLayer$Mode.<clinit>(PatreonLayer.java:55) ~[obscure_api-15.jar%23243!/:com.obscuria]
	at com.obscuria.obscureapi.ObscureAPIConfig$Client.<clinit>(ObscureAPIConfig.java:28) ~[obscure_api-15.jar%23243!/:com.obscuria]
	at com.obscuria.obscureapi.ObscureAPIConfig.register(ObscureAPIConfig.java:46) ~[obscure_api-15.jar%23243!/:com.obscuria]
	at com.obscuria.obscureapi.ObscureAPI.<init>(ObscureAPI.java:69) ~[obscure_api-15.jar%23243!/:com.obscuria]
	at jdk.internal.reflect.NativeConstructorAccessorImpl.newInstance0(Native Method) ~[?:?]
	at jdk.internal.reflect.NativeConstructorAccessorImpl.newInstance(NativeConstructorAccessorImpl.java:77) ~[?:?]
	at jdk.internal.reflect.DelegatingConstructorAccessorImpl.newInstance(DelegatingConstructorAccessorImpl.java:45) ~[?:?]
	at java.lang.reflect.Constructor.newInstanceWithCaller(Constructor.java:500) ~[?:?]
	at java.lang.reflect.Constructor.newInstance(Constructor.java:481) ~[?:?]
	at net.minecraftforge.fml.javafmlmod.FMLModContainer.constructMod(FMLModContainer.java:70) ~[javafmllanguage-1.20.1-47.3.7.jar%23285!/:?]
	at net.minecraftforge.fml.ModContainer.lambda$buildTransitionHandler$4(ModContainer.java:124) ~[fmlcore-1.20.1-47.3.7.jar%23284!/:?]
	at java.util.concurrent.CompletableFuture$AsyncRun.run(CompletableFuture.java:1804) ~[?:?]
	at java.util.concurrent.CompletableFuture$AsyncRun.exec(CompletableFuture.java:1796) ~[?:?]
	at java.util.concurrent.ForkJoinTask.doExec(ForkJoinTask.java:373) ~[?:?]
	at java.util.concurrent.ForkJoinPool$WorkQueue.topLevelExec(ForkJoinPool.java:1182) ~[?:?]
	at java.util.concurrent.ForkJoinPool.scan(ForkJoinPool.java:1655) ~[?:?]
	at java.util.concurrent.ForkJoinPool.runWorker(ForkJoinPool.java:1622) ~[?:?]
	at java.util.concurrent.ForkJoinWorkerThread.run(ForkJoinWorkerThread.java:165) ~[?:?]
[23Mar2025 01:55:50.707] [modloading-worker-0/ERROR] [net.minecraftforge.fml.loading.RuntimeDistCleaner/DISTXFORM]: Attempted to load class com/obscuria/obscureapi/client/renderer/PatreonLayer for invalid dist DEDICATED_SERVER
[23Mar2025 01:55:50.875] [modloading-worker-0/INFO] [graveyard/]: Registered JSON trade offer adapter.
[23Mar2025 01:55:50.910] [modloading-worker-0/INFO] [coroutil/]: forge loader environment detected
[23Mar2025 01:55:50.941] [modloading-worker-0/INFO] [net.minecraftforge.common.ForgeMod/FORGEMOD]: Forge mod loading, version 47.3.7, for MC 1.20.1 with MCP 20230612.114412
[23Mar2025 01:55:50.942] [modloading-worker-0/INFO] [net.minecraftforge.common.MinecraftForge/FORGE]: MinecraftForge v47.3.7 Initialized
[23Mar2025 01:55:50.964] [modloading-worker-0/INFO] [dev.architectury.networking.forge.NetworkManagerImpl/]: Registering C2S receiver with id artifacts:networking_channel/42a7ad70b1cc371599a0eff744096b8a
[23Mar2025 01:55:50.971] [modloading-worker-0/INFO] [dev.architectury.networking.forge.NetworkManagerImpl/]: Registering C2S receiver with id artifacts:networking_channel/74a5e841822a3a87854ae896a33430d6
[23Mar2025 01:55:50.972] [modloading-worker-0/INFO] [dev.architectury.networking.forge.NetworkManagerImpl/]: Registering C2S receiver with id artifacts:networking_channel/eb3d1e2748533430848cadf0f37c7e9c
[23Mar2025 01:55:50.973] [modloading-worker-0/INFO] [dev.architectury.networking.forge.NetworkManagerImpl/]: Registering C2S receiver with id artifacts:networking_channel/91c8520f19f93b3e8b6a727568e194ab
[23Mar2025 01:55:50.980] [modloading-worker-0/INFO] [dev.architectury.networking.forge.NetworkManagerImpl/]: Registering C2S receiver with id artifacts:networking_channel/8c2784d778293fd482ed84b8aa5fedb9
[23Mar2025 01:55:50.984] [modloading-worker-0/INFO] [dev.architectury.networking.forge.NetworkManagerImpl/]: Registering C2S receiver with id artifacts:networking_channel/ea038224ea783d40b2863f52239e2604
[23Mar2025 01:55:50.985] [modloading-worker-0/INFO] [dev.architectury.networking.forge.NetworkManagerImpl/]: Registering C2S receiver with id artifacts:networking_channel/97ad64b7ecaf33209991c4f031501a58
[23Mar2025 01:55:51.782] [modloading-worker-0/INFO] [com.simibubi.create.Create/]: Create 6.0.2 initializing! Commit hash: bffc4b160b08a91ba243b0cc2e13ac797857e17f
[23Mar2025 01:55:52.504] [modloading-worker-0/INFO] [thedarkcolour.kotlinforforge.test.KotlinForForge/]: Kotlin For Forge Enabled!
[23Mar2025 01:55:52.562] [modloading-worker-0/INFO] [quark/]: Initializing TerraBlender underground biome compat
[23Mar2025 01:55:52.749] [modloading-worker-0/INFO] [be.florens.expandability.ExpandAbility/]: ExpandAbility here, who dis?
[23Mar2025 01:55:53.235] [modloading-worker-0/INFO] [quark-zeta/]: Discovered 164 modules to load.
[23Mar2025 01:55:53.235] [modloading-worker-0/INFO] [quark-zeta/]: Constructing module Abacus...
[23Mar2025 01:55:53.242] [modloading-worker-0/INFO] [quark-zeta/]: Constructing module Adjustable Chat...
[23Mar2025 01:55:53.246] [modloading-worker-0/INFO] [quark-zeta/]: Constructing module Ambient Discs...
[23Mar2025 01:55:53.246] [modloading-worker-0/INFO] [quark-zeta/]: Constructing module Ancient Tomes...
[23Mar2025 01:55:53.265] [modloading-worker-0/INFO] [quark-zeta/]: Constructing module Ancient Wood...
[23Mar2025 01:55:53.308] [modloading-worker-0/INFO] [quark-zeta/]: Constructing module Armed Armor Stands...
[23Mar2025 01:55:53.308] [modloading-worker-0/INFO] [quark-zeta/]: Constructing module Auto Walk Keybind...
[23Mar2025 01:55:53.308] [modloading-worker-0/INFO] [quark-zeta/]: Constructing module Automatic Recipe Unlock...
[23Mar2025 01:55:53.309] [modloading-worker-0/INFO] [quark-zeta/]: Constructing module Automatic Tool Restock...
[23Mar2025 01:55:53.314] [modloading-worker-0/INFO] [quark-zeta/]: Constructing module Azalea Wood...
[23Mar2025 01:55:53.315] [modloading-worker-0/INFO] [quark-zeta/]: Constructing module Back Button Keybind...
[23Mar2025 01:55:53.317] [modloading-worker-0/INFO] [quark-zeta/]: Constructing module Backpack...
[23Mar2025 01:55:53.330] [modloading-worker-0/INFO] [quark-zeta/]: Constructing module Beacon Redirection...
[23Mar2025 01:55:53.332] [modloading-worker-0/INFO] [quark-zeta/]: Constructing module Better Elytra Rocket...
[23Mar2025 01:55:53.333] [modloading-worker-0/INFO] [quark-zeta/]: Constructing module Big Stone Clusters...
[23Mar2025 01:55:53.344] [modloading-worker-0/INFO] [quark-zeta/]: Constructing module Blossom Trees...
[23Mar2025 01:55:53.349] [modloading-worker-0/INFO] [quark-zeta/]: Constructing module Bottled Cloud...
[23Mar2025 01:55:53.362] [modloading-worker-0/INFO] [quark-zeta/]: Constructing module Buckets Show Inhabitants...
[23Mar2025 01:55:53.362] [modloading-worker-0/INFO] [quark-zeta/]: Constructing module Camera...
[23Mar2025 01:55:53.363] [modloading-worker-0/INFO] [quark-zeta/]: Constructing module Campfires Boost Elytra...
[23Mar2025 01:55:53.363] [modloading-worker-0/INFO] [quark-zeta/]: Constructing module Celebratory Lamps...
[23Mar2025 01:55:53.364] [modloading-worker-0/INFO] [quark-zeta/]: Constructing module Chains Connect Blocks...
[23Mar2025 01:55:53.370] [modloading-worker-0/INFO] [quark-zeta/]: Constructing module Chest Searching...
[23Mar2025 01:55:53.371] [modloading-worker-0/INFO] [quark-zeta/]: Constructing module Chorus Vegetation...
[23Mar2025 01:55:53.373] [modloading-worker-0/INFO] [quark-zeta/]: Constructing module Chute...
[23Mar2025 01:55:53.380] [modloading-worker-0/INFO] [quark-zeta/]: Constructing module Climate Control Remover...
[23Mar2025 01:55:53.383] [modloading-worker-0/INFO] [quark-zeta/]: Constructing module Color Runes...
[23Mar2025 01:55:53.393] [modloading-worker-0/INFO] [quark-zeta/]: Constructing module Compasses Work Everywhere...
[23Mar2025 01:55:53.395] [modloading-worker-0/INFO] [quark-zeta/]: Constructing module Compressed Blocks...
[23Mar2025 01:55:53.398] [modloading-worker-0/INFO] [quark-zeta/]: Constructing module Coral On Cactus...
[23Mar2025 01:55:53.400] [modloading-worker-0/INFO] [quark-zeta/]: Constructing module Corundum...
[23Mar2025 01:55:53.443] [modloading-worker-0/INFO] [quark-zeta/]: Constructing module Crabs...
[23Mar2025 01:55:53.448] [modloading-worker-0/ERROR] [zeta/]: Client event interface org.violetmoon.zeta.client.event.load.ZClientSetup was found in a non client only class!
[23Mar2025 01:55:53.449] [modloading-worker-0/INFO] [quark-zeta/]: Constructing module Crafter...
[23Mar2025 01:55:53.450] [modloading-worker-0/ERROR] [zeta/]: Client event interface org.violetmoon.zeta.client.event.load.ZClientSetup was found in a non client only class!
[23Mar2025 01:55:53.450] [modloading-worker-0/INFO] [quark-zeta/]: Constructing module Crate...
[23Mar2025 01:55:53.451] [modloading-worker-0/INFO] [quark-zeta/]: Constructing module Diamond Repair...
[23Mar2025 01:55:53.456] [modloading-worker-0/INFO] [quark-zeta/]: Constructing module Dispensers Place Blocks...
[23Mar2025 01:55:53.458] [modloading-worker-0/INFO] [quark-zeta/]: Constructing module Double Door Opening...
[23Mar2025 01:55:53.459] [modloading-worker-0/INFO] [quark-zeta/]: Constructing module Dragon Scales...
[23Mar2025 01:55:53.460] [modloading-worker-0/INFO] [quark-zeta/]: Constructing module Duskbound Blocks...
[23Mar2025 01:55:53.462] [modloading-worker-0/INFO] [quark-zeta/]: Constructing module Dyeable Item Frames...
[23Mar2025 01:55:53.466] [modloading-worker-0/INFO] [quark-zeta/]: Constructing module Easy Transfering...
[23Mar2025 01:55:53.467] [modloading-worker-0/INFO] [quark-zeta/]: Constructing module Elytra Indicator...
[23Mar2025 01:55:53.468] [modloading-worker-0/INFO] [quark-zeta/]: Constructing module Emotes...
[23Mar2025 01:55:53.470] [modloading-worker-0/INFO] [quark-zeta/]: Constructing module Enchantment Predicates...
[23Mar2025 01:55:53.471] [modloading-worker-0/INFO] [quark-zeta/]: Constructing module Enchantments Begone...
[23Mar2025 01:55:53.473] [modloading-worker-0/INFO] [quark-zeta/]: Constructing module Ender Watcher...
[23Mar2025 01:55:53.475] [modloading-worker-0/INFO] [quark-zeta/]: Constructing module Endermosh Music Disc...
[23Mar2025 01:55:53.476] [modloading-worker-0/INFO] [quark-zeta/]: Constructing module Enhanced Ladders...
[23Mar2025 01:55:53.477] [modloading-worker-0/INFO] [quark-zeta/]: Constructing module Expanded Item Interactions...
[23Mar2025 01:55:53.478] [modloading-worker-0/ERROR] [zeta/]: Client event interface org.violetmoon.zeta.client.event.load.ZClientSetup was found in a non client only class!
[23Mar2025 01:55:53.479] [modloading-worker-0/INFO] [quark-zeta/]: Constructing module Fairy Rings...
[23Mar2025 01:55:53.480] [modloading-worker-0/INFO] [quark-zeta/]: Constructing module Fallen Logs...
[23Mar2025 01:55:53.483] [modloading-worker-0/INFO] [quark-zeta/]: Constructing module Feeding Trough...
[23Mar2025 01:55:53.489] [modloading-worker-0/ERROR] [zeta/]: Client event interface org.violetmoon.zeta.client.event.load.ZClientSetup was found in a non client only class!
[23Mar2025 01:55:53.492] [modloading-worker-0/INFO] [quark-zeta/]: Constructing module Forgotten...
[23Mar2025 01:55:53.508] [modloading-worker-0/INFO] [quark-zeta/]: Constructing module Foxhound...
[23Mar2025 01:55:53.515] [modloading-worker-0/INFO] [quark-zeta/]: Constructing module Framed Glass...
[23Mar2025 01:55:53.518] [modloading-worker-0/INFO] [quark-zeta/]: Constructing module Game Nerfs...
[23Mar2025 01:55:53.520] [modloading-worker-0/INFO] [quark-zeta/]: Constructing module Glass Item Frame...
[23Mar2025 01:55:53.526] [modloading-worker-0/ERROR] [zeta/]: Client event interface org.violetmoon.zeta.client.event.load.ZClientSetup was found in a non client only class!
[23Mar2025 01:55:53.529] [modloading-worker-0/INFO] [quark-zeta/]: Constructing module Glass Shard...
[23Mar2025 01:55:53.534] [modloading-worker-0/INFO] [quark-zeta/]: Constructing module Glimmering Weald...
[23Mar2025 01:55:53.549] [modloading-worker-0/INFO] [quark-zeta/]: Constructing module Gold Bars...
[23Mar2025 01:55:53.550] [modloading-worker-0/INFO] [quark-zeta/]: Constructing module Gold Tools Have Fortune...
[23Mar2025 01:55:53.569] [modloading-worker-0/INFO] [quark-zeta/]: Constructing module Grab Chickens...
[23Mar2025 01:55:53.573] [modloading-worker-0/INFO] [quark-zeta/]: Constructing module Grate...
[23Mar2025 01:55:53.582] [modloading-worker-0/INFO] [quark-zeta/]: Constructing module Gravisand...
[23Mar2025 01:55:53.588] [modloading-worker-0/INFO] [quark-zeta/]: Constructing module Greener Grass...
[23Mar2025 01:55:53.597] [modloading-worker-0/INFO] [quark-zeta/]: Constructing module Hedges...
[23Mar2025 01:55:53.598] [modloading-worker-0/INFO] [quark-zeta/]: Constructing module Hoe Harvesting...
[23Mar2025 01:55:53.599] [modloading-worker-0/INFO] [quark-zeta/]: Constructing module Hollow Logs...
[23Mar2025 01:55:53.602] [modloading-worker-0/INFO] [quark-zeta/]: Constructing module Horses Swim...
[23Mar2025 01:55:53.602] [modloading-worker-0/INFO] [quark-zeta/]: Constructing module Hotbar Changer...
[23Mar2025 01:55:53.603] [modloading-worker-0/INFO] [quark-zeta/]: Constructing module Improved Sponges...
[23Mar2025 01:55:53.604] [modloading-worker-0/INFO] [quark-zeta/]: Constructing module Improved Tooltips...
[23Mar2025 01:55:53.606] [modloading-worker-0/INFO] [quark-zeta/]: Constructing module Industrial Palette...
[23Mar2025 01:55:53.610] [modloading-worker-0/INFO] [quark-zeta/]: Constructing module Inventory Sorting...
[23Mar2025 01:55:53.610] [modloading-worker-0/INFO] [quark-zeta/]: Constructing module Iron Rod...
[23Mar2025 01:55:53.620] [modloading-worker-0/INFO] [quark-zeta/]: Constructing module Item Sharing...
[23Mar2025 01:55:53.628] [modloading-worker-0/INFO] [quark-zeta/]: Constructing module Japanese Palette...
[23Mar2025 01:55:53.629] [modloading-worker-0/INFO] [quark-zeta/]: Constructing module Leaf Carpet...
[23Mar2025 01:55:53.632] [modloading-worker-0/INFO] [quark-zeta/]: Constructing module Lock Rotation...
[23Mar2025 01:55:53.633] [modloading-worker-0/INFO] [quark-zeta/]: Constructing module Long Range Pick Block...
[23Mar2025 01:55:53.636] [modloading-worker-0/INFO] [quark-zeta/]: Constructing module Magma Keeps Concrete Powder...
[23Mar2025 01:55:53.636] [modloading-worker-0/INFO] [quark-zeta/]: Constructing module Magnets...
[23Mar2025 01:55:53.640] [modloading-worker-0/ERROR] [zeta/]: Client event interface org.violetmoon.zeta.client.event.load.ZClientSetup was found in a non client only class!
[23Mar2025 01:55:53.643] [modloading-worker-0/INFO] [quark-zeta/]: Constructing module Map Washing...
[23Mar2025 01:55:53.644] [modloading-worker-0/INFO] [quark-zeta/]: Constructing module Matrix Enchanting...
[23Mar2025 01:55:53.659] [modloading-worker-0/ERROR] [zeta/]: Client event interface org.violetmoon.zeta.client.event.load.ZClientSetup was found in a non client only class!
[23Mar2025 01:55:53.660] [modloading-worker-0/INFO] [quark-zeta/]: Constructing module Metal Buttons...
[23Mar2025 01:55:53.663] [modloading-worker-0/INFO] [quark-zeta/]: Constructing module Microcrafting Helper...
[23Mar2025 01:55:53.666] [modloading-worker-0/INFO] [quark-zeta/]: Constructing module Midori...
[23Mar2025 01:55:53.667] [modloading-worker-0/INFO] [quark-zeta/]: Constructing module Monster Box...
[23Mar2025 01:55:53.667] [modloading-worker-0/INFO] [quark-zeta/]: Constructing module More Banner Layers...
[23Mar2025 01:55:53.667] [modloading-worker-0/INFO] [quark-zeta/]: Constructing module More Brick Types...
[23Mar2025 01:55:53.668] [modloading-worker-0/INFO] [quark-zeta/]: Constructing module More Mud Blocks...
[23Mar2025 01:55:53.668] [modloading-worker-0/INFO] [quark-zeta/]: Constructing module More Note Block Sounds...
[23Mar2025 01:55:53.669] [modloading-worker-0/INFO] [quark-zeta/]: Constructing module More Potted Plants...
[23Mar2025 01:55:53.678] [modloading-worker-0/ERROR] [zeta/]: Client event interface org.violetmoon.zeta.client.event.load.ZClientSetup was found in a non client only class!
[23Mar2025 01:55:53.678] [modloading-worker-0/INFO] [quark-zeta/]: Constructing module More Villagers...
[23Mar2025 01:55:53.678] [modloading-worker-0/INFO] [quark-zeta/]: Constructing module Narrator Readout...
[23Mar2025 01:55:53.679] [modloading-worker-0/INFO] [quark-zeta/]: Constructing module Nether Brick Fence Gate...
[23Mar2025 01:55:53.679] [modloading-worker-0/INFO] [quark-zeta/]: Constructing module Nether Obsidian Spikes...
[23Mar2025 01:55:53.680] [modloading-worker-0/INFO] [quark-zeta/]: Constructing module New Stone Types...
[23Mar2025 01:55:53.685] [modloading-worker-0/INFO] [quark-zeta/]: Constructing module No Durability On Cosmetics...
[23Mar2025 01:55:53.689] [modloading-worker-0/INFO] [quark-zeta/]: Constructing module No More Lava Pockets...
[23Mar2025 01:55:53.689] [modloading-worker-0/INFO] [quark-zeta/]: Constructing module Obsidian Plate...
[23Mar2025 01:55:53.690] [modloading-worker-0/INFO] [quark-zeta/]: Constructing module Overlay Shader...
[23Mar2025 01:55:53.690] [modloading-worker-0/INFO] [quark-zeta/]: Constructing module Parrot Eggs...
[23Mar2025 01:55:53.691] [modloading-worker-0/ERROR] [zeta/]: Client event interface org.violetmoon.zeta.client.event.load.ZClientSetup was found in a non client only class!
[23Mar2025 01:55:53.693] [modloading-worker-0/INFO] [quark-zeta/]: Constructing module Pat The Dogs...
[23Mar2025 01:55:53.696] [modloading-worker-0/INFO] [quark-zeta/]: Constructing module Pathfinder Maps...
[23Mar2025 01:55:53.700] [modloading-worker-0/INFO] [quark-zeta/]: Constructing module Permafrost...
[23Mar2025 01:55:53.702] [modloading-worker-0/INFO] [quark-zeta/]: Constructing module Petals On Water...
[23Mar2025 01:55:53.703] [modloading-worker-0/INFO] [quark-zeta/]: Constructing module Pickarang...
[23Mar2025 01:55:53.705] [modloading-worker-0/INFO] [quark-zeta/]: Constructing module Pig Litters...
[23Mar2025 01:55:53.708] [modloading-worker-0/INFO] [quark-zeta/]: Constructing module Pipes...
[23Mar2025 01:55:53.717] [modloading-worker-0/INFO] [quark-zeta/]: Constructing module Pistons Move Tile Entities...
[23Mar2025 01:55:53.718] [modloading-worker-0/INFO] [quark-zeta/]: Constructing module Poison Potato Usage...
[23Mar2025 01:55:53.722] [modloading-worker-0/INFO] [quark-zeta/]: Constructing module Quick Armor Swapping...
[23Mar2025 01:55:53.723] [modloading-worker-0/INFO] [quark-zeta/]: Constructing module Rainbow Lamps...
[23Mar2025 01:55:53.723] [modloading-worker-0/INFO] [quark-zeta/]: Constructing module Raw Metal Bricks...
[23Mar2025 01:55:53.723] [modloading-worker-0/INFO] [quark-zeta/]: Constructing module Reacharound Placing...
[23Mar2025 01:55:53.725] [modloading-worker-0/INFO] [quark-zeta/]: Constructing module Redstone Randomizer...
[23Mar2025 01:55:53.729] [modloading-worker-0/INFO] [quark-zeta/]: Constructing module Renewable Spore Blossoms...
[23Mar2025 01:55:53.731] [modloading-worker-0/INFO] [quark-zeta/]: Constructing module Replace Scaffolding...
[23Mar2025 01:55:53.731] [modloading-worker-0/INFO] [quark-zeta/]: Constructing module Rope...
[23Mar2025 01:55:53.735] [modloading-worker-0/INFO] [quark-zeta/]: Constructing module Safer Creatures...
[23Mar2025 01:55:53.736] [modloading-worker-0/INFO] [quark-zeta/]: Constructing module Seed Pouch...
[23Mar2025 01:55:53.744] [modloading-worker-0/INFO] [quark-zeta/]: Constructing module Shear Vines...
[23Mar2025 01:55:53.765] [modloading-worker-0/INFO] [quark-zeta/]: Constructing module Shiba...
[23Mar2025 01:55:53.766] [modloading-worker-0/ERROR] [zeta/]: Client event interface org.violetmoon.zeta.client.event.load.ZClientSetup was found in a non client only class!
[23Mar2025 01:55:53.768] [modloading-worker-0/INFO] [quark-zeta/]: Constructing module Shingles...
[23Mar2025 01:55:53.771] [modloading-worker-0/INFO] [quark-zeta/]: Constructing module Shulker Packing...
[23Mar2025 01:55:53.772] [modloading-worker-0/INFO] [quark-zeta/]: Constructing module Simple Harvest...
[23Mar2025 01:55:53.774] [modloading-worker-0/INFO] [quark-zeta/]: Constructing module Skull Pikes...
[23Mar2025 01:55:53.779] [modloading-worker-0/ERROR] [zeta/]: Client event interface org.violetmoon.zeta.client.event.load.ZClientSetup was found in a non client only class!
[23Mar2025 01:55:53.781] [modloading-worker-0/INFO] [quark-zeta/]: Constructing module Slabs To Blocks...
[23Mar2025 01:55:53.787] [modloading-worker-0/INFO] [quark-zeta/]: Constructing module Slime In A Bucket...
[23Mar2025 01:55:53.795] [modloading-worker-0/INFO] [quark-zeta/]: Constructing module Slimes To Magma Cubes...
[23Mar2025 01:55:53.798] [modloading-worker-0/INFO] [quark-zeta/]: Constructing module Snow Golem Player Heads...
[23Mar2025 01:55:53.802] [modloading-worker-0/INFO] [quark-zeta/]: Constructing module Soul Candles...
[23Mar2025 01:55:53.803] [modloading-worker-0/INFO] [quark-zeta/]: Constructing module Soul Sandstone...
[23Mar2025 01:55:53.806] [modloading-worker-0/INFO] [quark-zeta/]: Constructing module Spawner Replacer...
[23Mar2025 01:55:53.807] [modloading-worker-0/INFO] [quark-zeta/]: Constructing module Spiral Spires...
[23Mar2025 01:55:53.821] [modloading-worker-0/INFO] [quark-zeta/]: Constructing module Stonelings...
[23Mar2025 01:55:53.827] [modloading-worker-0/ERROR] [zeta/]: Client event interface org.violetmoon.zeta.client.event.load.ZClientSetup was found in a non client only class!
[23Mar2025 01:55:53.829] [modloading-worker-0/INFO] [quark-zeta/]: Constructing module Stools...
[23Mar2025 01:55:53.832] [modloading-worker-0/ERROR] [zeta/]: Client event interface org.violetmoon.zeta.client.event.load.ZClientSetup was found in a non client only class!
[23Mar2025 01:55:53.833] [modloading-worker-0/INFO] [quark-zeta/]: Constructing module Sturdy Stone...
[23Mar2025 01:55:53.897] [modloading-worker-0/INFO] [quark-zeta/]: Constructing module Thatch...
[23Mar2025 01:55:53.906] [modloading-worker-0/INFO] [quark-zeta/]: Constructing module Tiny Potato...
[23Mar2025 01:55:53.908] [modloading-worker-0/INFO] [quark-zeta/]: Constructing module Torch Arrow...
[23Mar2025 01:55:53.924] [modloading-worker-0/INFO] [quark-zeta/]: Constructing module Toretoise...
[23Mar2025 01:55:53.927] [modloading-worker-0/ERROR] [zeta/]: Client event interface org.violetmoon.zeta.client.event.load.ZClientSetup was found in a non client only class!
[23Mar2025 01:55:53.929] [modloading-worker-0/INFO] [quark-zeta/]: Constructing module Totem Of Holding...
[23Mar2025 01:55:53.936] [modloading-worker-0/INFO] [quark-zeta/]: Constructing module Trowel...
[23Mar2025 01:55:53.941] [modloading-worker-0/INFO] [quark-zeta/]: Constructing module Usage Ticker...
[23Mar2025 01:55:53.944] [modloading-worker-0/INFO] [quark-zeta/]: Constructing module Uses For Curses...
[23Mar2025 01:55:53.945] [modloading-worker-0/INFO] [quark-zeta/]: Constructing module Utility Recipes...
[23Mar2025 01:55:53.946] [modloading-worker-0/INFO] [quark-zeta/]: Constructing module Variant Animal Textures...
[23Mar2025 01:55:53.948] [modloading-worker-0/INFO] [quark-zeta/]: Constructing module Variant Bookshelves...
[23Mar2025 01:55:53.949] [modloading-worker-0/INFO] [quark-zeta/]: Constructing module Variant Chests...
[23Mar2025 01:55:53.990] [modloading-worker-0/INFO] [quark-zeta/]: Constructing module Variant Furnaces...
[23Mar2025 01:55:54.027] [modloading-worker-0/INFO] [quark-zeta/]: Constructing module Variant Ladders...
[23Mar2025 01:55:54.029] [modloading-worker-0/INFO] [quark-zeta/]: Constructing module Variant Selector...
[23Mar2025 01:55:54.037] [modloading-worker-0/INFO] [quark-zeta/]: Constructing module Vertical Planks...
[23Mar2025 01:55:54.037] [modloading-worker-0/INFO] [quark-zeta/]: Constructing module Vertical Slabs...
[23Mar2025 01:55:54.104] [modloading-worker-0/INFO] [quark-zeta/]: Constructing module Vexes Die With Their Masters...
[23Mar2025 01:55:54.109] [modloading-worker-0/INFO] [quark-zeta/]: Constructing module Villager Rerolling Rework...
[23Mar2025 01:55:54.111] [modloading-worker-0/INFO] [quark-zeta/]: Constructing module Villagers Follow Emeralds...
[23Mar2025 01:55:54.113] [modloading-worker-0/INFO] [quark-zeta/]: Constructing module Wooden Posts...
[23Mar2025 01:55:54.114] [modloading-worker-0/INFO] [quark-zeta/]: Constructing module Wool Shuts Up Minecarts...
[23Mar2025 01:55:54.115] [modloading-worker-0/INFO] [quark-zeta/]: Constructing module Wraith...
[23Mar2025 01:55:54.120] [modloading-worker-0/ERROR] [zeta/]: Client event interface org.violetmoon.zeta.client.event.load.ZClientSetup was found in a non client only class!
[23Mar2025 01:55:54.122] [modloading-worker-0/INFO] [quark-zeta/]: Constructing module Zombie Villagers On Normal...
[23Mar2025 01:55:54.124] [modloading-worker-0/INFO] [quark-zeta/]: Constructing module More Stone Variants...
[23Mar2025 01:55:54.126] [modloading-worker-0/INFO] [quark-zeta/]: Constructed 164 modules.
[23Mar2025 01:55:55.887] [main/WARN] [net.minecraftforge.registries.ForgeRegistry/REGISTRIES]: Registry minecraft:sound_event: The object net.minecraft.sounds.SoundEvent@2e27c2b2 has been registered twice for the same name treechop:chop_wood.
[23Mar2025 01:56:05.065] [main/WARN] [Moonlight/]: Failed to find custom wood type biomesoplenty:red_maple
[23Mar2025 01:56:05.067] [main/WARN] [Moonlight/]: Failed to find custom wood type biomesoplenty:orange_maple
[23Mar2025 01:56:05.067] [main/WARN] [Moonlight/]: Failed to find custom wood type biomesoplenty:yellow_maple
[23Mar2025 01:56:05.089] [main/INFO] [Moonlight/]: Initialized block sets in 43ms
[23Mar2025 01:56:07.541] [main/WARN] [net.minecraft.network.syncher.SynchedEntityData/]: defineId called for: class com.modderg.tameablebeasts.server.entity.TBAnimal from interface com.modderg.tameablebeasts.server.entity.TBRideable
[23Mar2025 01:56:07.542] [main/WARN] [net.minecraft.network.syncher.SynchedEntityData/]: defineId called for: class com.modderg.tameablebeasts.server.entity.TBAnimal from class com.modderg.tameablebeasts.server.entity.custom.GroundBeetleEntity
[23Mar2025 01:56:07.551] [main/WARN] [net.minecraft.network.syncher.SynchedEntityData/]: defineId called for: class net.mcreator.borninchaosv.entity.BabySpiderEntity from class net.mcreator.borninchaosv.entity.MotherSpiderEntity
[23Mar2025 01:56:07.561] [main/WARN] [net.minecraft.network.syncher.SynchedEntityData/]: defineId called for: class com.github.alexmodguy.alexscaves.server.entity.living.TremorzillaEntity from class com.github.alexmodguy.alexscaves.server.entity.living.LicowitchEntity
[23Mar2025 01:56:07.601] [main/WARN] [net.minecraftforge.common.ForgeConfigSpec/CORE]: Configuration file /workspaces/insano/servidor_minecraft/config/guardvillagers-common.toml is not correct. Correcting
[23Mar2025 01:56:07.850] [main/INFO] [zeta/]: 'zeta' is enabling Zeta's piston structure resolver.
[23Mar2025 01:56:08.087] [Forge Version Check/INFO] [net.minecraftforge.fml.VersionChecker/]: [create_jetpack] Starting version check at https://api.modrinth.com/updates/create-jetpack/forge_updates.json
[23Mar2025 01:56:08.130] [modloading-worker-0/INFO] [studio.lunareclipse.watching.Init/]: From The Fog Loaded Successfully!
[23Mar2025 01:56:08.217] [Forge Version Check/INFO] [net.minecraftforge.fml.VersionChecker/]: [create_jetpack] Found status: UP_TO_DATE Current: 4.4.0 Target: null
[23Mar2025 01:56:08.217] [Forge Version Check/INFO] [net.minecraftforge.fml.VersionChecker/]: [guardvillagers] Starting version check at https://raw.githubusercontent.com/seymourimadeit/guardvillagers/master/update.json
[23Mar2025 01:56:08.259] [Forge Version Check/INFO] [net.minecraftforge.fml.VersionChecker/]: [guardvillagers] Found status: BETA Current: 1.20.1-1.6.10 Target: 1.20-1.6.5
[23Mar2025 01:56:08.260] [Forge Version Check/INFO] [net.minecraftforge.fml.VersionChecker/]: [ctov] Starting version check at https://api.modrinth.com/updates/fgmhI8kH/forge_updates.json
[23Mar2025 01:56:08.270] [main/INFO] [ribbits/]: Registering Ribbit umbrella types...
[23Mar2025 01:56:08.271] [main/INFO] [ribbits/]: Registering Ribbit professions...
[23Mar2025 01:56:08.271] [main/INFO] [ribbits/]: Registering Ribbit instruments...
[23Mar2025 01:56:08.273] [main/INFO] [ribbits/]: Registering Ribbit data serializers...
[23Mar2025 01:56:08.296] [Forge Version Check/INFO] [net.minecraftforge.fml.VersionChecker/]: [ctov] Found status: UP_TO_DATE Current: 3.4.12 Target: null
[23Mar2025 01:56:08.296] [Forge Version Check/INFO] [net.minecraftforge.fml.VersionChecker/]: [twilightforest] Starting version check at https://gh.tamaized.com/TeamTwilight/twilightforest/update.json
[23Mar2025 01:56:08.385] [main/INFO] [terrablender/]: Registered region minecraft:overworld to index 0 for type OVERWORLD
[23Mar2025 01:56:08.385] [main/INFO] [terrablender/]: Registered region minecraft:nether to index 0 for type NETHER
[23Mar2025 01:56:08.385] [main/INFO] [terrablender/]: Registered region biomesoplenty:overworld_primary to index 1 for type OVERWORLD
[23Mar2025 01:56:08.385] [main/INFO] [terrablender/]: Registered region biomesoplenty:overworld_secondary to index 2 for type OVERWORLD
[23Mar2025 01:56:08.385] [main/INFO] [terrablender/]: Registered region biomesoplenty:overworld_rare to index 3 for type OVERWORLD
[23Mar2025 01:56:08.386] [main/INFO] [terrablender/]: Registered region biomesoplenty:nether_common to index 1 for type NETHER
[23Mar2025 01:56:08.386] [main/INFO] [terrablender/]: Registered region biomesoplenty:nether_rare to index 2 for type NETHER
[23Mar2025 01:56:08.461] [main/INFO] [Moonlight/]: Initialized color sets in 59ms
[23Mar2025 01:56:08.464] [Forge Version Check/INFO] [net.minecraftforge.fml.VersionChecker/]: [twilightforest] Found status: AHEAD Current: 4.3.2508 Target: null
[23Mar2025 01:56:08.464] [Forge Version Check/INFO] [net.minecraftforge.fml.VersionChecker/]: [witherstormmod] Starting version check at https://raw.githubusercontent.com/nonamecrackers2/cwsm-update-info/main/update_checker.json
[23Mar2025 01:56:08.476] [Forge Version Check/INFO] [net.minecraftforge.fml.VersionChecker/]: [witherstormmod] Found status: UP_TO_DATE Current: 4.2.1 Target: null
[23Mar2025 01:56:08.476] [Forge Version Check/INFO] [net.minecraftforge.fml.VersionChecker/]: [tombstone] Starting version check at https://raw.githubusercontent.com/Corail31/tombstone_lite/master/update.json
[23Mar2025 01:56:08.493] [Forge Version Check/INFO] [net.minecraftforge.fml.VersionChecker/]: [tombstone] Found status: UP_TO_DATE Current: 8.9.2 Target: null
[23Mar2025 01:56:08.494] [Forge Version Check/INFO] [net.minecraftforge.fml.VersionChecker/]: [mr_limesplatus_ending] Starting version check at https://api.modrinth.com/updates/MCnBYP0b/forge_updates.json
[23Mar2025 01:56:08.532] [Forge Version Check/INFO] [net.minecraftforge.fml.VersionChecker/]: [mr_limesplatus_ending] Found status: OUTDATED Current: 1-v1.1.0c Target: 1.1.0c+mod
[23Mar2025 01:56:08.532] [Forge Version Check/INFO] [net.minecraftforge.fml.VersionChecker/]: [framework] Starting version check at https://mrcrayfish.com/modupdatejson?id=framework
[23Mar2025 01:56:08.566] [main/INFO] [terrablender/]: Registered region quark:biome_provider to index 4 for type OVERWORLD
[23Mar2025 01:56:08.620] [main/INFO] [Supplementaries/]: Finished mod setup in: [25, 4, 0, 1, 0, 0, 11, 8, 1] ms
[23Mar2025 01:56:08.686] [modloading-worker-0/INFO] [customvillagertrades/]: CVT MESSAGE: Loading CVT global config
[23Mar2025 01:56:08.691] [modloading-worker-0/INFO] [customvillagertrades/]: CVT MESSAGE: Loading custom villager trades from file: armorer.json
[23Mar2025 01:56:08.722] [modloading-worker-0/INFO] [customvillagertrades/]: CVT MESSAGE: Loading custom villager trades from file: cleric.json
[23Mar2025 01:56:08.726] [modloading-worker-0/INFO] [customvillagertrades/]: CVT MESSAGE: Loading custom villager trades from file: farmer.json
[23Mar2025 01:56:08.748] [modloading-worker-0/INFO] [Jade/]: Start loading plugin at ht.treechop.compat.Jade
[23Mar2025 01:56:08.755] [modloading-worker-0/INFO] [Jade/]: Start loading plugin at net.blay09.mods.balm.forge.compat.hudinfo.ForgeJadeModCompat
[23Mar2025 01:56:08.756] [modloading-worker-0/INFO] [Jade/]: Start loading plugin at twilightforest.compat.jade.JadeCompat
[23Mar2025 01:56:08.756] [modloading-worker-0/INFO] [Jade/]: Start loading plugin at ovh.corail.tombstone.compatibility.IntegrationJade
[23Mar2025 01:56:08.757] [modloading-worker-0/INFO] [Jade/]: Start loading plugin at net.blay09.mods.waystones.compat.JadeIntegration
[23Mar2025 01:56:08.758] [modloading-worker-0/INFO] [Jade/]: Start loading plugin at snownee.jade.addon.vanilla.VanillaPlugin
[23Mar2025 01:56:08.769] [modloading-worker-0/INFO] [Jade/]: Start loading plugin at snownee.jade.addon.universal.UniversalPlugin
[23Mar2025 01:56:08.773] [modloading-worker-0/INFO] [Jade/]: Start loading plugin at snownee.jade.addon.core.CorePlugin
[23Mar2025 01:56:08.774] [modloading-worker-0/INFO] [Jade/]: Start loading plugin at net.geforcemods.securitycraft.compat.hudmods.JadeDataProvider
[23Mar2025 01:56:08.776] [modloading-worker-0/INFO] [Jade/]: Start loading plugin at net.mehvahdjukaar.supplementaries.integration.JadeCompat
[23Mar2025 01:56:08.893] [main/ERROR] [net.minecraft.Util/]: Entity illageandspillage:bone has no attributes
[23Mar2025 01:56:08.893] [main/ERROR] [net.minecraft.Util/]: Entity illageandspillage:axe has no attributes
[23Mar2025 01:56:08.894] [main/ERROR] [net.minecraft.Util/]: Entity illageandspillage:bone has no attributes
[23Mar2025 01:56:08.894] [main/ERROR] [net.minecraft.Util/]: Entity illageandspillage:axe has no attributes
[23Mar2025 01:56:08.894] [main/ERROR] [net.minecraft.Util/]: Entity illageandspillage:bone has no attributes
[23Mar2025 01:56:08.895] [main/ERROR] [net.minecraft.Util/]: Entity illageandspillage:axe has no attributes
[23Mar2025 01:56:08.896] [main/ERROR] [net.minecraft.Util/]: Entity illageandspillage:bone has no attributes
[23Mar2025 01:56:08.896] [main/ERROR] [net.minecraft.Util/]: Entity illageandspillage:axe has no attributes
[23Mar2025 01:56:08.897] [main/ERROR] [net.minecraft.Util/]: Entity illageandspillage:bone has no attributes
[23Mar2025 01:56:08.897] [main/ERROR] [net.minecraft.Util/]: Entity illageandspillage:axe has no attributes
[23Mar2025 01:56:08.898] [main/ERROR] [net.minecraft.Util/]: Entity illageandspillage:bone has no attributes
[23Mar2025 01:56:08.898] [main/ERROR] [net.minecraft.Util/]: Entity illageandspillage:axe has no attributes
[23Mar2025 01:56:08.898] [main/ERROR] [net.minecraft.Util/]: Entity illageandspillage:bone has no attributes
[23Mar2025 01:56:08.899] [main/ERROR] [net.minecraft.Util/]: Entity illageandspillage:axe has no attributes
[23Mar2025 01:56:08.899] [main/ERROR] [net.minecraft.Util/]: Entity illageandspillage:bone has no attributes
[23Mar2025 01:56:08.899] [main/ERROR] [net.minecraft.Util/]: Entity illageandspillage:axe has no attributes
[23Mar2025 01:56:08.900] [main/ERROR] [net.minecraft.Util/]: Entity illageandspillage:bone has no attributes
[23Mar2025 01:56:08.900] [main/ERROR] [net.minecraft.Util/]: Entity illageandspillage:axe has no attributes
[23Mar2025 01:56:08.901] [main/ERROR] [net.minecraft.Util/]: Entity illageandspillage:bone has no attributes
[23Mar2025 01:56:08.901] [main/ERROR] [net.minecraft.Util/]: Entity illageandspillage:axe has no attributes
[23Mar2025 01:56:08.901] [main/ERROR] [net.minecraft.Util/]: Entity illageandspillage:bone has no attributes
[23Mar2025 01:56:08.902] [main/ERROR] [net.minecraft.Util/]: Entity illageandspillage:axe has no attributes
[23Mar2025 01:56:08.902] [main/ERROR] [net.minecraft.Util/]: Entity illageandspillage:bone has no attributes
[23Mar2025 01:56:08.902] [main/ERROR] [net.minecraft.Util/]: Entity illageandspillage:axe has no attributes
[23Mar2025 01:56:08.902] [main/ERROR] [net.minecraft.Util/]: Entity illageandspillage:bone has no attributes
[23Mar2025 01:56:08.902] [main/ERROR] [net.minecraft.Util/]: Entity illageandspillage:axe has no attributes
[23Mar2025 01:56:08.902] [main/ERROR] [net.minecraft.Util/]: Entity illageandspillage:bone has no attributes
[23Mar2025 01:56:08.902] [main/ERROR] [net.minecraft.Util/]: Entity illageandspillage:axe has no attributes
[23Mar2025 01:56:08.904] [main/ERROR] [net.minecraft.Util/]: Entity illageandspillage:bone has no attributes
[23Mar2025 01:56:08.904] [main/ERROR] [net.minecraft.Util/]: Entity illageandspillage:axe has no attributes
[23Mar2025 01:56:08.904] [main/ERROR] [net.minecraft.Util/]: Entity illageandspillage:bone has no attributes
[23Mar2025 01:56:08.904] [main/ERROR] [net.minecraft.Util/]: Entity illageandspillage:axe has no attributes
[23Mar2025 01:56:08.905] [main/ERROR] [net.minecraft.Util/]: Entity illageandspillage:bone has no attributes
[23Mar2025 01:56:08.905] [main/ERROR] [net.minecraft.Util/]: Entity illageandspillage:axe has no attributes
[23Mar2025 01:56:08.905] [main/ERROR] [net.minecraft.Util/]: Entity illageandspillage:bone has no attributes
[23Mar2025 01:56:08.906] [main/ERROR] [net.minecraft.Util/]: Entity illageandspillage:axe has no attributes
[23Mar2025 01:56:08.906] [main/ERROR] [net.minecraft.Util/]: Entity illageandspillage:bone has no attributes
[23Mar2025 01:56:08.907] [main/ERROR] [net.minecraft.Util/]: Entity illageandspillage:axe has no attributes
[23Mar2025 01:56:08.908] [main/ERROR] [net.minecraft.Util/]: Entity illageandspillage:bone has no attributes
[23Mar2025 01:56:08.908] [main/ERROR] [net.minecraft.Util/]: Entity illageandspillage:axe has no attributes
[23Mar2025 01:56:08.909] [main/ERROR] [net.minecraft.Util/]: Entity illageandspillage:bone has no attributes
[23Mar2025 01:56:08.909] [main/ERROR] [net.minecraft.Util/]: Entity illageandspillage:axe has no attributes
[23Mar2025 01:56:08.910] [main/ERROR] [net.minecraft.Util/]: Entity illageandspillage:bone has no attributes
[23Mar2025 01:56:08.910] [main/ERROR] [net.minecraft.Util/]: Entity illageandspillage:axe has no attributes
[23Mar2025 01:56:08.910] [main/ERROR] [net.minecraft.Util/]: Entity illageandspillage:bone has no attributes
[23Mar2025 01:56:08.911] [main/ERROR] [net.minecraft.Util/]: Entity illageandspillage:axe has no attributes
[23Mar2025 01:56:08.911] [main/ERROR] [net.minecraft.Util/]: Entity illageandspillage:bone has no attributes
[23Mar2025 01:56:08.911] [main/ERROR] [net.minecraft.Util/]: Entity illageandspillage:axe has no attributes
[23Mar2025 01:56:08.912] [main/ERROR] [net.minecraft.Util/]: Entity illageandspillage:bone has no attributes
[23Mar2025 01:56:08.912] [main/ERROR] [net.minecraft.Util/]: Entity illageandspillage:axe has no attributes
[23Mar2025 01:56:08.912] [main/ERROR] [net.minecraft.Util/]: Entity illageandspillage:bone has no attributes
[23Mar2025 01:56:08.912] [main/ERROR] [net.minecraft.Util/]: Entity illageandspillage:axe has no attributes
[23Mar2025 01:56:08.913] [main/ERROR] [net.minecraft.Util/]: Entity illageandspillage:bone has no attributes
[23Mar2025 01:56:08.913] [main/ERROR] [net.minecraft.Util/]: Entity illageandspillage:axe has no attributes
[23Mar2025 01:56:08.913] [main/ERROR] [net.minecraft.Util/]: Entity illageandspillage:bone has no attributes
[23Mar2025 01:56:08.914] [main/ERROR] [net.minecraft.Util/]: Entity illageandspillage:axe has no attributes
[23Mar2025 01:56:08.914] [main/ERROR] [net.minecraft.Util/]: Entity illageandspillage:bone has no attributes
[23Mar2025 01:56:08.914] [main/ERROR] [net.minecraft.Util/]: Entity illageandspillage:axe has no attributes
[23Mar2025 01:56:08.915] [main/ERROR] [net.minecraft.Util/]: Entity illageandspillage:bone has no attributes
[23Mar2025 01:56:08.915] [main/ERROR] [net.minecraft.Util/]: Entity illageandspillage:axe has no attributes
[23Mar2025 01:56:08.915] [main/ERROR] [net.minecraft.Util/]: Entity illageandspillage:bone has no attributes
[23Mar2025 01:56:08.915] [main/ERROR] [net.minecraft.Util/]: Entity illageandspillage:axe has no attributes
[23Mar2025 01:56:08.916] [main/ERROR] [net.minecraft.Util/]: Entity illageandspillage:bone has no attributes
[23Mar2025 01:56:08.916] [main/ERROR] [net.minecraft.Util/]: Entity illageandspillage:axe has no attributes
[23Mar2025 01:56:08.916] [main/ERROR] [net.minecraft.Util/]: Entity illageandspillage:bone has no attributes
[23Mar2025 01:56:08.917] [main/ERROR] [net.minecraft.Util/]: Entity illageandspillage:axe has no attributes
[23Mar2025 01:56:08.918] [main/ERROR] [net.minecraft.Util/]: Entity illageandspillage:bone has no attributes
[23Mar2025 01:56:08.918] [main/ERROR] [net.minecraft.Util/]: Entity illageandspillage:axe has no attributes
[23Mar2025 01:56:08.919] [main/ERROR] [net.minecraft.Util/]: Entity illageandspillage:bone has no attributes
[23Mar2025 01:56:08.919] [main/ERROR] [net.minecraft.Util/]: Entity illageandspillage:axe has no attributes
[23Mar2025 01:56:09.394] [Forge Version Check/INFO] [net.minecraftforge.fml.VersionChecker/]: [framework] Found status: BETA Current: 0.7.12 Target: 0.7.12
[23Mar2025 01:56:09.395] [Forge Version Check/INFO] [net.minecraftforge.fml.VersionChecker/]: [goblintraders] Starting version check at https://mrcrayfish.com/modupdatejson?id=goblintraders
[23Mar2025 01:56:10.019] [Forge Version Check/INFO] [net.minecraftforge.fml.VersionChecker/]: [goblintraders] Found status: BETA Current: 1.9.3 Target: 1.9.3
[23Mar2025 01:56:10.019] [Forge Version Check/INFO] [net.minecraftforge.fml.VersionChecker/]: [obscure_api] Starting version check at https://raw.githubusercontent.com/ObscuriaLithium/Home/main/obscure_api/versions.json
[23Mar2025 01:56:10.029] [Forge Version Check/WARN] [net.minecraftforge.fml.VersionChecker/]: Failed to process update information
com.google.gson.JsonSyntaxException: java.lang.IllegalStateException: Expected BEGIN_OBJECT but was NUMBER at line 1 column 4 path $
	at com.google.gson.Gson.fromJson(Gson.java:1226) ~[gson-2.10.jar%2372!/:?]
	at com.google.gson.Gson.fromJson(Gson.java:1124) ~[gson-2.10.jar%2372!/:?]
	at com.google.gson.Gson.fromJson(Gson.java:1034) ~[gson-2.10.jar%2372!/:?]
	at com.google.gson.Gson.fromJson(Gson.java:969) ~[gson-2.10.jar%2372!/:?]
	at net.minecraftforge.fml.VersionChecker$1.process(VersionChecker.java:183) ~[fmlcore-1.20.1-47.3.7.jar%23284!/:?]
	at java.lang.Iterable.forEach(Iterable.java:75) ~[?:?]
	at net.minecraftforge.fml.VersionChecker$1.run(VersionChecker.java:114) ~[fmlcore-1.20.1-47.3.7.jar%23284!/:?]
Caused by: java.lang.IllegalStateException: Expected BEGIN_OBJECT but was NUMBER at line 1 column 4 path $
	at com.google.gson.stream.JsonReader.beginObject(JsonReader.java:393) ~[gson-2.10.jar%2372!/:?]
	at com.google.gson.internal.bind.MapTypeAdapterFactory$Adapter.read(MapTypeAdapterFactory.java:182) ~[gson-2.10.jar%2372!/:?]
	at com.google.gson.internal.bind.MapTypeAdapterFactory$Adapter.read(MapTypeAdapterFactory.java:144) ~[gson-2.10.jar%2372!/:?]
	at com.google.gson.Gson.fromJson(Gson.java:1214) ~[gson-2.10.jar%2372!/:?]
	... 6 more
[23Mar2025 01:56:10.031] [Forge Version Check/INFO] [net.minecraftforge.fml.VersionChecker/]: [clumps] Starting version check at https://updates.blamejared.com/get?n=clumps&gv=1.20.1
[23Mar2025 01:56:10.402] [Forge Version Check/INFO] [net.minecraftforge.fml.VersionChecker/]: [clumps] Found status: BETA Current: 12.0.0.4 Target: 12.0.0.4
[23Mar2025 01:56:10.402] [Forge Version Check/INFO] [net.minecraftforge.fml.VersionChecker/]: [forge] Starting version check at https://files.minecraftforge.net/net/minecraftforge/forge/promotions_slim.json
[23Mar2025 01:56:10.649] [Forge Version Check/INFO] [net.minecraftforge.fml.VersionChecker/]: [forge] Found status: OUTDATED Current: 47.3.7 Target: 47.4.0
[23Mar2025 01:56:10.649] [Forge Version Check/INFO] [net.minecraftforge.fml.VersionChecker/]: [moonlight] Starting version check at https://raw.githubusercontent.com/MehVahdJukaar/Moonlight/multi-loader/forge/update.json
[23Mar2025 01:56:10.661] [Forge Version Check/INFO] [net.minecraftforge.fml.VersionChecker/]: [moonlight] Found status: BETA Current: 1.20-2.13.71 Target: null
[23Mar2025 01:56:10.661] [Forge Version Check/INFO] [net.minecraftforge.fml.VersionChecker/]: [securitycraft] Starting version check at https://www.github.com/Geforce132/SecurityCraft/raw/master/Updates/Forge.json
[23Mar2025 01:56:10.846] [Forge Version Check/INFO] [net.minecraftforge.fml.VersionChecker/]: [securitycraft] Found status: UP_TO_DATE Current: 1.9.12 Target: null
[23Mar2025 01:56:10.846] [Forge Version Check/INFO] [net.minecraftforge.fml.VersionChecker/]: [supplementaries] Starting version check at https://raw.githubusercontent.com/MehVahdJukaar/Supplementaries/1.20/forge/update.json
[23Mar2025 01:56:10.860] [Forge Version Check/INFO] [net.minecraftforge.fml.VersionChecker/]: [supplementaries] Found status: BETA Current: 1.20-3.1.20 Target: null
[23Mar2025 01:56:10.860] [Forge Version Check/INFO] [net.minecraftforge.fml.VersionChecker/]: [aquamirae] Starting version check at https://raw.githubusercontent.com/ObscuriaLithium/Home/main/aquamirae/versions.json
[23Mar2025 01:56:10.872] [Forge Version Check/WARN] [net.minecraftforge.fml.VersionChecker/]: Failed to process update information
com.google.gson.JsonSyntaxException: java.lang.IllegalStateException: Expected BEGIN_OBJECT but was NUMBER at line 1 column 4 path $
	at com.google.gson.Gson.fromJson(Gson.java:1226) ~[gson-2.10.jar%2372!/:?]
	at com.google.gson.Gson.fromJson(Gson.java:1124) ~[gson-2.10.jar%2372!/:?]
	at com.google.gson.Gson.fromJson(Gson.java:1034) ~[gson-2.10.jar%2372!/:?]
	at com.google.gson.Gson.fromJson(Gson.java:969) ~[gson-2.10.jar%2372!/:?]
	at net.minecraftforge.fml.VersionChecker$1.process(VersionChecker.java:183) ~[fmlcore-1.20.1-47.3.7.jar%23284!/:?]
	at java.lang.Iterable.forEach(Iterable.java:75) ~[?:?]
	at net.minecraftforge.fml.VersionChecker$1.run(VersionChecker.java:114) ~[fmlcore-1.20.1-47.3.7.jar%23284!/:?]
Caused by: java.lang.IllegalStateException: Expected BEGIN_OBJECT but was NUMBER at line 1 column 4 path $
	at com.google.gson.stream.JsonReader.beginObject(JsonReader.java:393) ~[gson-2.10.jar%2372!/:?]
	at com.google.gson.internal.bind.MapTypeAdapterFactory$Adapter.read(MapTypeAdapterFactory.java:182) ~[gson-2.10.jar%2372!/:?]
	at com.google.gson.internal.bind.MapTypeAdapterFactory$Adapter.read(MapTypeAdapterFactory.java:144) ~[gson-2.10.jar%2372!/:?]
	at com.google.gson.Gson.fromJson(Gson.java:1214) ~[gson-2.10.jar%2372!/:?]
	... 6 more
[23Mar2025 01:56:10.874] [Forge Version Check/INFO] [net.minecraftforge.fml.VersionChecker/]: [ad_astra] Starting version check at https://api.modrinth.com/updates/3ufwT9JF/forge_updates.json
[23Mar2025 01:56:10.907] [Forge Version Check/INFO] [net.minecraftforge.fml.VersionChecker/]: [ad_astra] Found status: UP_TO_DATE Current: 1.15.20 Target: null
[23Mar2025 01:56:20.168] [main/INFO] [com.mojang.authlib.yggdrasil.YggdrasilAuthenticationService/]: Environment: authHost='https://authserver.mojang.com', accountsHost='https://api.mojang.com', sessionHost='https://sessionserver.mojang.com', servicesHost='https://api.minecraftservices.com', name='PROD'
[23Mar2025 01:56:20.454] [main/ERROR] [net.minecraft.Util/]: Entity illageandspillage:bone has no attributes
[23Mar2025 01:56:20.454] [main/ERROR] [net.minecraft.Util/]: Entity illageandspillage:axe has no attributes
[23Mar2025 01:56:20.454] [main/ERROR] [net.minecraft.Util/]: Entity illageandspillage:bone has no attributes
[23Mar2025 01:56:20.454] [main/ERROR] [net.minecraft.Util/]: Entity illageandspillage:axe has no attributes
[23Mar2025 01:56:20.455] [main/ERROR] [net.minecraft.Util/]: Entity illageandspillage:bone has no attributes
[23Mar2025 01:56:20.455] [main/ERROR] [net.minecraft.Util/]: Entity illageandspillage:axe has no attributes
[23Mar2025 01:56:20.455] [main/ERROR] [net.minecraft.Util/]: Entity illageandspillage:bone has no attributes
[23Mar2025 01:56:20.455] [main/ERROR] [net.minecraft.Util/]: Entity illageandspillage:axe has no attributes
[23Mar2025 01:56:20.455] [main/ERROR] [net.minecraft.Util/]: Entity illageandspillage:bone has no attributes
[23Mar2025 01:56:20.455] [main/ERROR] [net.minecraft.Util/]: Entity illageandspillage:axe has no attributes
[23Mar2025 01:56:20.455] [main/ERROR] [net.minecraft.Util/]: Entity illageandspillage:bone has no attributes
[23Mar2025 01:56:20.455] [main/ERROR] [net.minecraft.Util/]: Entity illageandspillage:axe has no attributes
[23Mar2025 01:56:20.456] [main/ERROR] [net.minecraft.Util/]: Entity illageandspillage:bone has no attributes
[23Mar2025 01:56:20.456] [main/ERROR] [net.minecraft.Util/]: Entity illageandspillage:axe has no attributes
[23Mar2025 01:56:20.456] [main/ERROR] [net.minecraft.Util/]: Entity illageandspillage:bone has no attributes
[23Mar2025 01:56:20.456] [main/ERROR] [net.minecraft.Util/]: Entity illageandspillage:axe has no attributes
[23Mar2025 01:56:20.456] [main/ERROR] [net.minecraft.Util/]: Entity illageandspillage:bone has no attributes
[23Mar2025 01:56:20.456] [main/ERROR] [net.minecraft.Util/]: Entity illageandspillage:axe has no attributes
[23Mar2025 01:56:20.456] [main/ERROR] [net.minecraft.Util/]: Entity illageandspillage:bone has no attributes
[23Mar2025 01:56:20.456] [main/ERROR] [net.minecraft.Util/]: Entity illageandspillage:axe has no attributes
[23Mar2025 01:56:20.457] [main/ERROR] [net.minecraft.Util/]: Entity illageandspillage:bone has no attributes
[23Mar2025 01:56:20.457] [main/ERROR] [net.minecraft.Util/]: Entity illageandspillage:axe has no attributes
[23Mar2025 01:56:20.457] [main/ERROR] [net.minecraft.Util/]: Entity illageandspillage:bone has no attributes
[23Mar2025 01:56:20.457] [main/ERROR] [net.minecraft.Util/]: Entity illageandspillage:axe has no attributes
[23Mar2025 01:56:20.457] [main/ERROR] [net.minecraft.Util/]: Entity illageandspillage:bone has no attributes
[23Mar2025 01:56:20.457] [main/ERROR] [net.minecraft.Util/]: Entity illageandspillage:axe has no attributes
[23Mar2025 01:56:20.457] [main/ERROR] [net.minecraft.Util/]: Entity illageandspillage:bone has no attributes
[23Mar2025 01:56:20.457] [main/ERROR] [net.minecraft.Util/]: Entity illageandspillage:axe has no attributes
[23Mar2025 01:56:20.458] [main/ERROR] [net.minecraft.Util/]: Entity illageandspillage:bone has no attributes
[23Mar2025 01:56:20.458] [main/ERROR] [net.minecraft.Util/]: Entity illageandspillage:axe has no attributes
[23Mar2025 01:56:20.458] [main/ERROR] [net.minecraft.Util/]: Entity illageandspillage:bone has no attributes
[23Mar2025 01:56:20.458] [main/ERROR] [net.minecraft.Util/]: Entity illageandspillage:axe has no attributes
[23Mar2025 01:56:20.458] [main/ERROR] [net.minecraft.Util/]: Entity illageandspillage:bone has no attributes
[23Mar2025 01:56:20.458] [main/ERROR] [net.minecraft.Util/]: Entity illageandspillage:axe has no attributes
[23Mar2025 01:56:20.458] [main/ERROR] [net.minecraft.Util/]: Entity illageandspillage:bone has no attributes
[23Mar2025 01:56:20.458] [main/ERROR] [net.minecraft.Util/]: Entity illageandspillage:axe has no attributes
[23Mar2025 01:56:20.458] [main/ERROR] [net.minecraft.Util/]: Entity illageandspillage:bone has no attributes
[23Mar2025 01:56:20.459] [main/ERROR] [net.minecraft.Util/]: Entity illageandspillage:axe has no attributes
[23Mar2025 01:56:20.459] [main/ERROR] [net.minecraft.Util/]: Entity illageandspillage:bone has no attributes
[23Mar2025 01:56:20.459] [main/ERROR] [net.minecraft.Util/]: Entity illageandspillage:axe has no attributes
[23Mar2025 01:56:20.459] [main/ERROR] [net.minecraft.Util/]: Entity illageandspillage:bone has no attributes
[23Mar2025 01:56:20.459] [main/ERROR] [net.minecraft.Util/]: Entity illageandspillage:axe has no attributes
[23Mar2025 01:56:20.459] [main/ERROR] [net.minecraft.Util/]: Entity illageandspillage:bone has no attributes
[23Mar2025 01:56:20.459] [main/ERROR] [net.minecraft.Util/]: Entity illageandspillage:axe has no attributes
[23Mar2025 01:56:20.459] [main/ERROR] [net.minecraft.Util/]: Entity illageandspillage:bone has no attributes
[23Mar2025 01:56:20.460] [main/ERROR] [net.minecraft.Util/]: Entity illageandspillage:axe has no attributes
[23Mar2025 01:56:20.460] [main/ERROR] [net.minecraft.Util/]: Entity illageandspillage:bone has no attributes
[23Mar2025 01:56:20.460] [main/ERROR] [net.minecraft.Util/]: Entity illageandspillage:axe has no attributes
[23Mar2025 01:56:20.460] [main/ERROR] [net.minecraft.Util/]: Entity illageandspillage:bone has no attributes
[23Mar2025 01:56:20.460] [main/ERROR] [net.minecraft.Util/]: Entity illageandspillage:axe has no attributes
[23Mar2025 01:56:20.460] [main/ERROR] [net.minecraft.Util/]: Entity illageandspillage:bone has no attributes
[23Mar2025 01:56:20.460] [main/ERROR] [net.minecraft.Util/]: Entity illageandspillage:axe has no attributes
[23Mar2025 01:56:20.460] [main/ERROR] [net.minecraft.Util/]: Entity illageandspillage:bone has no attributes
[23Mar2025 01:56:20.460] [main/ERROR] [net.minecraft.Util/]: Entity illageandspillage:axe has no attributes
[23Mar2025 01:56:20.461] [main/ERROR] [net.minecraft.Util/]: Entity illageandspillage:bone has no attributes
[23Mar2025 01:56:20.461] [main/ERROR] [net.minecraft.Util/]: Entity illageandspillage:axe has no attributes
[23Mar2025 01:56:20.461] [main/ERROR] [net.minecraft.Util/]: Entity illageandspillage:bone has no attributes
[23Mar2025 01:56:20.461] [main/ERROR] [net.minecraft.Util/]: Entity illageandspillage:axe has no attributes
[23Mar2025 01:56:20.461] [main/ERROR] [net.minecraft.Util/]: Entity illageandspillage:bone has no attributes
[23Mar2025 01:56:20.461] [main/ERROR] [net.minecraft.Util/]: Entity illageandspillage:axe has no attributes
[23Mar2025 01:56:20.461] [main/ERROR] [net.minecraft.Util/]: Entity illageandspillage:bone has no attributes
[23Mar2025 01:56:20.461] [main/ERROR] [net.minecraft.Util/]: Entity illageandspillage:axe has no attributes
[23Mar2025 01:56:20.462] [main/ERROR] [net.minecraft.Util/]: Entity illageandspillage:bone has no attributes
[23Mar2025 01:56:20.462] [main/ERROR] [net.minecraft.Util/]: Entity illageandspillage:axe has no attributes
[23Mar2025 01:56:20.462] [main/ERROR] [net.minecraft.Util/]: Entity illageandspillage:bone has no attributes
[23Mar2025 01:56:20.462] [main/ERROR] [net.minecraft.Util/]: Entity illageandspillage:axe has no attributes
[23Mar2025 01:56:20.463] [main/ERROR] [net.minecraft.Util/]: Entity illageandspillage:bone has no attributes
[23Mar2025 01:56:20.463] [main/ERROR] [net.minecraft.Util/]: Entity illageandspillage:axe has no attributes
[23Mar2025 01:56:20.463] [main/ERROR] [net.minecraft.Util/]: Entity illageandspillage:bone has no attributes
[23Mar2025 01:56:20.463] [main/ERROR] [net.minecraft.Util/]: Entity illageandspillage:axe has no attributes
[23Mar2025 01:56:20.587] [main/ERROR] [net.minecraft.Util/]: Entity illageandspillage:bone has no attributes
[23Mar2025 01:56:20.587] [main/ERROR] [net.minecraft.Util/]: Entity illageandspillage:axe has no attributes
[23Mar2025 01:56:20.587] [main/ERROR] [net.minecraft.Util/]: Entity illageandspillage:bone has no attributes
[23Mar2025 01:56:20.587] [main/ERROR] [net.minecraft.Util/]: Entity illageandspillage:axe has no attributes
[23Mar2025 01:56:20.588] [main/ERROR] [net.minecraft.Util/]: Entity illageandspillage:bone has no attributes
[23Mar2025 01:56:20.588] [main/ERROR] [net.minecraft.Util/]: Entity illageandspillage:axe has no attributes
[23Mar2025 01:56:20.588] [main/ERROR] [net.minecraft.Util/]: Entity illageandspillage:bone has no attributes
[23Mar2025 01:56:20.588] [main/ERROR] [net.minecraft.Util/]: Entity illageandspillage:axe has no attributes
[23Mar2025 01:56:20.588] [main/ERROR] [net.minecraft.Util/]: Entity illageandspillage:bone has no attributes
[23Mar2025 01:56:20.588] [main/ERROR] [net.minecraft.Util/]: Entity illageandspillage:axe has no attributes
[23Mar2025 01:56:20.589] [main/ERROR] [net.minecraft.Util/]: Entity illageandspillage:bone has no attributes
[23Mar2025 01:56:20.589] [main/ERROR] [net.minecraft.Util/]: Entity illageandspillage:axe has no attributes
[23Mar2025 01:56:20.589] [main/ERROR] [net.minecraft.Util/]: Entity illageandspillage:bone has no attributes
[23Mar2025 01:56:20.589] [main/ERROR] [net.minecraft.Util/]: Entity illageandspillage:axe has no attributes
[23Mar2025 01:56:20.589] [main/ERROR] [net.minecraft.Util/]: Entity illageandspillage:bone has no attributes
[23Mar2025 01:56:20.589] [main/ERROR] [net.minecraft.Util/]: Entity illageandspillage:axe has no attributes
[23Mar2025 01:56:20.590] [main/ERROR] [net.minecraft.Util/]: Entity illageandspillage:bone has no attributes
[23Mar2025 01:56:20.590] [main/ERROR] [net.minecraft.Util/]: Entity illageandspillage:axe has no attributes
[23Mar2025 01:56:20.590] [main/ERROR] [net.minecraft.Util/]: Entity illageandspillage:bone has no attributes
[23Mar2025 01:56:20.590] [main/ERROR] [net.minecraft.Util/]: Entity illageandspillage:axe has no attributes
[23Mar2025 01:56:20.590] [main/ERROR] [net.minecraft.Util/]: Entity illageandspillage:bone has no attributes
[23Mar2025 01:56:20.590] [main/ERROR] [net.minecraft.Util/]: Entity illageandspillage:axe has no attributes
[23Mar2025 01:56:20.591] [main/ERROR] [net.minecraft.Util/]: Entity illageandspillage:bone has no attributes
[23Mar2025 01:56:20.591] [main/ERROR] [net.minecraft.Util/]: Entity illageandspillage:axe has no attributes
[23Mar2025 01:56:20.591] [main/ERROR] [net.minecraft.Util/]: Entity illageandspillage:bone has no attributes
[23Mar2025 01:56:20.591] [main/ERROR] [net.minecraft.Util/]: Entity illageandspillage:axe has no attributes
[23Mar2025 01:56:20.591] [main/ERROR] [net.minecraft.Util/]: Entity illageandspillage:bone has no attributes
[23Mar2025 01:56:20.592] [main/ERROR] [net.minecraft.Util/]: Entity illageandspillage:axe has no attributes
[23Mar2025 01:56:20.592] [main/ERROR] [net.minecraft.Util/]: Entity illageandspillage:bone has no attributes
[23Mar2025 01:56:20.592] [main/ERROR] [net.minecraft.Util/]: Entity illageandspillage:axe has no attributes
[23Mar2025 01:56:20.592] [main/ERROR] [net.minecraft.Util/]: Entity illageandspillage:bone has no attributes
[23Mar2025 01:56:20.592] [main/ERROR] [net.minecraft.Util/]: Entity illageandspillage:axe has no attributes
[23Mar2025 01:56:20.593] [main/ERROR] [net.minecraft.Util/]: Entity illageandspillage:bone has no attributes
[23Mar2025 01:56:20.593] [main/ERROR] [net.minecraft.Util/]: Entity illageandspillage:axe has no attributes
[23Mar2025 01:56:20.593] [main/ERROR] [net.minecraft.Util/]: Entity illageandspillage:bone has no attributes
[23Mar2025 01:56:20.593] [main/ERROR] [net.minecraft.Util/]: Entity illageandspillage:axe has no attributes
[23Mar2025 01:56:20.593] [main/ERROR] [net.minecraft.Util/]: Entity illageandspillage:bone has no attributes
[23Mar2025 01:56:20.593] [main/ERROR] [net.minecraft.Util/]: Entity illageandspillage:axe has no attributes
[23Mar2025 01:56:20.594] [main/ERROR] [net.minecraft.Util/]: Entity illageandspillage:bone has no attributes
[23Mar2025 01:56:20.594] [main/ERROR] [net.minecraft.Util/]: Entity illageandspillage:axe has no attributes
[23Mar2025 01:56:20.594] [main/ERROR] [net.minecraft.Util/]: Entity illageandspillage:bone has no attributes
[23Mar2025 01:56:20.594] [main/ERROR] [net.minecraft.Util/]: Entity illageandspillage:axe has no attributes
[23Mar2025 01:56:20.594] [main/ERROR] [net.minecraft.Util/]: Entity illageandspillage:bone has no attributes
[23Mar2025 01:56:20.594] [main/ERROR] [net.minecraft.Util/]: Entity illageandspillage:axe has no attributes
[23Mar2025 01:56:20.595] [main/ERROR] [net.minecraft.Util/]: Entity illageandspillage:bone has no attributes
[23Mar2025 01:56:20.595] [main/ERROR] [net.minecraft.Util/]: Entity illageandspillage:axe has no attributes
[23Mar2025 01:56:20.595] [main/ERROR] [net.minecraft.Util/]: Entity illageandspillage:bone has no attributes
[23Mar2025 01:56:20.595] [main/ERROR] [net.minecraft.Util/]: Entity illageandspillage:axe has no attributes
[23Mar2025 01:56:20.596] [main/ERROR] [net.minecraft.Util/]: Entity illageandspillage:bone has no attributes
[23Mar2025 01:56:20.596] [main/ERROR] [net.minecraft.Util/]: Entity illageandspillage:axe has no attributes
[23Mar2025 01:56:20.596] [main/ERROR] [net.minecraft.Util/]: Entity illageandspillage:bone has no attributes
[23Mar2025 01:56:20.596] [main/ERROR] [net.minecraft.Util/]: Entity illageandspillage:axe has no attributes
[23Mar2025 01:56:20.596] [main/ERROR] [net.minecraft.Util/]: Entity illageandspillage:bone has no attributes
[23Mar2025 01:56:20.597] [main/ERROR] [net.minecraft.Util/]: Entity illageandspillage:axe has no attributes
[23Mar2025 01:56:20.597] [main/ERROR] [net.minecraft.Util/]: Entity illageandspillage:bone has no attributes
[23Mar2025 01:56:20.597] [main/ERROR] [net.minecraft.Util/]: Entity illageandspillage:axe has no attributes
[23Mar2025 01:56:20.597] [main/ERROR] [net.minecraft.Util/]: Entity illageandspillage:bone has no attributes
[23Mar2025 01:56:20.597] [main/ERROR] [net.minecraft.Util/]: Entity illageandspillage:axe has no attributes
[23Mar2025 01:56:20.597] [main/ERROR] [net.minecraft.Util/]: Entity illageandspillage:bone has no attributes
[23Mar2025 01:56:20.598] [main/ERROR] [net.minecraft.Util/]: Entity illageandspillage:axe has no attributes
[23Mar2025 01:56:20.598] [main/ERROR] [net.minecraft.Util/]: Entity illageandspillage:bone has no attributes
[23Mar2025 01:56:20.598] [main/ERROR] [net.minecraft.Util/]: Entity illageandspillage:axe has no attributes
[23Mar2025 01:56:20.598] [main/ERROR] [net.minecraft.Util/]: Entity illageandspillage:bone has no attributes
[23Mar2025 01:56:20.598] [main/ERROR] [net.minecraft.Util/]: Entity illageandspillage:axe has no attributes
[23Mar2025 01:56:20.599] [main/ERROR] [net.minecraft.Util/]: Entity illageandspillage:bone has no attributes
[23Mar2025 01:56:20.600] [main/ERROR] [net.minecraft.Util/]: Entity illageandspillage:axe has no attributes
[23Mar2025 01:56:20.600] [main/ERROR] [net.minecraft.Util/]: Entity illageandspillage:bone has no attributes
[23Mar2025 01:56:20.600] [main/ERROR] [net.minecraft.Util/]: Entity illageandspillage:axe has no attributes
[23Mar2025 01:56:20.600] [main/ERROR] [net.minecraft.Util/]: Entity illageandspillage:bone has no attributes
[23Mar2025 01:56:20.601] [main/ERROR] [net.minecraft.Util/]: Entity illageandspillage:axe has no attributes
[23Mar2025 01:56:29.271] [main/WARN] [net.minecraft.server.packs.VanillaPackResourcesBuilder/]: Assets URL 'union:/workspaces/insano/servidor_minecraft/libraries/net/minecraft/server/1.20.1-20230612.114412/server-1.20.1-20230612.114412-srg.jar%23283!/assets/.mcassetsroot' uses unexpected schema
[23Mar2025 01:56:29.271] [main/WARN] [net.minecraft.server.packs.VanillaPackResourcesBuilder/]: Assets URL 'union:/workspaces/insano/servidor_minecraft/libraries/net/minecraft/server/1.20.1-20230612.114412/server-1.20.1-20230612.114412-srg.jar%23283!/data/.mcassetsroot' uses unexpected schema
[23Mar2025 01:56:29.435] [main/INFO] [com.simibubi.create.Create/]: Created 606 recipes which will be injected into the game
[23Mar2025 01:56:29.453] [main/INFO] [com.simibubi.create.Create/]: Created 28 tags which will be injected into the game
[23Mar2025 01:56:29.610] [main/INFO] [Supplementaries/]: Generated runtime SERVER_DATA for pack Supplementaries Generated Pack (supplementaries) in: 42 ms
[23Mar2025 01:56:32.351] [main/INFO] [com.github.alexthe666.alexsmobs.AlexsMobs/]: Adding datapack listener capsid_recipes
[23Mar2025 01:56:32.586] [Worker-Main-1/WARN] [artifacts.Artifacts/]: Tag entries for curios:tags/items/magic_book.json cleared by tombstone-1.20.1-8.9.2.jar
[23Mar2025 01:56:32.736] [Worker-Main-1/ERROR] [net.minecraft.tags.TagLoader/]: Couldn't load tag ctov:wares/cardboard_box as it is missing following references: wares:cardboard_box (from [forge]ctov-3.4.12.jar)
[23Mar2025 01:56:32.752] [Worker-Main-1/ERROR] [net.minecraft.tags.TagLoader/]: Couldn't load tag ctov:wares/sealed_delivery_agreement as it is missing following references: wares:sealed_delivery_agreement (from [forge]ctov-3.4.12.jar)
[23Mar2025 01:56:32.795] [Worker-Main-2/ERROR] [net.minecraft.tags.TagLoader/]: Couldn't load tag integrated_api:collections/any_taiga as it is missing following references: #repurposed_structures:collections/taigas (from integrated_api-1.5.2+1.20.1-forge.jar)
[23Mar2025 01:56:34.302] [main/WARN] [quark-zeta/]: Non-existent flag calcite being used
[23Mar2025 01:56:34.303] [main/WARN] [quark-zeta/]: Non-existent flag granite being used
[23Mar2025 01:56:34.319] [main/WARN] [quark-zeta/]: Non-existent flag tuff being used
[23Mar2025 01:56:34.328] [main/WARN] [quark-zeta/]: Non-existent flag calcite being used
[23Mar2025 01:56:34.346] [main/WARN] [quark-zeta/]: Non-existent flag tuff being used
[23Mar2025 01:56:34.347] [main/WARN] [quark-zeta/]: Non-existent flag andesite being used
[23Mar2025 01:56:34.349] [main/WARN] [quark-zeta/]: Non-existent flag dripstone being used
[23Mar2025 01:56:34.360] [main/WARN] [quark-zeta/]: Non-existent flag granite being used
[23Mar2025 01:56:34.362] [main/WARN] [quark-zeta/]: Non-existent flag calcite being used
[23Mar2025 01:56:34.366] [main/WARN] [quark-zeta/]: Non-existent flag dripstone being used
[23Mar2025 01:56:34.367] [main/WARN] [quark-zeta/]: Non-existent flag andesite being used
[23Mar2025 01:56:34.378] [main/WARN] [quark-zeta/]: Non-existent flag diorite being used
[23Mar2025 01:56:34.378] [main/WARN] [quark-zeta/]: Non-existent flag dripstone being used
[23Mar2025 01:56:34.380] [main/INFO] [net.minecraft.world.item.crafting.RecipeManager/]: Skipping loading recipe supplementaries:inspirations/blackboard_clear as it's serializer returned null
[23Mar2025 01:56:34.390] [main/WARN] [quark-zeta/]: Non-existent flag dripstone being used
[23Mar2025 01:56:34.390] [main/WARN] [quark-zeta/]: Non-existent flag tuff being used
[23Mar2025 01:56:34.406] [main/WARN] [quark-zeta/]: Non-existent flag tuff being used
[23Mar2025 01:56:34.410] [main/WARN] [quark-zeta/]: Non-existent flag calcite being used
[23Mar2025 01:56:34.411] [main/WARN] [quark-zeta/]: Non-existent flag calcite being used
[23Mar2025 01:56:34.411] [main/WARN] [quark-zeta/]: Non-existent flag granite being used
[23Mar2025 01:56:34.412] [main/WARN] [quark-zeta/]: Non-existent flag dripstone being used
[23Mar2025 01:56:34.427] [main/WARN] [quark-zeta/]: Non-existent flag andesite being used
[23Mar2025 01:56:34.429] [main/WARN] [quark-zeta/]: Non-existent flag tuff being used
[23Mar2025 01:56:34.430] [main/WARN] [quark-zeta/]: Non-existent flag tuff being used
[23Mar2025 01:56:34.431] [main/WARN] [quark-zeta/]: Non-existent flag calcite being used
[23Mar2025 01:56:34.432] [main/WARN] [quark-zeta/]: Non-existent flag dripstone being used
[23Mar2025 01:56:34.434] [main/WARN] [quark-zeta/]: Non-existent flag granite being used
[23Mar2025 01:56:34.435] [main/WARN] [quark-zeta/]: Non-existent flag andesite being used
[23Mar2025 01:56:34.439] [main/WARN] [quark-zeta/]: Non-existent flag tuff being used
[23Mar2025 01:56:34.440] [main/INFO] [net.minecraft.world.item.crafting.RecipeManager/]: Skipping loading recipe twilightforest:jeed/frosted as it's serializer returned null
[23Mar2025 01:56:34.442] [main/INFO] [net.minecraft.world.item.crafting.RecipeManager/]: Skipping loading recipe supplementaries:inspirations/flag_dye as it's serializer returned null
[23Mar2025 01:56:34.442] [main/WARN] [quark-zeta/]: Non-existent flag dripstone being used
[23Mar2025 01:56:34.450] [main/WARN] [quark-zeta/]: Non-existent flag dripstone being used
[23Mar2025 01:56:34.456] [main/INFO] [net.minecraft.world.item.crafting.RecipeManager/]: Skipping loading recipe twilightforest:jeed/hunger as it's serializer returned null
[23Mar2025 01:56:34.456] [main/WARN] [quark-zeta/]: Non-existent flag dripstone being used
[23Mar2025 01:56:34.470] [main/WARN] [quark-zeta/]: Non-existent flag tuff being used
[23Mar2025 01:56:34.470] [main/WARN] [quark-zeta/]: Non-existent flag andesite being used
[23Mar2025 01:56:34.472] [main/WARN] [quark-zeta/]: Non-existent flag tuff being used
[23Mar2025 01:56:34.472] [main/WARN] [quark-zeta/]: Non-existent flag tuff being used
[23Mar2025 01:56:34.472] [main/WARN] [quark-zeta/]: Non-existent flag andesite being used
[23Mar2025 01:56:34.477] [main/WARN] [quark-zeta/]: Non-existent flag tuff being used
[23Mar2025 01:56:34.477] [main/WARN] [quark-zeta/]: Non-existent flag dripstone being used
[23Mar2025 01:56:34.479] [main/WARN] [quark-zeta/]: Non-existent flag dripstone being used
[23Mar2025 01:56:34.481] [main/WARN] [quark-zeta/]: Non-existent flag tuff being used
[23Mar2025 01:56:34.486] [main/WARN] [quark-zeta/]: Non-existent flag dripstone being used
[23Mar2025 01:56:34.489] [main/WARN] [quark-zeta/]: Non-existent flag tuff being used
[23Mar2025 01:56:34.491] [main/WARN] [quark-zeta/]: Non-existent flag andesite being used
[23Mar2025 01:56:34.496] [main/WARN] [quark-zeta/]: Non-existent flag tuff being used
[23Mar2025 01:56:34.496] [main/WARN] [quark-zeta/]: Non-existent flag tuff being used
[23Mar2025 01:56:34.496] [main/WARN] [quark-zeta/]: Non-existent flag tuff being used
[23Mar2025 01:56:34.497] [main/WARN] [quark-zeta/]: Non-existent flag dripstone being used
[23Mar2025 01:56:34.500] [main/WARN] [quark-zeta/]: Non-existent flag tuff being used
[23Mar2025 01:56:34.500] [main/WARN] [quark-zeta/]: Non-existent flag tuff being used
[23Mar2025 01:56:34.502] [main/WARN] [quark-zeta/]: Non-existent flag calcite being used
[23Mar2025 01:56:34.504] [main/WARN] [quark-zeta/]: Non-existent flag granite being used
[23Mar2025 01:56:34.515] [main/WARN] [quark-zeta/]: Non-existent flag granite being used
[23Mar2025 01:56:34.522] [main/WARN] [quark-zeta/]: Non-existent flag granite being used
[23Mar2025 01:56:34.523] [main/WARN] [quark-zeta/]: Non-existent flag calcite being used
[23Mar2025 01:56:34.526] [main/WARN] [quark-zeta/]: Non-existent flag diorite being used
[23Mar2025 01:56:34.528] [main/WARN] [quark-zeta/]: Non-existent flag calcite being used
[23Mar2025 01:56:34.532] [main/WARN] [quark-zeta/]: Non-existent flag tuff being used
[23Mar2025 01:56:34.533] [main/WARN] [quark-zeta/]: Non-existent flag diorite being used
[23Mar2025 01:56:34.533] [main/WARN] [quark-zeta/]: Non-existent flag calcite being used
[23Mar2025 01:56:34.536] [main/WARN] [quark-zeta/]: Non-existent flag dripstone being used
[23Mar2025 01:56:34.537] [main/WARN] [quark-zeta/]: Non-existent flag tuff being used
[23Mar2025 01:56:34.539] [main/WARN] [quark-zeta/]: Non-existent flag calcite being used
[23Mar2025 01:56:34.542] [main/WARN] [quark-zeta/]: Non-existent flag andesite being used
[23Mar2025 01:56:34.548] [main/WARN] [quark-zeta/]: Non-existent flag diorite being used
[23Mar2025 01:56:34.549] [main/WARN] [quark-zeta/]: Non-existent flag granite being used
[23Mar2025 01:56:34.552] [main/INFO] [net.minecraft.world.item.crafting.RecipeManager/]: Skipping loading recipe twilightforest:jeed/blindness as it's serializer returned null
[23Mar2025 01:56:34.556] [main/WARN] [quark-zeta/]: Non-existent flag granite being used
[23Mar2025 01:56:34.557] [main/WARN] [quark-zeta/]: Non-existent flag dripstone being used
[23Mar2025 01:56:34.561] [main/WARN] [quark-zeta/]: Non-existent flag tuff being used
[23Mar2025 01:56:34.565] [main/WARN] [quark-zeta/]: Non-existent flag dripstone being used
[23Mar2025 01:56:34.566] [main/WARN] [quark-zeta/]: Non-existent flag dripstone being used
[23Mar2025 01:56:34.566] [main/WARN] [quark-zeta/]: Non-existent flag diorite being used
[23Mar2025 01:56:34.566] [main/WARN] [quark-zeta/]: Non-existent flag andesite being used
[23Mar2025 01:56:34.569] [main/WARN] [quark-zeta/]: Non-existent flag tuff being used
[23Mar2025 01:56:34.570] [main/WARN] [quark-zeta/]: Non-existent flag tuff being used
[23Mar2025 01:56:34.571] [main/WARN] [quark-zeta/]: Non-existent flag tuff being used
[23Mar2025 01:56:34.572] [main/WARN] [quark-zeta/]: Non-existent flag tuff being used
[23Mar2025 01:56:34.573] [main/WARN] [quark-zeta/]: Non-existent flag calcite being used
[23Mar2025 01:56:34.573] [main/WARN] [quark-zeta/]: Non-existent flag dripstone being used
[23Mar2025 01:56:34.575] [main/INFO] [net.minecraft.world.item.crafting.RecipeManager/]: Skipping loading recipe twilightforest:jeed/poison as it's serializer returned null
[23Mar2025 01:56:34.578] [main/WARN] [quark-zeta/]: Non-existent flag calcite being used
[23Mar2025 01:56:34.578] [main/WARN] [quark-zeta/]: Non-existent flag diorite being used
[23Mar2025 01:56:34.581] [main/WARN] [quark-zeta/]: Non-existent flag diorite being used
[23Mar2025 01:56:34.582] [main/WARN] [quark-zeta/]: Non-existent flag diorite being used
[23Mar2025 01:56:34.583] [main/WARN] [quark-zeta/]: Non-existent flag tuff being used
[23Mar2025 01:56:34.586] [main/WARN] [quark-zeta/]: Non-existent flag calcite being used
[23Mar2025 01:56:34.591] [main/WARN] [quark-zeta/]: Non-existent flag tuff being used
[23Mar2025 01:56:34.592] [main/WARN] [quark-zeta/]: Non-existent flag calcite being used
[23Mar2025 01:56:34.592] [main/WARN] [quark-zeta/]: Non-existent flag calcite being used
[23Mar2025 01:56:34.593] [main/WARN] [quark-zeta/]: Non-existent flag tuff being used
[23Mar2025 01:56:34.599] [main/WARN] [quark-zeta/]: Non-existent flag andesite being used
[23Mar2025 01:56:34.600] [main/WARN] [quark-zeta/]: Non-existent flag dripstone being used
[23Mar2025 01:56:34.602] [main/WARN] [quark-zeta/]: Non-existent flag dripstone being used
[23Mar2025 01:56:34.603] [main/WARN] [quark-zeta/]: Non-existent flag calcite being used
[23Mar2025 01:56:34.605] [main/WARN] [quark-zeta/]: Non-existent flag granite being used
[23Mar2025 01:56:34.609] [main/WARN] [quark-zeta/]: Non-existent flag tuff being used
[23Mar2025 01:56:34.609] [main/WARN] [quark-zeta/]: Non-existent flag dripstone being used
[23Mar2025 01:56:34.611] [main/WARN] [quark-zeta/]: Non-existent flag calcite being used
[23Mar2025 01:56:34.611] [main/WARN] [quark-zeta/]: Non-existent flag tuff being used
[23Mar2025 01:56:34.611] [main/WARN] [quark-zeta/]: Non-existent flag tuff being used
[23Mar2025 01:56:34.613] [main/WARN] [quark-zeta/]: Non-existent flag diorite being used
[23Mar2025 01:56:34.613] [main/WARN] [quark-zeta/]: Non-existent flag andesite being used
[23Mar2025 01:56:34.614] [main/WARN] [quark-zeta/]: Non-existent flag tuff being used
[23Mar2025 01:56:34.615] [main/WARN] [quark-zeta/]: Non-existent flag dripstone being used
[23Mar2025 01:56:34.616] [main/WARN] [quark-zeta/]: Non-existent flag diorite being used
[23Mar2025 01:56:34.619] [main/WARN] [quark-zeta/]: Non-existent flag andesite being used
[23Mar2025 01:56:34.619] [main/WARN] [quark-zeta/]: Non-existent flag calcite being used
[23Mar2025 01:56:34.620] [main/WARN] [quark-zeta/]: Non-existent flag diorite being used
[23Mar2025 01:56:34.620] [main/WARN] [quark-zeta/]: Non-existent flag granite being used
[23Mar2025 01:56:34.622] [main/WARN] [quark-zeta/]: Non-existent flag calcite being used
[23Mar2025 01:56:34.622] [main/WARN] [quark-zeta/]: Non-existent flag calcite being used
[23Mar2025 01:56:34.624] [main/WARN] [quark-zeta/]: Non-existent flag diorite being used
[23Mar2025 01:56:34.625] [main/WARN] [quark-zeta/]: Non-existent flag dripstone being used
[23Mar2025 01:56:34.625] [main/WARN] [quark-zeta/]: Non-existent flag andesite being used
[23Mar2025 01:56:34.625] [main/WARN] [quark-zeta/]: Non-existent flag calcite being used
[23Mar2025 01:56:34.626] [main/WARN] [quark-zeta/]: Non-existent flag dripstone being used
[23Mar2025 01:56:34.634] [main/WARN] [quark-zeta/]: Non-existent flag diorite being used
[23Mar2025 01:56:34.634] [main/WARN] [quark-zeta/]: Non-existent flag calcite being used
[23Mar2025 01:56:34.635] [main/WARN] [quark-zeta/]: Non-existent flag granite being used
[23Mar2025 01:56:34.635] [main/WARN] [quark-zeta/]: Non-existent flag calcite being used
[23Mar2025 01:56:34.637] [main/INFO] [net.minecraft.world.item.crafting.RecipeManager/]: Skipping loading recipe twilightforest:jeed/resistance as it's serializer returned null
[23Mar2025 01:56:34.641] [main/WARN] [quark-zeta/]: Non-existent flag dripstone being used
[23Mar2025 01:56:34.642] [main/WARN] [quark-zeta/]: Non-existent flag dripstone being used
[23Mar2025 01:56:34.651] [main/WARN] [quark-zeta/]: Non-existent flag andesite being used
[23Mar2025 01:56:34.653] [main/WARN] [quark-zeta/]: Non-existent flag andesite being used
[23Mar2025 01:56:34.654] [main/WARN] [quark-zeta/]: Non-existent flag granite being used
[23Mar2025 01:56:34.654] [main/WARN] [quark-zeta/]: Non-existent flag granite being used
[23Mar2025 01:56:34.655] [main/INFO] [net.minecraft.world.item.crafting.RecipeManager/]: Skipping loading recipe supplementaries:inspirations/flag_clear as it's serializer returned null
[23Mar2025 01:56:34.656] [main/WARN] [quark-zeta/]: Non-existent flag calcite being used
[23Mar2025 01:56:34.657] [main/WARN] [quark-zeta/]: Non-existent flag dripstone being used
[23Mar2025 01:56:34.657] [main/WARN] [quark-zeta/]: Non-existent flag tuff being used
[23Mar2025 01:56:34.661] [main/WARN] [quark-zeta/]: Non-existent flag dripstone being used
[23Mar2025 01:56:34.663] [main/WARN] [quark-zeta/]: Non-existent flag calcite being used
[23Mar2025 01:56:34.665] [main/WARN] [quark-zeta/]: Non-existent flag dripstone being used
[23Mar2025 01:56:34.672] [main/WARN] [quark-zeta/]: Non-existent flag granite being used
[23Mar2025 01:56:34.674] [main/WARN] [quark-zeta/]: Non-existent flag dripstone being used
[23Mar2025 01:56:34.675] [main/WARN] [quark-zeta/]: Non-existent flag tuff being used
[23Mar2025 01:56:34.676] [main/WARN] [quark-zeta/]: Non-existent flag dripstone being used
[23Mar2025 01:56:34.676] [main/WARN] [quark-zeta/]: Non-existent flag calcite being used
[23Mar2025 01:56:34.677] [main/WARN] [quark-zeta/]: Non-existent flag dripstone being used
[23Mar2025 01:56:34.677] [main/WARN] [quark-zeta/]: Non-existent flag tuff being used
[23Mar2025 01:56:34.679] [main/WARN] [quark-zeta/]: Non-existent flag dripstone being used
[23Mar2025 01:56:34.680] [main/WARN] [quark-zeta/]: Non-existent flag calcite being used
[23Mar2025 01:56:34.681] [main/WARN] [quark-zeta/]: Non-existent flag dripstone being used
[23Mar2025 01:56:34.682] [main/INFO] [net.minecraft.world.item.crafting.RecipeManager/]: Skipping loading recipe twilightforest:jeed/regeneration as it's serializer returned null
[23Mar2025 01:56:34.684] [main/INFO] [net.minecraft.world.item.crafting.RecipeManager/]: Skipping loading recipe twilightforest:jeed/slowness as it's serializer returned null
[23Mar2025 01:56:34.689] [main/WARN] [quark-zeta/]: Non-existent flag calcite being used
[23Mar2025 01:56:34.692] [main/WARN] [quark-zeta/]: Non-existent flag diorite being used
[23Mar2025 01:56:34.695] [main/WARN] [quark-zeta/]: Non-existent flag diorite being used
[23Mar2025 01:56:34.697] [main/INFO] [net.minecraft.world.item.crafting.RecipeManager/]: Skipping loading recipe twilightforest:jeed/fire_resistance as it's serializer returned null
[23Mar2025 01:56:34.697] [main/WARN] [quark-zeta/]: Non-existent flag dripstone being used
[23Mar2025 01:56:34.706] [main/INFO] [net.minecraft.world.item.crafting.RecipeManager/]: Loaded 42 recipes
[23Mar2025 01:56:34.707] [main/ERROR] [net.minecraft.server.ServerFunctionLibrary/]: Failed to load function watching:check
java.util.concurrent.CompletionException: java.lang.IllegalArgumentException: Whilst parsing command on line 1: Unknown or incomplete command, see below for error at position 0: <--[HERE]
	at java.util.concurrent.CompletableFuture.encodeThrowable(CompletableFuture.java:315) ~[?:?]
	at java.util.concurrent.CompletableFuture.completeThrowable(CompletableFuture.java:320) ~[?:?]
	at java.util.concurrent.CompletableFuture$AsyncSupply.run(CompletableFuture.java:1770) ~[?:?]
	at java.util.concurrent.CompletableFuture$AsyncSupply.exec(CompletableFuture.java:1760) ~[?:?]
	at java.util.concurrent.ForkJoinTask.doExec(ForkJoinTask.java:373) ~[?:?]
	at java.util.concurrent.ForkJoinPool$WorkQueue.topLevelExec(ForkJoinPool.java:1182) ~[?:?]
	at java.util.concurrent.ForkJoinPool.scan(ForkJoinPool.java:1655) ~[?:?]
	at java.util.concurrent.ForkJoinPool.runWorker(ForkJoinPool.java:1622) ~[?:?]
	at java.util.concurrent.ForkJoinWorkerThread.run(ForkJoinWorkerThread.java:165) ~[?:?]
Caused by: java.lang.IllegalArgumentException: Whilst parsing command on line 1: Unknown or incomplete command, see below for error at position 0: <--[HERE]
	at net.minecraft.commands.CommandFunction.m_77984_(CommandFunction.java:63) ~[server-1.20.1-20230612.114412-srg.jar%23283!/:?]
	at net.minecraft.server.ServerFunctionLibrary.m_214320_(ServerFunctionLibrary.java:83) ~[server-1.20.1-20230612.114412-srg.jar%23283!/:?]
	at java.util.concurrent.CompletableFuture$AsyncSupply.run(CompletableFuture.java:1768) ~[?:?]
	... 6 more
[23Mar2025 01:56:34.886] [main/ERROR] [net.minecraft.server.ServerAdvancementManager/]: Parsing error loading custom advancement knightquest:recipes/misc/empty_goblet: Missing criteria, expected to find a JsonObject
[23Mar2025 01:56:34.953] [main/INFO] [quark/]: [Automatic Recipe Unlock] Removed 4993 recipe advancements
[23Mar2025 01:56:34.966] [main/INFO] [net.minecraft.advancements.AdvancementList/]: Loaded 1111 advancements
[23Mar2025 01:56:34.992] [main/INFO] [twilightforest/]: Loaded 9 Stalactite configs!
[23Mar2025 01:56:35.003] [main/INFO] [top.theillusivec4.curios.Curios/]: Loaded 13 curio slots
[23Mar2025 01:56:35.013] [main/INFO] [top.theillusivec4.curios.Curios/]: Loaded 10 curio entities
[23Mar2025 01:56:35.039] [main/INFO] [quark-zeta/]: Modified advancement minecraft:husbandry/wax_on with 2 patches
[23Mar2025 01:56:35.039] [main/INFO] [quark-zeta/]: Modified advancement minecraft:adventure/kill_a_mob with 3 patches
[23Mar2025 01:56:35.040] [main/INFO] [quark-zeta/]: Modified advancement minecraft:husbandry/bred_all_animals with 3 patches
[23Mar2025 01:56:35.040] [main/INFO] [quark-zeta/]: Modified advancement minecraft:adventure/kill_all_mobs with 3 patches
[23Mar2025 01:56:35.041] [main/INFO] [quark-zeta/]: Modified advancement minecraft:husbandry/balanced_diet with 3 patches
[23Mar2025 01:56:35.041] [main/INFO] [quark-zeta/]: Modified advancement minecraft:husbandry/plant_seed with 1 patches
[23Mar2025 01:56:35.041] [main/INFO] [quark-zeta/]: Modified advancement minecraft:nether/all_effects with 2 patches
[23Mar2025 01:56:35.041] [main/INFO] [quark-zeta/]: Modified advancement minecraft:husbandry/wax_off with 2 patches
[23Mar2025 01:56:35.042] [main/INFO] [quark-zeta/]: Modified advancement minecraft:adventure/adventuring_time with 1 patches
[23Mar2025 01:56:35.042] [main/INFO] [quark-zeta/]: Modified advancement minecraft:nether/all_potions with 1 patches
[23Mar2025 01:56:35.049] [main/INFO] [Supplementaries/]: Loaded 27 flute songs
[23Mar2025 01:56:35.120] [main/WARN] [net.minecraft.core.MappedRegistry/]: Not all defined tags for registry ResourceKey[minecraft:root / minecraft:worldgen/biome] are present in data pack: minecraft:is_plains
[23Mar2025 01:56:43.663] [main/INFO] [Moonlight/]: Applied 7 data villager trades
[23Mar2025 01:56:43.712] [main/INFO] [Supplementaries/]: Finished additional setup in 0 ms
[23Mar2025 01:56:44.363] [Server thread/INFO] [net.minecraft.server.dedicated.DedicatedServer/]: Starting minecraft server version 1.20.1
[23Mar2025 01:56:44.364] [Server thread/INFO] [net.minecraft.server.dedicated.DedicatedServer/]: Loading properties
[23Mar2025 01:56:44.364] [Server thread/INFO] [net.minecraft.server.dedicated.DedicatedServer/]: Default game type: SURVIVAL
[23Mar2025 01:56:44.364] [Server thread/INFO] [net.minecraft.server.MinecraftServer/]: Generating keypair
[23Mar2025 01:56:44.593] [Server thread/INFO] [net.minecraft.server.dedicated.DedicatedServer/]: Starting Minecraft server on *:25565
[23Mar2025 01:56:44.620] [Server thread/INFO] [net.minecraft.server.network.ServerConnectionListener/]: Using epoll channel type
[23Mar2025 01:56:44.697] [Server thread/WARN] [net.minecraft.server.dedicated.DedicatedServer/]: **** SERVER IS RUNNING IN OFFLINE/INSECURE MODE!
[23Mar2025 01:56:44.697] [Server thread/WARN] [net.minecraft.server.dedicated.DedicatedServer/]: The server will make no attempt to authenticate usernames. Beware.
[23Mar2025 01:56:44.698] [Server thread/WARN] [net.minecraft.server.dedicated.DedicatedServer/]: While this makes the game possible to play without internet access, it also opens up the ability for hackers to connect with any username they choose.
[23Mar2025 01:56:44.698] [Server thread/WARN] [net.minecraft.server.dedicated.DedicatedServer/]: To change this, set "online-mode" to "true" in the server.properties file.
[23Mar2025 01:56:44.985] [Server thread/INFO] [Framework/]: Loading server configs...
[23Mar2025 01:56:45.473] [Server thread/INFO] [terrablender/]: Initialized TerraBlender biomes for level stem minecraft:overworld
[23Mar2025 01:56:45.473] [Server thread/INFO] [terrablender/]: Initialized TerraBlender biomes for level stem minecraft:the_nether
[23Mar2025 01:56:45.474] [Server thread/INFO] [net.minecraft.server.dedicated.DedicatedServer/]: Preparing level "world"
[23Mar2025 01:56:47.257] [Server thread/WARN] [net.minecraft.network.syncher.SynchedEntityData/]: defineId called for: class com.alexander.rootoffear.entities.Wilted from class com.alexander.rootoffear.entities.LightExtinguisher
[23Mar2025 01:56:47.258] [Server thread/WARN] [net.minecraft.network.syncher.SynchedEntityData/]: defineId called for: class com.alexander.rootoffear.entities.Wilted from class com.alexander.rootoffear.entities.LightExtinguisher
[23Mar2025 01:56:47.258] [Server thread/WARN] [net.minecraft.network.syncher.SynchedEntityData/]: defineId called for: class com.alexander.rootoffear.entities.Wilted from class com.alexander.rootoffear.entities.LightExtinguisher
[23Mar2025 01:56:49.154] [Netty Epoll Server IO #1/INFO] [net.minecraftforge.server.ServerLifecycleHooks/SERVERHOOKS]: Disconnecting Player (server is still starting): literal{Server is still starting! Please wait before reconnecting.}
[23Mar2025 01:56:52.420] [Netty Epoll Server IO #2/INFO] [net.minecraftforge.server.ServerLifecycleHooks/SERVERHOOKS]: Disconnecting Player (server is still starting): literal{Server is still starting! Please wait before reconnecting.}
[23Mar2025 01:56:52.435] [Netty Epoll Server IO #3/INFO] [net.minecraftforge.server.ServerLifecycleHooks/SERVERHOOKS]: Disconnecting Player (server is still starting): literal{Server is still starting! Please wait before reconnecting.}
[23Mar2025 01:56:54.739] [Netty Epoll Server IO #4/INFO] [net.minecraftforge.server.ServerLifecycleHooks/SERVERHOOKS]: Disconnecting Player (server is still starting): literal{Server is still starting! Please wait before reconnecting.}
[23Mar2025 01:56:54.740] [Netty Epoll Server IO #5/INFO] [net.minecraftforge.server.ServerLifecycleHooks/SERVERHOOKS]: Disconnecting Player (server is still starting): literal{Server is still starting! Please wait before reconnecting.}
[23Mar2025 01:56:58.396] [Server thread/INFO] [net.minecraft.server.MinecraftServer/]: Preparing start region for dimension minecraft:overworld
[23Mar2025 01:57:03.506] [Worker-Main-2/INFO] [net.minecraft.server.level.progress.LoggerChunkProgressListener/]: Preparing spawn area: 0%
[23Mar2025 01:57:03.520] [Worker-Main-3/INFO] [net.minecraft.server.level.progress.LoggerChunkProgressListener/]: Preparing spawn area: 0%
[23Mar2025 01:57:03.600] [Worker-Main-3/INFO] [net.minecraft.server.level.progress.LoggerChunkProgressListener/]: Preparing spawn area: 0%
[23Mar2025 01:57:03.618] [Worker-Main-3/INFO] [net.minecraft.server.level.progress.LoggerChunkProgressListener/]: Preparing spawn area: 0%
[23Mar2025 01:57:03.632] [Worker-Main-2/INFO] [net.minecraft.server.level.progress.LoggerChunkProgressListener/]: Preparing spawn area: 0%
[23Mar2025 01:57:03.647] [Worker-Main-2/INFO] [net.minecraft.server.level.progress.LoggerChunkProgressListener/]: Preparing spawn area: 0%
[23Mar2025 01:57:03.656] [Worker-Main-3/INFO] [net.minecraft.server.level.progress.LoggerChunkProgressListener/]: Preparing spawn area: 0%
[23Mar2025 01:57:03.666] [Worker-Main-2/INFO] [net.minecraft.server.level.progress.LoggerChunkProgressListener/]: Preparing spawn area: 0%
[23Mar2025 01:57:03.675] [Worker-Main-3/INFO] [net.minecraft.server.level.progress.LoggerChunkProgressListener/]: Preparing spawn area: 0%
[23Mar2025 01:57:03.684] [Worker-Main-1/INFO] [net.minecraft.server.level.progress.LoggerChunkProgressListener/]: Preparing spawn area: 0%
[23Mar2025 01:57:03.691] [Worker-Main-2/INFO] [net.minecraft.server.level.progress.LoggerChunkProgressListener/]: Preparing spawn area: 0%
[23Mar2025 01:57:03.898] [Worker-Main-2/INFO] [net.minecraft.server.level.progress.LoggerChunkProgressListener/]: Preparing spawn area: 0%
[23Mar2025 01:57:04.398] [Worker-Main-3/INFO] [net.minecraft.server.level.progress.LoggerChunkProgressListener/]: Preparing spawn area: 27%
[23Mar2025 01:57:04.882] [Server thread/INFO] [net.minecraft.server.level.progress.LoggerChunkProgressListener/]: Time elapsed: 6484 ms
[23Mar2025 01:57:04.883] [Server thread/INFO] [net.minecraft.server.dedicated.DedicatedServer/]: Done (20.172s)! For help, type "help"
[23Mar2025 01:57:05.012] [Server thread/INFO] [net.minecraftforge.server.permission.PermissionAPI/]: Successfully initialized permission handler forge:default_handler
[23Mar2025 01:57:05.022] [Server thread/WARN] [com.cartoonishvillain.villainoushordemanager.ForgeVillainousHordeManager/]: VillainousHordeManager - hordeJsonData.json not found! No Json hordes are loaded!
[23Mar2025 01:57:05.089] [Server thread/WARN] [net.minecraft.network.syncher.SynchedEntityData/]: defineId called for: class net.minecraft.world.entity.player.Player from class tschipp.carryon.common.carry.CarryOnDataManager
[23Mar2025 01:57:05.207] [Server thread/INFO] [com.yellowbrossproductions.illageandspillage.IllageAndSpillage/]: Removed entity.illageandspillage.boss_randomizer from Raids to prevent a post-mod-removal crash
[23Mar2025 01:57:05.209] [Server thread/INFO] [com.yellowbrossproductions.illageandspillage.IllageAndSpillage/]: Removed entity.illageandspillage.igniter from Raids to prevent a post-mod-removal crash
[23Mar2025 01:57:05.209] [Server thread/INFO] [com.yellowbrossproductions.illageandspillage.IllageAndSpillage/]: Removed entity.illageandspillage.engineer from Raids to prevent a post-mod-removal crash
[23Mar2025 01:57:05.210] [Server thread/INFO] [com.yellowbrossproductions.illageandspillage.IllageAndSpillage/]: Removed entity.illageandspillage.twittollager from Raids to prevent a post-mod-removal crash
[23Mar2025 01:57:05.211] [Server thread/INFO] [com.yellowbrossproductions.illageandspillage.IllageAndSpillage/]: Removed entity.illageandspillage.magispeller from Raids to prevent a post-mod-removal crash
[23Mar2025 01:57:05.211] [Server thread/INFO] [com.yellowbrossproductions.illageandspillage.IllageAndSpillage/]: Removed entity.illageandspillage.spiritcaller from Raids to prevent a post-mod-removal crash
[23Mar2025 01:57:05.213] [Server thread/INFO] [com.yellowbrossproductions.illageandspillage.IllageAndSpillage/]: Removed entity.illageandspillage.crocofang from Raids to prevent a post-mod-removal crash
[23Mar2025 01:57:05.214] [Server thread/INFO] [com.yellowbrossproductions.illageandspillage.IllageAndSpillage/]: Removed entity.illageandspillage.absorber from Raids to prevent a post-mod-removal crash
[23Mar2025 01:57:05.215] [Server thread/INFO] [com.yellowbrossproductions.illageandspillage.IllageAndSpillage/]: Removed entity.illageandspillage.preserver from Raids to prevent a post-mod-removal crash
[23Mar2025 01:57:05.216] [Server thread/INFO] [com.yellowbrossproductions.illageandspillage.IllageAndSpillage/]: Removed entity.illageandspillage.freakager from Raids to prevent a post-mod-removal crash
[23Mar2025 01:57:05.219] [Server thread/INFO] [com.yellowbrossproductions.illageandspillage.IllageAndSpillage/]: Removed entity.illageandspillage.old_freakager from Raids to prevent a post-mod-removal crash
[23Mar2025 01:57:05.219] [Server thread/INFO] [com.yellowbrossproductions.illageandspillage.IllageAndSpillage/]: Removed entity.illageandspillage.old_magispeller from Raids to prevent a post-mod-removal crash
[23Mar2025 01:57:47.404] [Server thread/INFO] [net.minecraft.server.players.PlayerList/]: LTCBAS2022[/127.157.4.137:37167] logged in with entity id 1252 at (852.2488914861004, 74.0, 108.45897361263891)
[23Mar2025 01:57:47.505] [Server thread/INFO] [net.minecraft.server.MinecraftServer/]: LTCBAS2022 joined the game
[23Mar2025 01:57:47.579] [Server thread/INFO] [Jade/]: Syncing config to LTCBAS2022 (2d34fe58-5639-3f57-9b50-26fd3cd6fb80)
[23Mar2025 01:57:54.442] [Server thread/WARN] [net.minecraft.server.MinecraftServer/]: Can't keep up! Is the server overloaded? Running 7011ms or 140 ticks behind
[23Mar2025 01:57:54.518] [Server thread/INFO] [net.minecraft.server.players.PlayerList/]: Gabriel[/127.252.190.177:40501] logged in with entity id 1254 at (1452.300000011921, 65.0, -8564.300000011921)
[23Mar2025 01:57:54.538] [Server thread/INFO] [net.minecraft.server.MinecraftServer/]: Gabriel joined the game
[23Mar2025 01:57:54.571] [Server thread/INFO] [Jade/]: Syncing config to Gabriel (eeca7e7a-1d3e-3204-a5b3-6647468c876e)
[23Mar2025 01:57:56.093] [Server thread/INFO] [net.minecraft.server.network.ServerLoginPacketListenerImpl/]: com.mojang.authlib.GameProfile@350f0262[id=<null>,name=Andremat2010,properties={},legacy=false] (/127.156.93.252:54757) lost connection: Disconnected
[23Mar2025 01:58:31.353] [Server thread/INFO] [net.minecraft.server.players.PlayerList/]: Andremat2010[/127.156.93.252:42613] logged in with entity id 2217 at (-1280.8806110810515, 76.0, 2418.232826490223)
[23Mar2025 01:58:31.374] [Server thread/INFO] [net.minecraft.server.MinecraftServer/]: Andremat2010 joined the game
[23Mar2025 01:58:31.384] [Server thread/INFO] [Jade/]: Syncing config to Andremat2010 (b6190ebc-ec78-3fbc-8ee5-431ad60fde8c)
[23Mar2025 01:59:29.537] [Server thread/WARN] [net.minecraft.server.MinecraftServer/]: Can't keep up! Is the server overloaded? Running 2006ms or 40 ticks behind
[23Mar2025 01:59:49.162] [Server thread/WARN] [net.minecraft.server.MinecraftServer/]: Can't keep up! Is the server overloaded? Running 4631ms or 92 ticks behind
[23Mar2025 02:00:08.309] [Server thread/WARN] [net.minecraft.server.MinecraftServer/]: Can't keep up! Is the server overloaded? Running 4178ms or 83 ticks behind
[23Mar2025 02:00:27.890] [Server thread/WARN] [net.minecraft.server.MinecraftServer/]: Can't keep up! Is the server overloaded? Running 4609ms or 92 ticks behind
[23Mar2025 02:00:46.015] [Server thread/WARN] [net.minecraft.server.MinecraftServer/]: Can't keep up! Is the server overloaded? Running 3134ms or 62 ticks behind
[23Mar2025 02:01:04.280] [Server thread/WARN] [net.minecraft.server.MinecraftServer/]: Can't keep up! Is the server overloaded? Running 3299ms or 65 ticks behind
[23Mar2025 02:01:22.039] [Server thread/WARN] [net.minecraft.server.MinecraftServer/]: Can't keep up! Is the server overloaded? Running 2808ms or 56 ticks behind
[23Mar2025 02:01:39.755] [Server thread/WARN] [net.minecraft.server.MinecraftServer/]: Can't keep up! Is the server overloaded? Running 2723ms or 54 ticks behind
[23Mar2025 02:01:58.054] [Server thread/WARN] [net.minecraft.server.MinecraftServer/]: Can't keep up! Is the server overloaded? Running 3323ms or 66 ticks behind
[23Mar2025 02:02:16.272] [Server thread/WARN] [net.minecraft.server.MinecraftServer/]: Can't keep up! Is the server overloaded? Running 3241ms or 64 ticks behind
[23Mar2025 02:02:34.093] [Server thread/WARN] [net.minecraft.server.MinecraftServer/]: Can't keep up! Is the server overloaded? Running 2861ms or 57 ticks behind
[23Mar2025 02:02:53.162] [Server thread/WARN] [net.minecraft.server.MinecraftServer/]: Can't keep up! Is the server overloaded? Running 4080ms or 81 ticks behind
[23Mar2025 02:03:11.287] [Server thread/WARN] [net.minecraft.server.MinecraftServer/]: Can't keep up! Is the server overloaded? Running 3156ms or 63 ticks behind
[23Mar2025 02:03:29.253] [Server thread/WARN] [net.minecraft.server.MinecraftServer/]: Can't keep up! Is the server overloaded? Running 2972ms or 59 ticks behind
[23Mar2025 02:03:46.288] [Server thread/WARN] [net.minecraft.server.MinecraftServer/]: Can't keep up! Is the server overloaded? Running 2006ms or 40 ticks behind
[23Mar2025 02:04:16.780] [Server thread/INFO] [net.minecraft.server.MinecraftServer/]: [Not Secure] <LTCBAS2022> mateo
[23Mar2025 02:04:28.712] [Server thread/INFO] [net.minecraft.server.MinecraftServer/]: [Not Secure] <LTCBAS2022> donde esta el filo 5
[23Mar2025 02:04:48.937] [Server thread/INFO] [net.minecraft.server.MinecraftServer/]: LTCBAS2022 has reached the goal [Fighting Nightmares]
[23Mar2025 02:07:29.648] [Server thread/INFO] [net.minecraft.server.network.ServerGamePacketListenerImpl/]: Andremat2010 lost connection: Disconnected
[23Mar2025 02:07:29.649] [Server thread/INFO] [net.minecraft.server.MinecraftServer/]: Andremat2010 left the game
[23Mar2025 02:09:08.138] [Server thread/INFO] [net.minecraft.server.network.ServerGamePacketListenerImpl/]: Gabriel lost connection: Disconnected
[23Mar2025 02:09:08.139] [Server thread/INFO] [net.minecraft.server.MinecraftServer/]: Gabriel left the game
[23Mar2025 02:10:32.426] [Server thread/INFO] [net.minecraft.server.players.PlayerList/]: fablex39[/127.104.85.61:42323] logged in with entity id 7546 at (474.83015706090106, 31.0, 429.23489139862096)
[23Mar2025 02:10:32.491] [Server thread/INFO] [net.minecraft.server.MinecraftServer/]: fablex39 joined the game
[23Mar2025 02:10:32.560] [Server thread/INFO] [Jade/]: Syncing config to fablex39 (e1846bef-2bf8-36e9-b65e-d64997e6db9c)
[23Mar2025 02:12:22.011] [Server thread/INFO] [net.minecraft.server.network.ServerGamePacketListenerImpl/]: LTCBAS2022 lost connection: Disconnected
[23Mar2025 02:12:22.012] [Server thread/INFO] [net.minecraft.server.MinecraftServer/]: LTCBAS2022 left the game
[23Mar2025 02:12:58.047] [Server thread/WARN] [net.minecraft.server.network.ServerGamePacketListenerImpl/]: fablex39 moved wrongly!
[23Mar2025 02:12:58.968] [Server thread/WARN] [tombstone/]: The death event of the player fablex39 was canceled by another mod
[23Mar2025 02:12:59.018] [Server thread/INFO] [tombstone/]: The player fablex39 has successfully been saved
[23Mar2025 02:13:04.934] [Server thread/INFO] [net.minecraft.world.entity.npc.Villager/]: Villager Villager['Unemployed'/8004, l='ServerLevel[world]', x=472.23, y=-256.00, z=440.24] died, message: 'Unemployed was killed'
[23Mar2025 02:13:58.913] [Server thread/INFO] [net.minecraft.server.MinecraftServer/]: fablex39 was slain by Wilted
[23Mar2025 02:14:56.933] [Server thread/INFO] [net.minecraft.world.entity.npc.Villager/]: Villager Villager['Unemployed'/8233, l='ServerLevel[world]', x=471.97, y=-256.00, z=428.19] died, message: 'Unemployed was killed'
[23Mar2025 02:22:17.258] [Server thread/INFO] [net.minecraft.server.network.ServerGamePacketListenerImpl/]: fablex39 lost connection: Disconnected
[23Mar2025 02:22:17.258] [Server thread/INFO] [net.minecraft.server.MinecraftServer/]: fablex39 left the game
[23Mar2025 02:22:17.382] [Server thread/INFO] [com.yellowbrossproductions.illageandspillage.IllageAndSpillage/]: Removed entity.illageandspillage.boss_randomizer from Raids to prevent a post-mod-removal crash
[23Mar2025 02:22:17.383] [Server thread/INFO] [com.yellowbrossproductions.illageandspillage.IllageAndSpillage/]: Removed entity.illageandspillage.igniter from Raids to prevent a post-mod-removal crash
[23Mar2025 02:22:17.383] [Server thread/INFO] [com.yellowbrossproductions.illageandspillage.IllageAndSpillage/]: Removed entity.illageandspillage.engineer from Raids to prevent a post-mod-removal crash
[23Mar2025 02:22:17.383] [Server thread/INFO] [com.yellowbrossproductions.illageandspillage.IllageAndSpillage/]: Removed entity.illageandspillage.twittollager from Raids to prevent a post-mod-removal crash
[23Mar2025 02:22:17.383] [Server thread/INFO] [com.yellowbrossproductions.illageandspillage.IllageAndSpillage/]: Removed entity.illageandspillage.magispeller from Raids to prevent a post-mod-removal crash
[23Mar2025 02:22:17.383] [Server thread/INFO] [com.yellowbrossproductions.illageandspillage.IllageAndSpillage/]: Removed entity.illageandspillage.spiritcaller from Raids to prevent a post-mod-removal crash
[23Mar2025 02:22:17.383] [Server thread/INFO] [com.yellowbrossproductions.illageandspillage.IllageAndSpillage/]: Removed entity.illageandspillage.crocofang from Raids to prevent a post-mod-removal crash
[23Mar2025 02:22:17.383] [Server thread/INFO] [com.yellowbrossproductions.illageandspillage.IllageAndSpillage/]: Removed entity.illageandspillage.absorber from Raids to prevent a post-mod-removal crash
[23Mar2025 02:22:17.383] [Server thread/INFO] [com.yellowbrossproductions.illageandspillage.IllageAndSpillage/]: Removed entity.illageandspillage.preserver from Raids to prevent a post-mod-removal crash
[23Mar2025 02:22:17.383] [Server thread/INFO] [com.yellowbrossproductions.illageandspillage.IllageAndSpillage/]: Removed entity.illageandspillage.freakager from Raids to prevent a post-mod-removal crash
[23Mar2025 02:22:17.383] [Server thread/INFO] [com.yellowbrossproductions.illageandspillage.IllageAndSpillage/]: Removed entity.illageandspillage.old_freakager from Raids to prevent a post-mod-removal crash
[23Mar2025 02:22:17.383] [Server thread/INFO] [com.yellowbrossproductions.illageandspillage.IllageAndSpillage/]: Removed entity.illageandspillage.old_magispeller from Raids to prevent a post-mod-removal crash
[23Mar2025 02:22:17.385] [Server thread/INFO] [net.minecraft.server.MinecraftServer/]: Stopping server
[23Mar2025 02:22:17.386] [Server thread/INFO] [net.minecraft.server.MinecraftServer/]: Saving players
[23Mar2025 02:22:17.386] [Server thread/INFO] [net.minecraft.server.MinecraftServer/]: Saving worlds
[23Mar2025 02:22:17.455] [Server thread/INFO] [net.minecraft.server.MinecraftServer/]: Saving chunks for level 'ServerLevel[world]'/minecraft:overworld
[23Mar2025 02:22:17.595] [Server thread/INFO] [net.minecraft.server.MinecraftServer/]: Saving chunks for level 'ServerLevel[world]'/ad_astra:mars_orbit
[23Mar2025 02:22:17.596] [Server thread/INFO] [net.minecraft.server.MinecraftServer/]: Saving chunks for level 'ServerLevel[world]'/ad_astra:mercury_orbit
[23Mar2025 02:22:17.597] [Server thread/INFO] [net.minecraft.server.MinecraftServer/]: Saving chunks for level 'ServerLevel[world]'/deeperdarker:otherside
[23Mar2025 02:22:17.598] [Server thread/INFO] [net.minecraft.server.MinecraftServer/]: Saving chunks for level 'ServerLevel[world]'/graveyard:past
[23Mar2025 02:22:17.599] [Server thread/INFO] [net.minecraft.server.MinecraftServer/]: Saving chunks for level 'ServerLevel[world]'/ad_astra:moon_orbit
[23Mar2025 02:22:17.600] [Server thread/INFO] [net.minecraft.server.MinecraftServer/]: Saving chunks for level 'ServerLevel[world]'/faded_conquest_2:the_abyss
[23Mar2025 02:22:17.601] [Server thread/INFO] [net.minecraft.server.MinecraftServer/]: Saving chunks for level 'ServerLevel[world]'/ad_astra:earth_orbit
[23Mar2025 02:22:17.602] [Server thread/INFO] [net.minecraft.server.MinecraftServer/]: Saving chunks for level 'ServerLevel[world]'/ad_astra:venus_orbit
[23Mar2025 02:22:17.603] [Server thread/INFO] [net.minecraft.server.MinecraftServer/]: Saving chunks for level 'ServerLevel[world]'/twilightforest:twilight_forest
[23Mar2025 02:22:17.604] [Server thread/INFO] [net.minecraft.server.MinecraftServer/]: Saving chunks for level 'ServerLevel[world]'/ad_astra:glacio
[23Mar2025 02:22:17.605] [Server thread/INFO] [net.minecraft.server.MinecraftServer/]: Saving chunks for level 'ServerLevel[world]'/ad_astra:venus
[23Mar2025 02:22:17.605] [Server thread/INFO] [net.minecraft.server.MinecraftServer/]: Saving chunks for level 'ServerLevel[world]'/ad_astra:moon
[23Mar2025 02:22:17.606] [Server thread/INFO] [net.minecraft.server.MinecraftServer/]: Saving chunks for level 'ServerLevel[world]'/witherstormmod:bowels
[23Mar2025 02:22:17.611] [Server thread/INFO] [net.minecraft.server.MinecraftServer/]: Saving chunks for level 'ServerLevel[world]'/minecraft:the_nether
[23Mar2025 02:22:17.611] [Server thread/INFO] [net.minecraft.server.MinecraftServer/]: Saving chunks for level 'ServerLevel[world]'/ad_astra:glacio_orbit
[23Mar2025 02:22:17.612] [Server thread/INFO] [net.minecraft.server.MinecraftServer/]: Saving chunks for level 'ServerLevel[world]'/ad_astra:mercury
[23Mar2025 02:22:17.614] [Server thread/INFO] [net.minecraft.server.MinecraftServer/]: Saving chunks for level 'ServerLevel[world]'/faded_conquest_2:the_mirror_realm
[23Mar2025 02:22:17.615] [Server thread/INFO] [net.minecraft.server.MinecraftServer/]: Saving chunks for level 'ServerLevel[world]'/minecraft:the_end
[23Mar2025 02:22:17.616] [Server thread/INFO] [net.minecraft.server.MinecraftServer/]: Saving chunks for level 'ServerLevel[world]'/ad_astra:mars
[23Mar2025 02:22:17.748] [Server thread/INFO] [net.minecraft.server.MinecraftServer/]: ThreadedAnvilChunkStorage (world): All chunks are saved
[23Mar2025 02:22:17.749] [Server thread/INFO] [net.minecraft.server.MinecraftServer/]: ThreadedAnvilChunkStorage (mars_orbit): All chunks are saved
[23Mar2025 02:22:17.749] [Server thread/INFO] [net.minecraft.server.MinecraftServer/]: ThreadedAnvilChunkStorage (mercury_orbit): All chunks are saved
[23Mar2025 02:22:17.749] [Server thread/INFO] [net.minecraft.server.MinecraftServer/]: ThreadedAnvilChunkStorage (otherside): All chunks are saved
[23Mar2025 02:22:17.749] [Server thread/INFO] [net.minecraft.server.MinecraftServer/]: ThreadedAnvilChunkStorage (past): All chunks are saved
[23Mar2025 02:22:17.749] [Server thread/INFO] [net.minecraft.server.MinecraftServer/]: ThreadedAnvilChunkStorage (moon_orbit): All chunks are saved
[23Mar2025 02:22:17.749] [Server thread/INFO] [net.minecraft.server.MinecraftServer/]: ThreadedAnvilChunkStorage (the_abyss): All chunks are saved
[23Mar2025 02:22:17.749] [Server thread/INFO] [net.minecraft.server.MinecraftServer/]: ThreadedAnvilChunkStorage (earth_orbit): All chunks are saved
[23Mar2025 02:22:17.749] [Server thread/INFO] [net.minecraft.server.MinecraftServer/]: ThreadedAnvilChunkStorage (venus_orbit): All chunks are saved
[23Mar2025 02:22:17.749] [Server thread/INFO] [net.minecraft.server.MinecraftServer/]: ThreadedAnvilChunkStorage (twilight_forest): All chunks are saved
[23Mar2025 02:22:17.749] [Server thread/INFO] [net.minecraft.server.MinecraftServer/]: ThreadedAnvilChunkStorage (glacio): All chunks are saved
[23Mar2025 02:22:17.749] [Server thread/INFO] [net.minecraft.server.MinecraftServer/]: ThreadedAnvilChunkStorage (venus): All chunks are saved
[23Mar2025 02:22:17.749] [Server thread/INFO] [net.minecraft.server.MinecraftServer/]: ThreadedAnvilChunkStorage (moon): All chunks are saved
[23Mar2025 02:22:17.749] [Server thread/INFO] [net.minecraft.server.MinecraftServer/]: ThreadedAnvilChunkStorage (bowels): All chunks are saved
[23Mar2025 02:22:17.749] [Server thread/INFO] [net.minecraft.server.MinecraftServer/]: ThreadedAnvilChunkStorage (DIM-1): All chunks are saved
[23Mar2025 02:22:17.749] [Server thread/INFO] [net.minecraft.server.MinecraftServer/]: ThreadedAnvilChunkStorage (glacio_orbit): All chunks are saved
[23Mar2025 02:22:17.749] [Server thread/INFO] [net.minecraft.server.MinecraftServer/]: ThreadedAnvilChunkStorage (mercury): All chunks are saved
[23Mar2025 02:22:17.749] [Server thread/INFO] [net.minecraft.server.MinecraftServer/]: ThreadedAnvilChunkStorage (the_mirror_realm): All chunks are saved
[23Mar2025 02:22:17.749] [Server thread/INFO] [net.minecraft.server.MinecraftServer/]: ThreadedAnvilChunkStorage (DIM1): All chunks are saved
[23Mar2025 02:22:17.749] [Server thread/INFO] [net.minecraft.server.MinecraftServer/]: ThreadedAnvilChunkStorage (mars): All chunks are saved
[23Mar2025 02:22:17.749] [Server thread/INFO] [net.minecraft.server.MinecraftServer/]: ThreadedAnvilChunkStorage: All dimensions are saved
[23Mar2025 02:22:17.749] [Server thread/INFO] [com.yellowbrossproductions.illageandspillage.IllageAndSpillage/]: Removed entity.illageandspillage.boss_randomizer from Raids to prevent a post-mod-removal crash
[23Mar2025 02:22:17.749] [Server thread/INFO] [com.yellowbrossproductions.illageandspillage.IllageAndSpillage/]: Removed entity.illageandspillage.igniter from Raids to prevent a post-mod-removal crash
[23Mar2025 02:22:17.749] [Server thread/INFO] [com.yellowbrossproductions.illageandspillage.IllageAndSpillage/]: Removed entity.illageandspillage.engineer from Raids to prevent a post-mod-removal crash
[23Mar2025 02:22:17.749] [Server thread/INFO] [com.yellowbrossproductions.illageandspillage.IllageAndSpillage/]: Removed entity.illageandspillage.twittollager from Raids to prevent a post-mod-removal crash
[23Mar2025 02:22:17.749] [Server thread/INFO] [com.yellowbrossproductions.illageandspillage.IllageAndSpillage/]: Removed entity.illageandspillage.magispeller from Raids to prevent a post-mod-removal crash
[23Mar2025 02:22:17.750] [Server thread/INFO] [com.yellowbrossproductions.illageandspillage.IllageAndSpillage/]: Removed entity.illageandspillage.spiritcaller from Raids to prevent a post-mod-removal crash
[23Mar2025 02:22:17.750] [Server thread/INFO] [com.yellowbrossproductions.illageandspillage.IllageAndSpillage/]: Removed entity.illageandspillage.crocofang from Raids to prevent a post-mod-removal crash
[23Mar2025 02:22:17.750] [Server thread/INFO] [com.yellowbrossproductions.illageandspillage.IllageAndSpillage/]: Removed entity.illageandspillage.absorber from Raids to prevent a post-mod-removal crash
[23Mar2025 02:22:17.750] [Server thread/INFO] [com.yellowbrossproductions.illageandspillage.IllageAndSpillage/]: Removed entity.illageandspillage.preserver from Raids to prevent a post-mod-removal crash
[23Mar2025 02:22:17.750] [Server thread/INFO] [com.yellowbrossproductions.illageandspillage.IllageAndSpillage/]: Removed entity.illageandspillage.freakager from Raids to prevent a post-mod-removal crash
[23Mar2025 02:22:17.750] [Server thread/INFO] [com.yellowbrossproductions.illageandspillage.IllageAndSpillage/]: Removed entity.illageandspillage.old_freakager from Raids to prevent a post-mod-removal crash
[23Mar2025 02:22:17.750] [Server thread/INFO] [com.yellowbrossproductions.illageandspillage.IllageAndSpillage/]: Removed entity.illageandspillage.old_magispeller from Raids to prevent a post-mod-removal crash
[23Mar2025 02:22:17.773] [Server thread/INFO] [com.yellowbrossproductions.illageandspillage.IllageAndSpillage/]: Removed entity.illageandspillage.boss_randomizer from Raids to prevent a post-mod-removal crash
[23Mar2025 02:22:17.773] [Server thread/INFO] [com.yellowbrossproductions.illageandspillage.IllageAndSpillage/]: Removed entity.illageandspillage.igniter from Raids to prevent a post-mod-removal crash
[23Mar2025 02:22:17.773] [Server thread/INFO] [com.yellowbrossproductions.illageandspillage.IllageAndSpillage/]: Removed entity.illageandspillage.engineer from Raids to prevent a post-mod-removal crash
[23Mar2025 02:22:17.773] [Server thread/INFO] [com.yellowbrossproductions.illageandspillage.IllageAndSpillage/]: Removed entity.illageandspillage.twittollager from Raids to prevent a post-mod-removal crash
[23Mar2025 02:22:17.773] [Server thread/INFO] [com.yellowbrossproductions.illageandspillage.IllageAndSpillage/]: Removed entity.illageandspillage.magispeller from Raids to prevent a post-mod-removal crash
[23Mar2025 02:22:17.773] [Server thread/INFO] [com.yellowbrossproductions.illageandspillage.IllageAndSpillage/]: Removed entity.illageandspillage.spiritcaller from Raids to prevent a post-mod-removal crash
[23Mar2025 02:22:17.774] [Server thread/INFO] [com.yellowbrossproductions.illageandspillage.IllageAndSpillage/]: Removed entity.illageandspillage.crocofang from Raids to prevent a post-mod-removal crash
[23Mar2025 02:22:17.774] [Server thread/INFO] [com.yellowbrossproductions.illageandspillage.IllageAndSpillage/]: Removed entity.illageandspillage.absorber from Raids to prevent a post-mod-removal crash
[23Mar2025 02:22:17.774] [Server thread/INFO] [com.yellowbrossproductions.illageandspillage.IllageAndSpillage/]: Removed entity.illageandspillage.preserver from Raids to prevent a post-mod-removal crash
[23Mar2025 02:22:17.774] [Server thread/INFO] [com.yellowbrossproductions.illageandspillage.IllageAndSpillage/]: Removed entity.illageandspillage.freakager from Raids to prevent a post-mod-removal crash
[23Mar2025 02:22:17.774] [Server thread/INFO] [com.yellowbrossproductions.illageandspillage.IllageAndSpillage/]: Removed entity.illageandspillage.old_freakager from Raids to prevent a post-mod-removal crash
[23Mar2025 02:22:17.774] [Server thread/INFO] [com.yellowbrossproductions.illageandspillage.IllageAndSpillage/]: Removed entity.illageandspillage.old_magispeller from Raids to prevent a post-mod-removal crash
[23Mar2025 02:22:17.775] [Server thread/INFO] [com.yellowbrossproductions.illageandspillage.IllageAndSpillage/]: Removed entity.illageandspillage.boss_randomizer from Raids to prevent a post-mod-removal crash
[23Mar2025 02:22:17.775] [Server thread/INFO] [com.yellowbrossproductions.illageandspillage.IllageAndSpillage/]: Removed entity.illageandspillage.igniter from Raids to prevent a post-mod-removal crash
[23Mar2025 02:22:17.775] [Server thread/INFO] [com.yellowbrossproductions.illageandspillage.IllageAndSpillage/]: Removed entity.illageandspillage.engineer from Raids to prevent a post-mod-removal crash
[23Mar2025 02:22:17.775] [Server thread/INFO] [com.yellowbrossproductions.illageandspillage.IllageAndSpillage/]: Removed entity.illageandspillage.twittollager from Raids to prevent a post-mod-removal crash
[23Mar2025 02:22:17.775] [Server thread/INFO] [com.yellowbrossproductions.illageandspillage.IllageAndSpillage/]: Removed entity.illageandspillage.magispeller from Raids to prevent a post-mod-removal crash
[23Mar2025 02:22:17.775] [Server thread/INFO] [com.yellowbrossproductions.illageandspillage.IllageAndSpillage/]: Removed entity.illageandspillage.spiritcaller from Raids to prevent a post-mod-removal crash
[23Mar2025 02:22:17.775] [Server thread/INFO] [com.yellowbrossproductions.illageandspillage.IllageAndSpillage/]: Removed entity.illageandspillage.crocofang from Raids to prevent a post-mod-removal crash
[23Mar2025 02:22:17.775] [Server thread/INFO] [com.yellowbrossproductions.illageandspillage.IllageAndSpillage/]: Removed entity.illageandspillage.absorber from Raids to prevent a post-mod-removal crash
[23Mar2025 02:22:17.775] [Server thread/INFO] [com.yellowbrossproductions.illageandspillage.IllageAndSpillage/]: Removed entity.illageandspillage.preserver from Raids to prevent a post-mod-removal crash
[23Mar2025 02:22:17.775] [Server thread/INFO] [com.yellowbrossproductions.illageandspillage.IllageAndSpillage/]: Removed entity.illageandspillage.freakager from Raids to prevent a post-mod-removal crash
[23Mar2025 02:22:17.775] [Server thread/INFO] [com.yellowbrossproductions.illageandspillage.IllageAndSpillage/]: Removed entity.illageandspillage.old_freakager from Raids to prevent a post-mod-removal crash
[23Mar2025 02:22:17.775] [Server thread/INFO] [com.yellowbrossproductions.illageandspillage.IllageAndSpillage/]: Removed entity.illageandspillage.old_magispeller from Raids to prevent a post-mod-removal crash
[23Mar2025 02:22:17.777] [Server thread/INFO] [com.yellowbrossproductions.illageandspillage.IllageAndSpillage/]: Removed entity.illageandspillage.boss_randomizer from Raids to prevent a post-mod-removal crash
[23Mar2025 02:22:17.777] [Server thread/INFO] [com.yellowbrossproductions.illageandspillage.IllageAndSpillage/]: Removed entity.illageandspillage.igniter from Raids to prevent a post-mod-removal crash
[23Mar2025 02:22:17.777] [Server thread/INFO] [com.yellowbrossproductions.illageandspillage.IllageAndSpillage/]: Removed entity.illageandspillage.engineer from Raids to prevent a post-mod-removal crash
[23Mar2025 02:22:17.778] [Server thread/INFO] [com.yellowbrossproductions.illageandspillage.IllageAndSpillage/]: Removed entity.illageandspillage.twittollager from Raids to prevent a post-mod-removal crash
[23Mar2025 02:22:17.778] [Server thread/INFO] [com.yellowbrossproductions.illageandspillage.IllageAndSpillage/]: Removed entity.illageandspillage.magispeller from Raids to prevent a post-mod-removal crash
[23Mar2025 02:22:17.778] [Server thread/INFO] [com.yellowbrossproductions.illageandspillage.IllageAndSpillage/]: Removed entity.illageandspillage.spiritcaller from Raids to prevent a post-mod-removal crash
[23Mar2025 02:22:17.778] [Server thread/INFO] [com.yellowbrossproductions.illageandspillage.IllageAndSpillage/]: Removed entity.illageandspillage.crocofang from Raids to prevent a post-mod-removal crash
[23Mar2025 02:22:17.778] [Server thread/INFO] [com.yellowbrossproductions.illageandspillage.IllageAndSpillage/]: Removed entity.illageandspillage.absorber from Raids to prevent a post-mod-removal crash
[23Mar2025 02:22:17.778] [Server thread/INFO] [com.yellowbrossproductions.illageandspillage.IllageAndSpillage/]: Removed entity.illageandspillage.preserver from Raids to prevent a post-mod-removal crash
[23Mar2025 02:22:17.778] [Server thread/INFO] [com.yellowbrossproductions.illageandspillage.IllageAndSpillage/]: Removed entity.illageandspillage.freakager from Raids to prevent a post-mod-removal crash
[23Mar2025 02:22:17.778] [Server thread/INFO] [com.yellowbrossproductions.illageandspillage.IllageAndSpillage/]: Removed entity.illageandspillage.old_freakager from Raids to prevent a post-mod-removal crash
[23Mar2025 02:22:17.778] [Server thread/INFO] [com.yellowbrossproductions.illageandspillage.IllageAndSpillage/]: Removed entity.illageandspillage.old_magispeller from Raids to prevent a post-mod-removal crash
[23Mar2025 02:22:17.779] [Server thread/INFO] [com.yellowbrossproductions.illageandspillage.IllageAndSpillage/]: Removed entity.illageandspillage.boss_randomizer from Raids to prevent a post-mod-removal crash
[23Mar2025 02:22:17.779] [Server thread/INFO] [com.yellowbrossproductions.illageandspillage.IllageAndSpillage/]: Removed entity.illageandspillage.igniter from Raids to prevent a post-mod-removal crash
[23Mar2025 02:22:17.779] [Server thread/INFO] [com.yellowbrossproductions.illageandspillage.IllageAndSpillage/]: Removed entity.illageandspillage.engineer from Raids to prevent a post-mod-removal crash
[23Mar2025 02:22:17.779] [Server thread/INFO] [com.yellowbrossproductions.illageandspillage.IllageAndSpillage/]: Removed entity.illageandspillage.twittollager from Raids to prevent a post-mod-removal crash
[23Mar2025 02:22:17.780] [Server thread/INFO] [com.yellowbrossproductions.illageandspillage.IllageAndSpillage/]: Removed entity.illageandspillage.magispeller from Raids to prevent a post-mod-removal crash
[23Mar2025 02:22:17.780] [Server thread/INFO] [com.yellowbrossproductions.illageandspillage.IllageAndSpillage/]: Removed entity.illageandspillage.spiritcaller from Raids to prevent a post-mod-removal crash
[23Mar2025 02:22:17.780] [Server thread/INFO] [com.yellowbrossproductions.illageandspillage.IllageAndSpillage/]: Removed entity.illageandspillage.crocofang from Raids to prevent a post-mod-removal crash
[23Mar2025 02:22:17.780] [Server thread/INFO] [com.yellowbrossproductions.illageandspillage.IllageAndSpillage/]: Removed entity.illageandspillage.absorber from Raids to prevent a post-mod-removal crash
[23Mar2025 02:22:17.780] [Server thread/INFO] [com.yellowbrossproductions.illageandspillage.IllageAndSpillage/]: Removed entity.illageandspillage.preserver from Raids to prevent a post-mod-removal crash
[23Mar2025 02:22:17.780] [Server thread/INFO] [com.yellowbrossproductions.illageandspillage.IllageAndSpillage/]: Removed entity.illageandspillage.freakager from Raids to prevent a post-mod-removal crash
[23Mar2025 02:22:17.780] [Server thread/INFO] [com.yellowbrossproductions.illageandspillage.IllageAndSpillage/]: Removed entity.illageandspillage.old_freakager from Raids to prevent a post-mod-removal crash
[23Mar2025 02:22:17.780] [Server thread/INFO] [com.yellowbrossproductions.illageandspillage.IllageAndSpillage/]: Removed entity.illageandspillage.old_magispeller from Raids to prevent a post-mod-removal crash
[23Mar2025 02:22:17.782] [Server thread/INFO] [com.yellowbrossproductions.illageandspillage.IllageAndSpillage/]: Removed entity.illageandspillage.boss_randomizer from Raids to prevent a post-mod-removal crash
[23Mar2025 02:22:17.782] [Server thread/INFO] [com.yellowbrossproductions.illageandspillage.IllageAndSpillage/]: Removed entity.illageandspillage.igniter from Raids to prevent a post-mod-removal crash
[23Mar2025 02:22:17.782] [Server thread/INFO] [com.yellowbrossproductions.illageandspillage.IllageAndSpillage/]: Removed entity.illageandspillage.engineer from Raids to prevent a post-mod-removal crash
[23Mar2025 02:22:17.782] [Server thread/INFO] [com.yellowbrossproductions.illageandspillage.IllageAndSpillage/]: Removed entity.illageandspillage.twittollager from Raids to prevent a post-mod-removal crash
[23Mar2025 02:22:17.782] [Server thread/INFO] [com.yellowbrossproductions.illageandspillage.IllageAndSpillage/]: Removed entity.illageandspillage.magispeller from Raids to prevent a post-mod-removal crash
[23Mar2025 02:22:17.782] [Server thread/INFO] [com.yellowbrossproductions.illageandspillage.IllageAndSpillage/]: Removed entity.illageandspillage.spiritcaller from Raids to prevent a post-mod-removal crash
[23Mar2025 02:22:17.782] [Server thread/INFO] [com.yellowbrossproductions.illageandspillage.IllageAndSpillage/]: Removed entity.illageandspillage.crocofang from Raids to prevent a post-mod-removal crash
[23Mar2025 02:22:17.782] [Server thread/INFO] [com.yellowbrossproductions.illageandspillage.IllageAndSpillage/]: Removed entity.illageandspillage.absorber from Raids to prevent a post-mod-removal crash
[23Mar2025 02:22:17.782] [Server thread/INFO] [com.yellowbrossproductions.illageandspillage.IllageAndSpillage/]: Removed entity.illageandspillage.preserver from Raids to prevent a post-mod-removal crash
[23Mar2025 02:22:17.782] [Server thread/INFO] [com.yellowbrossproductions.illageandspillage.IllageAndSpillage/]: Removed entity.illageandspillage.freakager from Raids to prevent a post-mod-removal crash
[23Mar2025 02:22:17.782] [Server thread/INFO] [com.yellowbrossproductions.illageandspillage.IllageAndSpillage/]: Removed entity.illageandspillage.old_freakager from Raids to prevent a post-mod-removal crash
[23Mar2025 02:22:17.782] [Server thread/INFO] [com.yellowbrossproductions.illageandspillage.IllageAndSpillage/]: Removed entity.illageandspillage.old_magispeller from Raids to prevent a post-mod-removal crash
[23Mar2025 02:22:17.784] [Server thread/INFO] [com.yellowbrossproductions.illageandspillage.IllageAndSpillage/]: Removed entity.illageandspillage.boss_randomizer from Raids to prevent a post-mod-removal crash
[23Mar2025 02:22:17.784] [Server thread/INFO] [com.yellowbrossproductions.illageandspillage.IllageAndSpillage/]: Removed entity.illageandspillage.igniter from Raids to prevent a post-mod-removal crash
[23Mar2025 02:22:17.784] [Server thread/INFO] [com.yellowbrossproductions.illageandspillage.IllageAndSpillage/]: Removed entity.illageandspillage.engineer from Raids to prevent a post-mod-removal crash
[23Mar2025 02:22:17.784] [Server thread/INFO] [com.yellowbrossproductions.illageandspillage.IllageAndSpillage/]: Removed entity.illageandspillage.twittollager from Raids to prevent a post-mod-removal crash
[23Mar2025 02:22:17.784] [Server thread/INFO] [com.yellowbrossproductions.illageandspillage.IllageAndSpillage/]: Removed entity.illageandspillage.magispeller from Raids to prevent a post-mod-removal crash
[23Mar2025 02:22:17.784] [Server thread/INFO] [com.yellowbrossproductions.illageandspillage.IllageAndSpillage/]: Removed entity.illageandspillage.spiritcaller from Raids to prevent a post-mod-removal crash
[23Mar2025 02:22:17.784] [Server thread/INFO] [com.yellowbrossproductions.illageandspillage.IllageAndSpillage/]: Removed entity.illageandspillage.crocofang from Raids to prevent a post-mod-removal crash
[23Mar2025 02:22:17.784] [Server thread/INFO] [com.yellowbrossproductions.illageandspillage.IllageAndSpillage/]: Removed entity.illageandspillage.absorber from Raids to prevent a post-mod-removal crash
[23Mar2025 02:22:17.784] [Server thread/INFO] [com.yellowbrossproductions.illageandspillage.IllageAndSpillage/]: Removed entity.illageandspillage.preserver from Raids to prevent a post-mod-removal crash
[23Mar2025 02:22:17.784] [Server thread/INFO] [com.yellowbrossproductions.illageandspillage.IllageAndSpillage/]: Removed entity.illageandspillage.freakager from Raids to prevent a post-mod-removal crash
[23Mar2025 02:22:17.784] [Server thread/INFO] [com.yellowbrossproductions.illageandspillage.IllageAndSpillage/]: Removed entity.illageandspillage.old_freakager from Raids to prevent a post-mod-removal crash
[23Mar2025 02:22:17.784] [Server thread/INFO] [com.yellowbrossproductions.illageandspillage.IllageAndSpillage/]: Removed entity.illageandspillage.old_magispeller from Raids to prevent a post-mod-removal crash
[23Mar2025 02:22:17.785] [Server thread/INFO] [com.yellowbrossproductions.illageandspillage.IllageAndSpillage/]: Removed entity.illageandspillage.boss_randomizer from Raids to prevent a post-mod-removal crash
[23Mar2025 02:22:17.786] [Server thread/INFO] [com.yellowbrossproductions.illageandspillage.IllageAndSpillage/]: Removed entity.illageandspillage.igniter from Raids to prevent a post-mod-removal crash
[23Mar2025 02:22:17.786] [Server thread/INFO] [com.yellowbrossproductions.illageandspillage.IllageAndSpillage/]: Removed entity.illageandspillage.engineer from Raids to prevent a post-mod-removal crash
[23Mar2025 02:22:17.786] [Server thread/INFO] [com.yellowbrossproductions.illageandspillage.IllageAndSpillage/]: Removed entity.illageandspillage.twittollager from Raids to prevent a post-mod-removal crash
[23Mar2025 02:22:17.786] [Server thread/INFO] [com.yellowbrossproductions.illageandspillage.IllageAndSpillage/]: Removed entity.illageandspillage.magispeller from Raids to prevent a post-mod-removal crash
[23Mar2025 02:22:17.786] [Server thread/INFO] [com.yellowbrossproductions.illageandspillage.IllageAndSpillage/]: Removed entity.illageandspillage.spiritcaller from Raids to prevent a post-mod-removal crash
[23Mar2025 02:22:17.786] [Server thread/INFO] [com.yellowbrossproductions.illageandspillage.IllageAndSpillage/]: Removed entity.illageandspillage.crocofang from Raids to prevent a post-mod-removal crash
[23Mar2025 02:22:17.786] [Server thread/INFO] [com.yellowbrossproductions.illageandspillage.IllageAndSpillage/]: Removed entity.illageandspillage.absorber from Raids to prevent a post-mod-removal crash
[23Mar2025 02:22:17.786] [Server thread/INFO] [com.yellowbrossproductions.illageandspillage.IllageAndSpillage/]: Removed entity.illageandspillage.preserver from Raids to prevent a post-mod-removal crash
[23Mar2025 02:22:17.786] [Server thread/INFO] [com.yellowbrossproductions.illageandspillage.IllageAndSpillage/]: Removed entity.illageandspillage.freakager from Raids to prevent a post-mod-removal crash
[23Mar2025 02:22:17.786] [Server thread/INFO] [com.yellowbrossproductions.illageandspillage.IllageAndSpillage/]: Removed entity.illageandspillage.old_freakager from Raids to prevent a post-mod-removal crash
[23Mar2025 02:22:17.786] [Server thread/INFO] [com.yellowbrossproductions.illageandspillage.IllageAndSpillage/]: Removed entity.illageandspillage.old_magispeller from Raids to prevent a post-mod-removal crash
[23Mar2025 02:22:17.787] [Server thread/INFO] [com.yellowbrossproductions.illageandspillage.IllageAndSpillage/]: Removed entity.illageandspillage.boss_randomizer from Raids to prevent a post-mod-removal crash
[23Mar2025 02:22:17.787] [Server thread/INFO] [com.yellowbrossproductions.illageandspillage.IllageAndSpillage/]: Removed entity.illageandspillage.igniter from Raids to prevent a post-mod-removal crash
[23Mar2025 02:22:17.787] [Server thread/INFO] [com.yellowbrossproductions.illageandspillage.IllageAndSpillage/]: Removed entity.illageandspillage.engineer from Raids to prevent a post-mod-removal crash
[23Mar2025 02:22:17.787] [Server thread/INFO] [com.yellowbrossproductions.illageandspillage.IllageAndSpillage/]: Removed entity.illageandspillage.twittollager from Raids to prevent a post-mod-removal crash
[23Mar2025 02:22:17.787] [Server thread/INFO] [com.yellowbrossproductions.illageandspillage.IllageAndSpillage/]: Removed entity.illageandspillage.magispeller from Raids to prevent a post-mod-removal crash
[23Mar2025 02:22:17.787] [Server thread/INFO] [com.yellowbrossproductions.illageandspillage.IllageAndSpillage/]: Removed entity.illageandspillage.spiritcaller from Raids to prevent a post-mod-removal crash
[23Mar2025 02:22:17.787] [Server thread/INFO] [com.yellowbrossproductions.illageandspillage.IllageAndSpillage/]: Removed entity.illageandspillage.crocofang from Raids to prevent a post-mod-removal crash
[23Mar2025 02:22:17.787] [Server thread/INFO] [com.yellowbrossproductions.illageandspillage.IllageAndSpillage/]: Removed entity.illageandspillage.absorber from Raids to prevent a post-mod-removal crash
[23Mar2025 02:22:17.787] [Server thread/INFO] [com.yellowbrossproductions.illageandspillage.IllageAndSpillage/]: Removed entity.illageandspillage.preserver from Raids to prevent a post-mod-removal crash
[23Mar2025 02:22:17.787] [Server thread/INFO] [com.yellowbrossproductions.illageandspillage.IllageAndSpillage/]: Removed entity.illageandspillage.freakager from Raids to prevent a post-mod-removal crash
[23Mar2025 02:22:17.787] [Server thread/INFO] [com.yellowbrossproductions.illageandspillage.IllageAndSpillage/]: Removed entity.illageandspillage.old_freakager from Raids to prevent a post-mod-removal crash
[23Mar2025 02:22:17.788] [Server thread/INFO] [com.yellowbrossproductions.illageandspillage.IllageAndSpillage/]: Removed entity.illageandspillage.old_magispeller from Raids to prevent a post-mod-removal crash
[23Mar2025 02:22:17.788] [Server thread/INFO] [com.yellowbrossproductions.illageandspillage.IllageAndSpillage/]: Removed entity.illageandspillage.boss_randomizer from Raids to prevent a post-mod-removal crash
[23Mar2025 02:22:17.788] [Server thread/INFO] [com.yellowbrossproductions.illageandspillage.IllageAndSpillage/]: Removed entity.illageandspillage.igniter from Raids to prevent a post-mod-removal crash
[23Mar2025 02:22:17.788] [Server thread/INFO] [com.yellowbrossproductions.illageandspillage.IllageAndSpillage/]: Removed entity.illageandspillage.engineer from Raids to prevent a post-mod-removal crash
[23Mar2025 02:22:17.788] [Server thread/INFO] [com.yellowbrossproductions.illageandspillage.IllageAndSpillage/]: Removed entity.illageandspillage.twittollager from Raids to prevent a post-mod-removal crash
[23Mar2025 02:22:17.788] [Server thread/INFO] [com.yellowbrossproductions.illageandspillage.IllageAndSpillage/]: Removed entity.illageandspillage.magispeller from Raids to prevent a post-mod-removal crash
[23Mar2025 02:22:17.788] [Server thread/INFO] [com.yellowbrossproductions.illageandspillage.IllageAndSpillage/]: Removed entity.illageandspillage.spiritcaller from Raids to prevent a post-mod-removal crash
[23Mar2025 02:22:17.788] [Server thread/INFO] [com.yellowbrossproductions.illageandspillage.IllageAndSpillage/]: Removed entity.illageandspillage.crocofang from Raids to prevent a post-mod-removal crash
[23Mar2025 02:22:17.788] [Server thread/INFO] [com.yellowbrossproductions.illageandspillage.IllageAndSpillage/]: Removed entity.illageandspillage.absorber from Raids to prevent a post-mod-removal crash
[23Mar2025 02:22:17.788] [Server thread/INFO] [com.yellowbrossproductions.illageandspillage.IllageAndSpillage/]: Removed entity.illageandspillage.preserver from Raids to prevent a post-mod-removal crash
[23Mar2025 02:22:17.788] [Server thread/INFO] [com.yellowbrossproductions.illageandspillage.IllageAndSpillage/]: Removed entity.illageandspillage.freakager from Raids to prevent a post-mod-removal crash
[23Mar2025 02:22:17.789] [Server thread/INFO] [com.yellowbrossproductions.illageandspillage.IllageAndSpillage/]: Removed entity.illageandspillage.old_freakager from Raids to prevent a post-mod-removal crash
[23Mar2025 02:22:17.789] [Server thread/INFO] [com.yellowbrossproductions.illageandspillage.IllageAndSpillage/]: Removed entity.illageandspillage.old_magispeller from Raids to prevent a post-mod-removal crash
[23Mar2025 02:22:17.789] [Server thread/INFO] [com.yellowbrossproductions.illageandspillage.IllageAndSpillage/]: Removed entity.illageandspillage.boss_randomizer from Raids to prevent a post-mod-removal crash
[23Mar2025 02:22:17.789] [Server thread/INFO] [com.yellowbrossproductions.illageandspillage.IllageAndSpillage/]: Removed entity.illageandspillage.igniter from Raids to prevent a post-mod-removal crash
[23Mar2025 02:22:17.789] [Server thread/INFO] [com.yellowbrossproductions.illageandspillage.IllageAndSpillage/]: Removed entity.illageandspillage.engineer from Raids to prevent a post-mod-removal crash
[23Mar2025 02:22:17.789] [Server thread/INFO] [com.yellowbrossproductions.illageandspillage.IllageAndSpillage/]: Removed entity.illageandspillage.twittollager from Raids to prevent a post-mod-removal crash
[23Mar2025 02:22:17.789] [Server thread/INFO] [com.yellowbrossproductions.illageandspillage.IllageAndSpillage/]: Removed entity.illageandspillage.magispeller from Raids to prevent a post-mod-removal crash
[23Mar2025 02:22:17.789] [Server thread/INFO] [com.yellowbrossproductions.illageandspillage.IllageAndSpillage/]: Removed entity.illageandspillage.spiritcaller from Raids to prevent a post-mod-removal crash
[23Mar2025 02:22:17.789] [Server thread/INFO] [com.yellowbrossproductions.illageandspillage.IllageAndSpillage/]: Removed entity.illageandspillage.crocofang from Raids to prevent a post-mod-removal crash
[23Mar2025 02:22:17.789] [Server thread/INFO] [com.yellowbrossproductions.illageandspillage.IllageAndSpillage/]: Removed entity.illageandspillage.absorber from Raids to prevent a post-mod-removal crash
[23Mar2025 02:22:17.789] [Server thread/INFO] [com.yellowbrossproductions.illageandspillage.IllageAndSpillage/]: Removed entity.illageandspillage.preserver from Raids to prevent a post-mod-removal crash
[23Mar2025 02:22:17.789] [Server thread/INFO] [com.yellowbrossproductions.illageandspillage.IllageAndSpillage/]: Removed entity.illageandspillage.freakager from Raids to prevent a post-mod-removal crash
[23Mar2025 02:22:17.790] [Server thread/INFO] [com.yellowbrossproductions.illageandspillage.IllageAndSpillage/]: Removed entity.illageandspillage.old_freakager from Raids to prevent a post-mod-removal crash
[23Mar2025 02:22:17.790] [Server thread/INFO] [com.yellowbrossproductions.illageandspillage.IllageAndSpillage/]: Removed entity.illageandspillage.old_magispeller from Raids to prevent a post-mod-removal crash
[23Mar2025 02:22:17.790] [Server thread/INFO] [com.yellowbrossproductions.illageandspillage.IllageAndSpillage/]: Removed entity.illageandspillage.boss_randomizer from Raids to prevent a post-mod-removal crash
[23Mar2025 02:22:17.790] [Server thread/INFO] [com.yellowbrossproductions.illageandspillage.IllageAndSpillage/]: Removed entity.illageandspillage.igniter from Raids to prevent a post-mod-removal crash
[23Mar2025 02:22:17.790] [Server thread/INFO] [com.yellowbrossproductions.illageandspillage.IllageAndSpillage/]: Removed entity.illageandspillage.engineer from Raids to prevent a post-mod-removal crash
[23Mar2025 02:22:17.790] [Server thread/INFO] [com.yellowbrossproductions.illageandspillage.IllageAndSpillage/]: Removed entity.illageandspillage.twittollager from Raids to prevent a post-mod-removal crash
[23Mar2025 02:22:17.790] [Server thread/INFO] [com.yellowbrossproductions.illageandspillage.IllageAndSpillage/]: Removed entity.illageandspillage.magispeller from Raids to prevent a post-mod-removal crash
[23Mar2025 02:22:17.790] [Server thread/INFO] [com.yellowbrossproductions.illageandspillage.IllageAndSpillage/]: Removed entity.illageandspillage.spiritcaller from Raids to prevent a post-mod-removal crash
[23Mar2025 02:22:17.790] [Server thread/INFO] [com.yellowbrossproductions.illageandspillage.IllageAndSpillage/]: Removed entity.illageandspillage.crocofang from Raids to prevent a post-mod-removal crash
[23Mar2025 02:22:17.790] [Server thread/INFO] [com.yellowbrossproductions.illageandspillage.IllageAndSpillage/]: Removed entity.illageandspillage.absorber from Raids to prevent a post-mod-removal crash
[23Mar2025 02:22:17.790] [Server thread/INFO] [com.yellowbrossproductions.illageandspillage.IllageAndSpillage/]: Removed entity.illageandspillage.preserver from Raids to prevent a post-mod-removal crash
[23Mar2025 02:22:17.790] [Server thread/INFO] [com.yellowbrossproductions.illageandspillage.IllageAndSpillage/]: Removed entity.illageandspillage.freakager from Raids to prevent a post-mod-removal crash
[23Mar2025 02:22:17.791] [Server thread/INFO] [com.yellowbrossproductions.illageandspillage.IllageAndSpillage/]: Removed entity.illageandspillage.old_freakager from Raids to prevent a post-mod-removal crash
[23Mar2025 02:22:17.791] [Server thread/INFO] [com.yellowbrossproductions.illageandspillage.IllageAndSpillage/]: Removed entity.illageandspillage.old_magispeller from Raids to prevent a post-mod-removal crash
[23Mar2025 02:22:17.791] [Server thread/INFO] [com.yellowbrossproductions.illageandspillage.IllageAndSpillage/]: Removed entity.illageandspillage.boss_randomizer from Raids to prevent a post-mod-removal crash
[23Mar2025 02:22:17.791] [Server thread/INFO] [com.yellowbrossproductions.illageandspillage.IllageAndSpillage/]: Removed entity.illageandspillage.igniter from Raids to prevent a post-mod-removal crash
[23Mar2025 02:22:17.791] [Server thread/INFO] [com.yellowbrossproductions.illageandspillage.IllageAndSpillage/]: Removed entity.illageandspillage.engineer from Raids to prevent a post-mod-removal crash
[23Mar2025 02:22:17.791] [Server thread/INFO] [com.yellowbrossproductions.illageandspillage.IllageAndSpillage/]: Removed entity.illageandspillage.twittollager from Raids to prevent a post-mod-removal crash
[23Mar2025 02:22:17.791] [Server thread/INFO] [com.yellowbrossproductions.illageandspillage.IllageAndSpillage/]: Removed entity.illageandspillage.magispeller from Raids to prevent a post-mod-removal crash
[23Mar2025 02:22:17.791] [Server thread/INFO] [com.yellowbrossproductions.illageandspillage.IllageAndSpillage/]: Removed entity.illageandspillage.spiritcaller from Raids to prevent a post-mod-removal crash
[23Mar2025 02:22:17.791] [Server thread/INFO] [com.yellowbrossproductions.illageandspillage.IllageAndSpillage/]: Removed entity.illageandspillage.crocofang from Raids to prevent a post-mod-removal crash
[23Mar2025 02:22:17.791] [Server thread/INFO] [com.yellowbrossproductions.illageandspillage.IllageAndSpillage/]: Removed entity.illageandspillage.absorber from Raids to prevent a post-mod-removal crash
[23Mar2025 02:22:17.791] [Server thread/INFO] [com.yellowbrossproductions.illageandspillage.IllageAndSpillage/]: Removed entity.illageandspillage.preserver from Raids to prevent a post-mod-removal crash
[23Mar2025 02:22:17.791] [Server thread/INFO] [com.yellowbrossproductions.illageandspillage.IllageAndSpillage/]: Removed entity.illageandspillage.freakager from Raids to prevent a post-mod-removal crash
[23Mar2025 02:22:17.792] [Server thread/INFO] [com.yellowbrossproductions.illageandspillage.IllageAndSpillage/]: Removed entity.illageandspillage.old_freakager from Raids to prevent a post-mod-removal crash
[23Mar2025 02:22:17.792] [Server thread/INFO] [com.yellowbrossproductions.illageandspillage.IllageAndSpillage/]: Removed entity.illageandspillage.old_magispeller from Raids to prevent a post-mod-removal crash
[23Mar2025 02:22:17.792] [Server thread/INFO] [com.yellowbrossproductions.illageandspillage.IllageAndSpillage/]: Removed entity.illageandspillage.boss_randomizer from Raids to prevent a post-mod-removal crash
[23Mar2025 02:22:17.792] [Server thread/INFO] [com.yellowbrossproductions.illageandspillage.IllageAndSpillage/]: Removed entity.illageandspillage.igniter from Raids to prevent a post-mod-removal crash
[23Mar2025 02:22:17.792] [Server thread/INFO] [com.yellowbrossproductions.illageandspillage.IllageAndSpillage/]: Removed entity.illageandspillage.engineer from Raids to prevent a post-mod-removal crash
[23Mar2025 02:22:17.792] [Server thread/INFO] [com.yellowbrossproductions.illageandspillage.IllageAndSpillage/]: Removed entity.illageandspillage.twittollager from Raids to prevent a post-mod-removal crash
[23Mar2025 02:22:17.792] [Server thread/INFO] [com.yellowbrossproductions.illageandspillage.IllageAndSpillage/]: Removed entity.illageandspillage.magispeller from Raids to prevent a post-mod-removal crash
[23Mar2025 02:22:17.792] [Server thread/INFO] [com.yellowbrossproductions.illageandspillage.IllageAndSpillage/]: Removed entity.illageandspillage.spiritcaller from Raids to prevent a post-mod-removal crash
[23Mar2025 02:22:17.792] [Server thread/INFO] [com.yellowbrossproductions.illageandspillage.IllageAndSpillage/]: Removed entity.illageandspillage.crocofang from Raids to prevent a post-mod-removal crash
[23Mar2025 02:22:17.792] [Server thread/INFO] [com.yellowbrossproductions.illageandspillage.IllageAndSpillage/]: Removed entity.illageandspillage.absorber from Raids to prevent a post-mod-removal crash
[23Mar2025 02:22:17.792] [Server thread/INFO] [com.yellowbrossproductions.illageandspillage.IllageAndSpillage/]: Removed entity.illageandspillage.preserver from Raids to prevent a post-mod-removal crash
[23Mar2025 02:22:17.793] [Server thread/INFO] [com.yellowbrossproductions.illageandspillage.IllageAndSpillage/]: Removed entity.illageandspillage.freakager from Raids to prevent a post-mod-removal crash
[23Mar2025 02:22:17.793] [Server thread/INFO] [com.yellowbrossproductions.illageandspillage.IllageAndSpillage/]: Removed entity.illageandspillage.old_freakager from Raids to prevent a post-mod-removal crash
[23Mar2025 02:22:17.793] [Server thread/INFO] [com.yellowbrossproductions.illageandspillage.IllageAndSpillage/]: Removed entity.illageandspillage.old_magispeller from Raids to prevent a post-mod-removal crash
[23Mar2025 02:22:17.795] [Server thread/INFO] [com.yellowbrossproductions.illageandspillage.IllageAndSpillage/]: Removed entity.illageandspillage.boss_randomizer from Raids to prevent a post-mod-removal crash
[23Mar2025 02:22:17.795] [Server thread/INFO] [com.yellowbrossproductions.illageandspillage.IllageAndSpillage/]: Removed entity.illageandspillage.igniter from Raids to prevent a post-mod-removal crash
[23Mar2025 02:22:17.795] [Server thread/INFO] [com.yellowbrossproductions.illageandspillage.IllageAndSpillage/]: Removed entity.illageandspillage.engineer from Raids to prevent a post-mod-removal crash
[23Mar2025 02:22:17.795] [Server thread/INFO] [com.yellowbrossproductions.illageandspillage.IllageAndSpillage/]: Removed entity.illageandspillage.twittollager from Raids to prevent a post-mod-removal crash
[23Mar2025 02:22:17.795] [Server thread/INFO] [com.yellowbrossproductions.illageandspillage.IllageAndSpillage/]: Removed entity.illageandspillage.magispeller from Raids to prevent a post-mod-removal crash
[23Mar2025 02:22:17.795] [Server thread/INFO] [com.yellowbrossproductions.illageandspillage.IllageAndSpillage/]: Removed entity.illageandspillage.spiritcaller from Raids to prevent a post-mod-removal crash
[23Mar2025 02:22:17.795] [Server thread/INFO] [com.yellowbrossproductions.illageandspillage.IllageAndSpillage/]: Removed entity.illageandspillage.crocofang from Raids to prevent a post-mod-removal crash
[23Mar2025 02:22:17.795] [Server thread/INFO] [com.yellowbrossproductions.illageandspillage.IllageAndSpillage/]: Removed entity.illageandspillage.absorber from Raids to prevent a post-mod-removal crash
[23Mar2025 02:22:17.796] [Server thread/INFO] [com.yellowbrossproductions.illageandspillage.IllageAndSpillage/]: Removed entity.illageandspillage.preserver from Raids to prevent a post-mod-removal crash
[23Mar2025 02:22:17.796] [Server thread/INFO] [com.yellowbrossproductions.illageandspillage.IllageAndSpillage/]: Removed entity.illageandspillage.freakager from Raids to prevent a post-mod-removal crash
[23Mar2025 02:22:17.796] [Server thread/INFO] [com.yellowbrossproductions.illageandspillage.IllageAndSpillage/]: Removed entity.illageandspillage.old_freakager from Raids to prevent a post-mod-removal crash
[23Mar2025 02:22:17.796] [Server thread/INFO] [com.yellowbrossproductions.illageandspillage.IllageAndSpillage/]: Removed entity.illageandspillage.old_magispeller from Raids to prevent a post-mod-removal crash
[23Mar2025 02:22:17.797] [Server thread/INFO] [com.yellowbrossproductions.illageandspillage.IllageAndSpillage/]: Removed entity.illageandspillage.boss_randomizer from Raids to prevent a post-mod-removal crash
[23Mar2025 02:22:17.797] [Server thread/INFO] [com.yellowbrossproductions.illageandspillage.IllageAndSpillage/]: Removed entity.illageandspillage.igniter from Raids to prevent a post-mod-removal crash
[23Mar2025 02:22:17.797] [Server thread/INFO] [com.yellowbrossproductions.illageandspillage.IllageAndSpillage/]: Removed entity.illageandspillage.engineer from Raids to prevent a post-mod-removal crash
[23Mar2025 02:22:17.797] [Server thread/INFO] [com.yellowbrossproductions.illageandspillage.IllageAndSpillage/]: Removed entity.illageandspillage.twittollager from Raids to prevent a post-mod-removal crash
[23Mar2025 02:22:17.798] [Server thread/INFO] [com.yellowbrossproductions.illageandspillage.IllageAndSpillage/]: Removed entity.illageandspillage.magispeller from Raids to prevent a post-mod-removal crash
[23Mar2025 02:22:17.798] [Server thread/INFO] [com.yellowbrossproductions.illageandspillage.IllageAndSpillage/]: Removed entity.illageandspillage.spiritcaller from Raids to prevent a post-mod-removal crash
[23Mar2025 02:22:17.798] [Server thread/INFO] [com.yellowbrossproductions.illageandspillage.IllageAndSpillage/]: Removed entity.illageandspillage.crocofang from Raids to prevent a post-mod-removal crash
[23Mar2025 02:22:17.798] [Server thread/INFO] [com.yellowbrossproductions.illageandspillage.IllageAndSpillage/]: Removed entity.illageandspillage.absorber from Raids to prevent a post-mod-removal crash
[23Mar2025 02:22:17.798] [Server thread/INFO] [com.yellowbrossproductions.illageandspillage.IllageAndSpillage/]: Removed entity.illageandspillage.preserver from Raids to prevent a post-mod-removal crash
[23Mar2025 02:22:17.798] [Server thread/INFO] [com.yellowbrossproductions.illageandspillage.IllageAndSpillage/]: Removed entity.illageandspillage.freakager from Raids to prevent a post-mod-removal crash
[23Mar2025 02:22:17.798] [Server thread/INFO] [com.yellowbrossproductions.illageandspillage.IllageAndSpillage/]: Removed entity.illageandspillage.old_freakager from Raids to prevent a post-mod-removal crash
[23Mar2025 02:22:17.798] [Server thread/INFO] [com.yellowbrossproductions.illageandspillage.IllageAndSpillage/]: Removed entity.illageandspillage.old_magispeller from Raids to prevent a post-mod-removal crash
[23Mar2025 02:22:17.799] [Server thread/INFO] [com.yellowbrossproductions.illageandspillage.IllageAndSpillage/]: Removed entity.illageandspillage.boss_randomizer from Raids to prevent a post-mod-removal crash
[23Mar2025 02:22:17.799] [Server thread/INFO] [com.yellowbrossproductions.illageandspillage.IllageAndSpillage/]: Removed entity.illageandspillage.igniter from Raids to prevent a post-mod-removal crash
[23Mar2025 02:22:17.799] [Server thread/INFO] [com.yellowbrossproductions.illageandspillage.IllageAndSpillage/]: Removed entity.illageandspillage.engineer from Raids to prevent a post-mod-removal crash
[23Mar2025 02:22:17.799] [Server thread/INFO] [com.yellowbrossproductions.illageandspillage.IllageAndSpillage/]: Removed entity.illageandspillage.twittollager from Raids to prevent a post-mod-removal crash
[23Mar2025 02:22:17.799] [Server thread/INFO] [com.yellowbrossproductions.illageandspillage.IllageAndSpillage/]: Removed entity.illageandspillage.magispeller from Raids to prevent a post-mod-removal crash
[23Mar2025 02:22:17.799] [Server thread/INFO] [com.yellowbrossproductions.illageandspillage.IllageAndSpillage/]: Removed entity.illageandspillage.spiritcaller from Raids to prevent a post-mod-removal crash
[23Mar2025 02:22:17.799] [Server thread/INFO] [com.yellowbrossproductions.illageandspillage.IllageAndSpillage/]: Removed entity.illageandspillage.crocofang from Raids to prevent a post-mod-removal crash
[23Mar2025 02:22:17.800] [Server thread/INFO] [com.yellowbrossproductions.illageandspillage.IllageAndSpillage/]: Removed entity.illageandspillage.absorber from Raids to prevent a post-mod-removal crash
[23Mar2025 02:22:17.800] [Server thread/INFO] [com.yellowbrossproductions.illageandspillage.IllageAndSpillage/]: Removed entity.illageandspillage.preserver from Raids to prevent a post-mod-removal crash
[23Mar2025 02:22:17.800] [Server thread/INFO] [com.yellowbrossproductions.illageandspillage.IllageAndSpillage/]: Removed entity.illageandspillage.freakager from Raids to prevent a post-mod-removal crash
[23Mar2025 02:22:17.800] [Server thread/INFO] [com.yellowbrossproductions.illageandspillage.IllageAndSpillage/]: Removed entity.illageandspillage.old_freakager from Raids to prevent a post-mod-removal crash
[23Mar2025 02:22:17.800] [Server thread/INFO] [com.yellowbrossproductions.illageandspillage.IllageAndSpillage/]: Removed entity.illageandspillage.old_magispeller from Raids to prevent a post-mod-removal crash
[23Mar2025 02:22:17.801] [Server thread/INFO] [com.yellowbrossproductions.illageandspillage.IllageAndSpillage/]: Removed entity.illageandspillage.boss_randomizer from Raids to prevent a post-mod-removal crash
[23Mar2025 02:22:17.801] [Server thread/INFO] [com.yellowbrossproductions.illageandspillage.IllageAndSpillage/]: Removed entity.illageandspillage.igniter from Raids to prevent a post-mod-removal crash
[23Mar2025 02:22:17.801] [Server thread/INFO] [com.yellowbrossproductions.illageandspillage.IllageAndSpillage/]: Removed entity.illageandspillage.engineer from Raids to prevent a post-mod-removal crash
[23Mar2025 02:22:17.802] [Server thread/INFO] [com.yellowbrossproductions.illageandspillage.IllageAndSpillage/]: Removed entity.illageandspillage.twittollager from Raids to prevent a post-mod-removal crash
[23Mar2025 02:22:17.802] [Server thread/INFO] [com.yellowbrossproductions.illageandspillage.IllageAndSpillage/]: Removed entity.illageandspillage.magispeller from Raids to prevent a post-mod-removal crash
[23Mar2025 02:22:17.802] [Server thread/INFO] [com.yellowbrossproductions.illageandspillage.IllageAndSpillage/]: Removed entity.illageandspillage.spiritcaller from Raids to prevent a post-mod-removal crash
[23Mar2025 02:22:17.802] [Server thread/INFO] [com.yellowbrossproductions.illageandspillage.IllageAndSpillage/]: Removed entity.illageandspillage.crocofang from Raids to prevent a post-mod-removal crash
[23Mar2025 02:22:17.802] [Server thread/INFO] [com.yellowbrossproductions.illageandspillage.IllageAndSpillage/]: Removed entity.illageandspillage.absorber from Raids to prevent a post-mod-removal crash
[23Mar2025 02:22:17.802] [Server thread/INFO] [com.yellowbrossproductions.illageandspillage.IllageAndSpillage/]: Removed entity.illageandspillage.preserver from Raids to prevent a post-mod-removal crash
[23Mar2025 02:22:17.802] [Server thread/INFO] [com.yellowbrossproductions.illageandspillage.IllageAndSpillage/]: Removed entity.illageandspillage.freakager from Raids to prevent a post-mod-removal crash
[23Mar2025 02:22:17.802] [Server thread/INFO] [com.yellowbrossproductions.illageandspillage.IllageAndSpillage/]: Removed entity.illageandspillage.old_freakager from Raids to prevent a post-mod-removal crash
[23Mar2025 02:22:17.803] [Server thread/INFO] [com.yellowbrossproductions.illageandspillage.IllageAndSpillage/]: Removed entity.illageandspillage.old_magispeller from Raids to prevent a post-mod-removal crash
[23Mar2025 02:22:17.803] [Server thread/INFO] [com.yellowbrossproductions.illageandspillage.IllageAndSpillage/]: Removed entity.illageandspillage.boss_randomizer from Raids to prevent a post-mod-removal crash
[23Mar2025 02:22:17.803] [Server thread/INFO] [com.yellowbrossproductions.illageandspillage.IllageAndSpillage/]: Removed entity.illageandspillage.igniter from Raids to prevent a post-mod-removal crash
[23Mar2025 02:22:17.803] [Server thread/INFO] [com.yellowbrossproductions.illageandspillage.IllageAndSpillage/]: Removed entity.illageandspillage.engineer from Raids to prevent a post-mod-removal crash
[23Mar2025 02:22:17.804] [Server thread/INFO] [com.yellowbrossproductions.illageandspillage.IllageAndSpillage/]: Removed entity.illageandspillage.twittollager from Raids to prevent a post-mod-removal crash
[23Mar2025 02:22:17.804] [Server thread/INFO] [com.yellowbrossproductions.illageandspillage.IllageAndSpillage/]: Removed entity.illageandspillage.magispeller from Raids to prevent a post-mod-removal crash
[23Mar2025 02:22:17.804] [Server thread/INFO] [com.yellowbrossproductions.illageandspillage.IllageAndSpillage/]: Removed entity.illageandspillage.spiritcaller from Raids to prevent a post-mod-removal crash
[23Mar2025 02:22:17.804] [Server thread/INFO] [com.yellowbrossproductions.illageandspillage.IllageAndSpillage/]: Removed entity.illageandspillage.crocofang from Raids to prevent a post-mod-removal crash
[23Mar2025 02:22:17.804] [Server thread/INFO] [com.yellowbrossproductions.illageandspillage.IllageAndSpillage/]: Removed entity.illageandspillage.absorber from Raids to prevent a post-mod-removal crash
[23Mar2025 02:22:17.804] [Server thread/INFO] [com.yellowbrossproductions.illageandspillage.IllageAndSpillage/]: Removed entity.illageandspillage.preserver from Raids to prevent a post-mod-removal crash
[23Mar2025 02:22:17.804] [Server thread/INFO] [com.yellowbrossproductions.illageandspillage.IllageAndSpillage/]: Removed entity.illageandspillage.freakager from Raids to prevent a post-mod-removal crash
[23Mar2025 02:22:17.804] [Server thread/INFO] [com.yellowbrossproductions.illageandspillage.IllageAndSpillage/]: Removed entity.illageandspillage.old_freakager from Raids to prevent a post-mod-removal crash
[23Mar2025 02:22:17.805] [Server thread/INFO] [com.yellowbrossproductions.illageandspillage.IllageAndSpillage/]: Removed entity.illageandspillage.old_magispeller from Raids to prevent a post-mod-removal crash
[23Mar2025 02:22:17.805] [Server thread/INFO] [com.yellowbrossproductions.illageandspillage.IllageAndSpillage/]: Removed entity.illageandspillage.boss_randomizer from Raids to prevent a post-mod-removal crash
[23Mar2025 02:22:17.805] [Server thread/INFO] [com.yellowbrossproductions.illageandspillage.IllageAndSpillage/]: Removed entity.illageandspillage.igniter from Raids to prevent a post-mod-removal crash
[23Mar2025 02:22:17.805] [Server thread/INFO] [com.yellowbrossproductions.illageandspillage.IllageAndSpillage/]: Removed entity.illageandspillage.engineer from Raids to prevent a post-mod-removal crash
[23Mar2025 02:22:17.805] [Server thread/INFO] [com.yellowbrossproductions.illageandspillage.IllageAndSpillage/]: Removed entity.illageandspillage.twittollager from Raids to prevent a post-mod-removal crash
[23Mar2025 02:22:17.805] [Server thread/INFO] [com.yellowbrossproductions.illageandspillage.IllageAndSpillage/]: Removed entity.illageandspillage.magispeller from Raids to prevent a post-mod-removal crash
[23Mar2025 02:22:17.806] [Server thread/INFO] [com.yellowbrossproductions.illageandspillage.IllageAndSpillage/]: Removed entity.illageandspillage.spiritcaller from Raids to prevent a post-mod-removal crash
[23Mar2025 02:22:17.806] [Server thread/INFO] [com.yellowbrossproductions.illageandspillage.IllageAndSpillage/]: Removed entity.illageandspillage.crocofang from Raids to prevent a post-mod-removal crash
[23Mar2025 02:22:17.806] [Server thread/INFO] [com.yellowbrossproductions.illageandspillage.IllageAndSpillage/]: Removed entity.illageandspillage.absorber from Raids to prevent a post-mod-removal crash
[23Mar2025 02:22:17.806] [Server thread/INFO] [com.yellowbrossproductions.illageandspillage.IllageAndSpillage/]: Removed entity.illageandspillage.preserver from Raids to prevent a post-mod-removal crash
[23Mar2025 02:22:17.806] [Server thread/INFO] [com.yellowbrossproductions.illageandspillage.IllageAndSpillage/]: Removed entity.illageandspillage.freakager from Raids to prevent a post-mod-removal crash
[23Mar2025 02:22:17.806] [Server thread/INFO] [com.yellowbrossproductions.illageandspillage.IllageAndSpillage/]: Removed entity.illageandspillage.old_freakager from Raids to prevent a post-mod-removal crash
[23Mar2025 02:22:17.806] [Server thread/INFO] [com.yellowbrossproductions.illageandspillage.IllageAndSpillage/]: Removed entity.illageandspillage.old_magispeller from Raids to prevent a post-mod-removal crash
[23Mar2025 02:22:17.812] [Server thread/INFO] [Framework/]: Unloading server configs...
[23Mar2025 02:22:17.814] [Server thread/INFO] [Framework/]: Sending config unload event for goblintraders-entities.toml
[23Mar2025 02:22:17.816] [Server thread/INFO] [Framework/]: Finished unloading server configs
